# File generated by ImageToStl.com - Free Image and 3D model conversion tools

mtllib low_poly_viking_ship.mtl

o obj1
v 0.0827055 -0.32163903 0.70524
v 0.0797243 -0.28122604 0.75275599
v 0.0469123 -0.29294903 0.83425401
v 0.0564021 -0.31554205 0.77585696
v 0.101398 -0.32079503 0.614233
v 0.108232 -0.26999104 0.65161698
v 0.0569967 -0.23148503 0.81643402
v 0.0981289 -0.18763103 0.69629597
v 0.0234754 -0.25150005 0.89689599
v 0.112431 -0.32051703 0.54536001
v 0.125707 -0.26755604 0.56584399
v 0.118776 -0.31985601 0.44130699
v 0.135628 -0.26855301 0.44659798
v 0.120329 -0.19693802 0.59280901
v 0.134286 -0.20015002 0.45326998
v 0.0342018 -0.19003704 0.88138597
v 0.00809035 -0.20592004 0.94502597
v 0.0662659 -0.16887104 0.796476
v 0.0157781 -0.15038104 0.934453
v 0.0361285 -0.14852104 0.87786799
v -0.0007668 -0.15177104 0.97686999
v 0.00614428 -0.10597004 0.96250999
v -0.00460117 -0.08461305 0.990664
v 0.0191331 -0.13444905 0.92494398
v -0.00500377 -0.05620104 0.98877501
v 0.00029692 -0.07089595 0.974128
v 0.0328982 -0.32369003 0.78185801
v 0.0462509 -0.33511603 0.68880998
v -0.0124041 -0.32369003 0.78114902
v -0.0109374 -0.33511603 0.68790798
v 0.0560474 -0.33773303 0.60109101
v -0.00955704 -0.33773303 0.60005598
v 0.0617799 -0.33816501 0.53779601
v -0.00856023 -0.33816501 0.53668498
v 0.0654896 -0.33695703 0.43879499
v -0.00699774 -0.33695703 0.43764497
v -0.00984445 -0.03161374 0.99506301
v -0.0108511 -0.07749095 1
v -0.0157781 -0.03161374 0.99496698
v -0.0158549 -0.07749095 0.99992299
v -0.0157112 -0.15223104 0.99086499
v -0.00964333 -0.15223104 0.99096101
v -0.00609674 -0.21121104 0.96615302
v -0.0153181 -0.21121104 0.96600901
v 0.00191718 -0.25817205 0.92355399
v -0.0146471 -0.25817205 0.92329501
v 0.0165255 -0.29685003 0.861113
v -0.0136598 -0.29685003 0.860633
v 0.123425 -0.31789101 0.24478099
v 0.14148501 -0.26762302 0.24502999
v 0.12726 -0.31657699 0.00200347
v 0.14531 -0.26667401 0.00229089
v 0.14531 -0.20015 0.00229089
v 0.141495 -0.20061001 0.244982
v -0.00393017 -0.334637 0.24278699
v 0.0692856 -0.334637 0.24393699
v -0.00011519 -0.33320901 -1E-08
v 0.0731006 -0.33320901 0.00115988
v 0.0731485 -0.29294895 -0.83234603
v 0.103382 -0.28122598 -0.74986101
v 0.104867 -0.32163897 -0.70228703
v 0.0807883 -0.31554198 -0.77369101
v 0.0516956 -0.25149997 -0.89569802
v 0.0826766 -0.23148496 -0.81423904
v 0.12869699 -0.26999098 -0.64787902
v 0.120003 -0.18763097 -0.69286401
v 0.120684 -0.32079497 -0.610725
v 0.14346001 -0.26755599 -0.56160701
v 0.12953199 -0.32051698 -0.54153503
v 0.138926 -0.19693797 -0.58871598
v 0.14962301 -0.26855297 -0.442102
v 0.14848299 -0.20014998 -0.44881202
v 0.132599 -0.31985597 -0.43734802
v 0.0378347 -0.20591995 -0.94429702
v 0.0619236 -0.19003696 -0.87986202
v 0.0299839 -0.15177095 -0.97640998
v 0.0451773 -0.15038096 -0.93348498
v 0.0913038 -0.16887097 -0.79399402
v 0.063745 -0.14852097 -0.87628699
v 0.0265908 -0.08461296 -0.99029899
v 0.0364448 -0.10596996 -0.96183002
v 0.026121 -0.05620096 -0.98843998
v 0.0309521 -0.07089586 -0.97363901
v 0.0482353 -0.13444896 -0.92387999
v 0.0679052 -0.33511597 -0.68700702
v 0.0574951 -0.32368996 -0.78042002
v 0.074941 -0.33773297 -0.59902002
v 0.0107169 -0.33511597 -0.68791802
v 0.00933654 -0.33773297 -0.60005601
v 0.0121931 -0.32368996 -0.78113903
v 0.0786697 -0.33816496 -0.53558202
v 0.0792738 -0.33695699 -0.43650402
v 0.00833937 -0.33816496 -0.536685
v 0.00677688 -0.33695699 -0.437645
v 0.0206477 -0.07749086 -0.99983698
v 0.0214913 -0.03161366 -0.99487198
v 0.0215487 -0.15223095 -0.99075902
v 0.0154903 -0.15223095 -0.990865
v 0.0156245 -0.07749086 -0.99992299
v 0.0155576 -0.03161366 -0.99496699
v 0.024319 -0.21121095 -0.96585602
v 0.031 -0.25817197 -0.92302699
v 0.0151071 -0.21121095 -0.96600903
v 0.0144266 -0.25817197 -0.92328603
v 0.0436148 -0.29684996 -0.86015399
v 0.0134389 -0.29684996 -0.86062403
v 0.14912499 -0.267623 -0.24043801
v 0.13107499 -0.31789099 -0.24075502
v 0.14912499 -0.20060999 -0.24039001
v 0.00371919 -0.33463698 -0.24278702
v 0.0769156 -0.33463698 -0.24162701
v 0.158308 -0.19150298 -0.56502003
v 0.154963 -0.19150298 -0.56506801
v 0.15490501 -0.17008898 -0.56129999
v 0.15825 -0.17008898 -0.56124301
v 0.154733 -0.15125298 -0.55042101
v 0.158078 -0.15125298 -0.55037302
v 0.15447401 -0.13727698 -0.53377098
v 0.15781 -0.13727698 -0.533723
v 0.154148 -0.12984798 -0.51334298
v 0.157493 -0.12984798 -0.513286
v 0.15380301 -0.12984798 -0.49159301
v 0.157158 -0.12984798 -0.491536
v 0.157158 -0.12984798 -0.491536
v 0.15380301 -0.12984798 -0.49159301
v 0.153486 -0.13727699 -0.47116602
v 0.15683199 -0.13727699 -0.47110901
v 0.153218 -0.15125298 -0.454516
v 0.156563 -0.15125298 -0.454458
v 0.153045 -0.17008899 -0.44364602
v 0.15639099 -0.17008899 -0.44357801
v 0.152988 -0.19150298 -0.43985901
v 0.156333 -0.19150298 -0.439811
v 0.153045 -0.21291798 -0.44364602
v 0.15639099 -0.21291798 -0.44357801
v 0.153218 -0.23175399 -0.454516
v 0.156563 -0.23175399 -0.45445801
v 0.153486 -0.24572998 -0.47116603
v 0.15683199 -0.24572998 -0.47110901
v 0.15380301 -0.25316797 -0.49159301
v 0.157158 -0.25316797 -0.491536
v 0.154148 -0.25316796 -0.51334299
v 0.157493 -0.25316796 -0.51328601
v 0.15447401 -0.24572997 -0.53377099
v 0.15781 -0.24572997 -0.53372301
v 0.154733 -0.23175398 -0.55042101
v 0.158078 -0.23175398 -0.55037303
v 0.15490501 -0.21291797 -0.56129999
v 0.15825 -0.21291797 -0.56124301
v 0.15447401 -0.24572997 -0.53377099
v 0.154148 -0.25316796 -0.51334299
v 0.154963 -0.19150298 -0.56506801
v 0.154733 -0.23175398 -0.55042101
v 0.153045 -0.21291798 -0.44364602
v 0.154733 -0.15125298 -0.55042101
v 0.15380301 -0.25316797 -0.49159301
v 0.153486 -0.24572998 -0.47116603
v 0.153218 -0.23175399 -0.454516
v 0.153045 -0.17008899 -0.44364602
v 0.153486 -0.13727699 -0.47116602
v 0.152988 -0.19150298 -0.43985901
v 0.153218 -0.15125298 -0.454516
v 0.15380301 -0.12984798 -0.49159301
v 0.154148 -0.12984798 -0.51334298
v 0.15447401 -0.13727698 -0.53377098
v 0.15490501 -0.17008898 -0.56129999
v 0.15490501 -0.21291797 -0.56129999
v 0.158078 -0.15125298 -0.55037302
v 0.15781 -0.13727698 -0.533723
v 0.15825 -0.21291797 -0.56124301
v 0.15825 -0.17008898 -0.56124301
v 0.156563 -0.15125298 -0.454458
v 0.15781 -0.24572997 -0.53372301
v 0.157493 -0.12984798 -0.513286
v 0.157158 -0.12984798 -0.491536
v 0.15683199 -0.13727699 -0.47110901
v 0.156333 -0.19150298 -0.439811
v 0.156563 -0.23175399 -0.45445801
v 0.15639099 -0.17008899 -0.44357801
v 0.15639099 -0.21291798 -0.44357801
v 0.15683199 -0.24572998 -0.47110901
v 0.157158 -0.25316797 -0.491536
v 0.157493 -0.25316796 -0.51328601
v 0.158078 -0.23175398 -0.55037303
v 0.158308 -0.19150298 -0.56502003
v 0.15557601 -0.20175998 -0.391787
v 0.15223099 -0.20175998 -0.39184401
v 0.152173 -0.18034498 -0.388068
v 0.15552799 -0.18034498 -0.38802002
v 0.15200099 -0.16150999 -0.37719802
v 0.155356 -0.16150999 -0.37713999
v 0.151742 -0.14753398 -0.36053801
v 0.15508699 -0.14753398 -0.36048002
v 0.151425 -0.14009498 -0.34010101
v 0.154771 -0.14009498 -0.340062
v 0.15108 -0.14009498 -0.31836102
v 0.15442599 -0.14009498 -0.31831301
v 0.15442599 -0.14009498 -0.31831301
v 0.15108 -0.14009498 -0.31836102
v 0.150754 -0.14753398 -0.29793302
v 0.154109 -0.14753398 -0.29787601
v 0.15049601 -0.16150999 -0.28127301
v 0.153851 -0.16150999 -0.281225
v 0.150323 -0.18034499 -0.27040301
v 0.153668 -0.18034499 -0.27035499
v 0.15026601 -0.20175998 -0.26663602
v 0.153611 -0.20175998 -0.266578
v 0.150323 -0.22317399 -0.27040301
v 0.153668 -0.22317399 -0.270355
v 0.15049601 -0.24200098 -0.28127302
v 0.153851 -0.24200098 -0.28122501
v 0.150754 -0.25598599 -0.29793302
v 0.154109 -0.25598599 -0.29787601
v 0.15108 -0.26342498 -0.31836103
v 0.15442599 -0.26342498 -0.31831301
v 0.151425 -0.26342498 -0.34010102
v 0.154771 -0.26342498 -0.340062
v 0.151742 -0.25598599 -0.36053802
v 0.15508699 -0.25598599 -0.36048002
v 0.15200099 -0.24200098 -0.37719802
v 0.155356 -0.24200098 -0.37714
v 0.152173 -0.22317399 -0.388068
v 0.15552799 -0.22317399 -0.38802002
v 0.151742 -0.25598599 -0.36053802
v 0.151425 -0.26342498 -0.34010102
v 0.15223099 -0.20175998 -0.39184401
v 0.15200099 -0.24200098 -0.37719802
v 0.150323 -0.22317399 -0.27040301
v 0.15200099 -0.16150999 -0.37719802
v 0.15108 -0.26342498 -0.31836103
v 0.150754 -0.25598599 -0.29793302
v 0.15049601 -0.24200098 -0.28127302
v 0.150323 -0.18034499 -0.27040301
v 0.150754 -0.14753398 -0.29793302
v 0.15026601 -0.20175998 -0.26663602
v 0.15049601 -0.16150999 -0.28127301
v 0.15108 -0.14009498 -0.31836102
v 0.151425 -0.14009498 -0.34010101
v 0.151742 -0.14753398 -0.36053801
v 0.152173 -0.18034498 -0.388068
v 0.152173 -0.22317399 -0.388068
v 0.155356 -0.16150999 -0.37713999
v 0.15508699 -0.14753398 -0.36048002
v 0.15552799 -0.22317399 -0.38802002
v 0.15552799 -0.18034498 -0.38802002
v 0.153851 -0.16150999 -0.281225
v 0.15508699 -0.25598599 -0.36048002
v 0.154771 -0.14009498 -0.340062
v 0.15442599 -0.14009498 -0.31831301
v 0.154109 -0.14753398 -0.29787601
v 0.153611 -0.20175998 -0.266578
v 0.153851 -0.24200098 -0.28122501
v 0.153668 -0.18034499 -0.27035499
v 0.153668 -0.22317399 -0.270355
v 0.154109 -0.25598599 -0.29787601
v 0.15442599 -0.26342498 -0.31831301
v 0.154771 -0.26342498 -0.340062
v 0.155356 -0.24200098 -0.37714
v 0.15557601 -0.20175998 -0.391787
v 0.15294001 -0.20175998 -0.22414201
v 0.14959501 -0.20175998 -0.22418101
v 0.149537 -0.18034499 -0.22041401
v 0.15288199 -0.18034499 -0.22035601
v 0.14936499 -0.16151 -0.20954401
v 0.15271001 -0.16151 -0.209486
v 0.149106 -0.14753399 -0.192893
v 0.15245099 -0.14753399 -0.19283601
v 0.14878 -0.14009499 -0.172456
v 0.152125 -0.14009499 -0.17239901
v 0.148444 -0.14009499 -0.15071601
v 0.15177999 -0.14009499 -0.150659
v 0.148118 -0.14753399 -0.13027901
v 0.151464 -0.14753399 -0.130231
v 0.14785901 -0.16151 -0.11362901
v 0.151195 -0.16151 -0.11357101
v 0.151195 -0.16151 -0.11357101
v 0.14785901 -0.16151 -0.11362901
v 0.147687 -0.18034499 -0.10275901
v 0.151023 -0.18034499 -0.10270101
v 0.14762001 -0.20175999 -0.09898201
v 0.15096501 -0.20175999 -0.09892461
v 0.147687 -0.223174 -0.10275901
v 0.151023 -0.223174 -0.10270101
v 0.14785901 -0.24200099 -0.11362901
v 0.151195 -0.24200099 -0.11357101
v 0.148118 -0.255986 -0.13027902
v 0.151464 -0.255986 -0.130231
v 0.148444 -0.26342499 -0.15071602
v 0.15177999 -0.26342499 -0.15065901
v 0.14878 -0.26342499 -0.17245601
v 0.152125 -0.26342499 -0.17239901
v 0.149106 -0.255986 -0.19289301
v 0.15245099 -0.255986 -0.19283601
v 0.14936499 -0.24200099 -0.20954401
v 0.15271001 -0.24200099 -0.209486
v 0.149537 -0.223174 -0.22041401
v 0.15288199 -0.223174 -0.22035601
v 0.149106 -0.255986 -0.19289301
v 0.14878 -0.26342499 -0.17245601
v 0.14959501 -0.20175998 -0.22418101
v 0.14936499 -0.24200099 -0.20954401
v 0.147687 -0.223174 -0.10275901
v 0.14936499 -0.16151 -0.20954401
v 0.148444 -0.26342499 -0.15071602
v 0.148118 -0.255986 -0.13027902
v 0.14785901 -0.24200099 -0.11362901
v 0.147687 -0.18034499 -0.10275901
v 0.148118 -0.14753399 -0.13027901
v 0.14762001 -0.20175999 -0.09898201
v 0.14785901 -0.16151 -0.11362901
v 0.148444 -0.14009499 -0.15071601
v 0.14878 -0.14009499 -0.172456
v 0.149106 -0.14753399 -0.192893
v 0.149537 -0.18034499 -0.22041401
v 0.149537 -0.223174 -0.22041401
v 0.15271001 -0.16151 -0.209486
v 0.15245099 -0.14753399 -0.19283601
v 0.15288199 -0.223174 -0.22035601
v 0.15288199 -0.18034499 -0.22035601
v 0.151195 -0.16151 -0.11357101
v 0.15245099 -0.255986 -0.19283601
v 0.152125 -0.14009499 -0.17239901
v 0.15177999 -0.14009499 -0.150659
v 0.151464 -0.14753399 -0.130231
v 0.15096501 -0.20175999 -0.09892461
v 0.151195 -0.24200099 -0.11357101
v 0.151023 -0.18034499 -0.10270101
v 0.151023 -0.223174 -0.10270101
v 0.151464 -0.255986 -0.130231
v 0.15177999 -0.26342499 -0.15065901
v 0.152125 -0.26342499 -0.17239901
v 0.15271001 -0.24200099 -0.209486
v 0.15294001 -0.20175998 -0.22414201
v 0.150361 -0.20175999 -0.06025581
v 0.147016 -0.20175999 -0.06031331
v 0.14695799 -0.180345 -0.05654621
v 0.150304 -0.180345 -0.05647891
v 0.146786 -0.16151 -0.04566621
v 0.150131 -0.16151 -0.04560871
v 0.14651699 -0.147534 -0.02901591
v 0.149872 -0.147534 -0.02895851
v 0.146201 -0.140095 -0.00857926
v 0.149547 -0.140095 -0.00853136
v 0.14585599 -0.140095 0.01316099
v 0.14920101 -0.140095 0.01321879
v 0.14554 -0.147534 0.03358819
v 0.148885 -0.147534 0.03365549
v 0.145271 -0.16151001 0.05024829
v 0.148626 -0.16151001 0.05030569
v 0.148626 -0.16151001 0.05030569
v 0.145271 -0.16151001 0.05024829
v 0.145099 -0.180345 0.06111849
v 0.148454 -0.180345 0.06117589
v 0.145041 -0.20176 0.06489539
v 0.148387 -0.20176 0.06495279
v 0.145099 -0.22317401 0.06111849
v 0.148454 -0.22317401 0.06117589
v 0.145271 -0.242001 0.05024829
v 0.148626 -0.242001 0.05030569
v 0.14554 -0.25598601 0.03358819
v 0.148885 -0.25598601 0.03365549
v 0.14585599 -0.26342499 0.01316099
v 0.14920101 -0.26342499 0.01321879
v 0.146201 -0.26342499 -0.00857926
v 0.149547 -0.26342499 -0.00853136
v 0.14651699 -0.255986 -0.02901591
v 0.149872 -0.255986 -0.02895851
v 0.146786 -0.242001 -0.04566621
v 0.150131 -0.242001 -0.04560871
v 0.14695799 -0.223174 -0.05654621
v 0.150304 -0.223174 -0.05647891
v 0.14651699 -0.255986 -0.02901591
v 0.146201 -0.26342499 -0.00857926
v 0.147016 -0.20175999 -0.06031331
v 0.146786 -0.242001 -0.04566621
v 0.145099 -0.22317401 0.06111849
v 0.146786 -0.16151 -0.04566621
v 0.14585599 -0.26342499 0.01316099
v 0.14554 -0.25598601 0.03358819
v 0.145271 -0.242001 0.05024829
v 0.145099 -0.180345 0.06111849
v 0.14554 -0.147534 0.03358819
v 0.145041 -0.20176 0.06489539
v 0.145271 -0.16151001 0.05024829
v 0.14585599 -0.140095 0.01316099
v 0.146201 -0.140095 -0.00857926
v 0.14651699 -0.147534 -0.02901591
v 0.14695799 -0.180345 -0.05654621
v 0.14695799 -0.223174 -0.05654621
v 0.150131 -0.16151 -0.04560871
v 0.149872 -0.147534 -0.02895851
v 0.150304 -0.223174 -0.05647891
v 0.150304 -0.180345 -0.05647891
v 0.148626 -0.16151001 0.05030569
v 0.149872 -0.255986 -0.02895851
v 0.149547 -0.140095 -0.00853136
v 0.14920101 -0.140095 0.01321879
v 0.148885 -0.147534 0.03365549
v 0.148387 -0.20176 0.06495279
v 0.148626 -0.242001 0.05030569
v 0.148454 -0.180345 0.06117589
v 0.148454 -0.22317401 0.06117589
v 0.148885 -0.25598601 0.03365549
v 0.14920101 -0.26342499 0.01321879
v 0.149547 -0.26342499 -0.00853136
v 0.150131 -0.242001 -0.04560871
v 0.150361 -0.20175999 -0.06025581
v 0.14787801 -0.20176 0.09749629
v 0.14453299 -0.20176 0.09745789
v 0.144476 -0.180345 0.101225
v 0.14782099 -0.180345 0.10127299
v 0.14430299 -0.16151001 0.11209499
v 0.14764801 -0.16151001 0.112143
v 0.144044 -0.147534 0.128746
v 0.14737999 -0.147534 0.12880299
v 0.143718 -0.140095 0.149182
v 0.147064 -0.140095 0.14924
v 0.143373 -0.140095 0.17092299
v 0.14671899 -0.140095 0.17098
v 0.143057 -0.14753401 0.19135899
v 0.146402 -0.14753401 0.19140699
v 0.14278901 -0.16151001 0.20801
v 0.146134 -0.16151001 0.20806699
v 0.142626 -0.18034501 0.21887999
v 0.145962 -0.18034501 0.21893799
v 0.145962 -0.18034501 0.21893799
v 0.142626 -0.18034501 0.21887999
v 0.14255799 -0.20176 0.22265699
v 0.145904 -0.20176 0.222714
v 0.142626 -0.22317402 0.21887999
v 0.145962 -0.22317402 0.21893798
v 0.14278901 -0.24200101 0.20800999
v 0.146134 -0.24200101 0.20806699
v 0.143057 -0.25598601 0.19135899
v 0.146402 -0.25598601 0.19140698
v 0.143373 -0.263425 0.17092298
v 0.14671899 -0.263425 0.17097999
v 0.143718 -0.263425 0.149182
v 0.147064 -0.263425 0.14923999
v 0.144044 -0.25598601 0.12874599
v 0.14737999 -0.25598601 0.12880299
v 0.14430299 -0.242001 0.11209499
v 0.14764801 -0.242001 0.11214299
v 0.144476 -0.22317401 0.10122499
v 0.14782099 -0.22317401 0.10127299
v 0.144044 -0.25598601 0.12874599
v 0.143718 -0.263425 0.149182
v 0.14453299 -0.20176 0.09745789
v 0.14430299 -0.242001 0.11209499
v 0.142626 -0.22317402 0.21887999
v 0.14430299 -0.16151001 0.11209499
v 0.143373 -0.263425 0.17092298
v 0.143057 -0.25598601 0.19135899
v 0.14278901 -0.24200101 0.20800999
v 0.142626 -0.18034501 0.21887999
v 0.143057 -0.14753401 0.19135899
v 0.14255799 -0.20176 0.22265699
v 0.14278901 -0.16151001 0.20801
v 0.143373 -0.140095 0.17092299
v 0.143718 -0.140095 0.149182
v 0.144044 -0.147534 0.128746
v 0.144476 -0.180345 0.101225
v 0.144476 -0.22317401 0.10122499
v 0.14764801 -0.16151001 0.112143
v 0.14737999 -0.147534 0.12880299
v 0.14782099 -0.22317401 0.10127299
v 0.14782099 -0.180345 0.10127299
v 0.146134 -0.16151001 0.20806699
v 0.14737999 -0.25598601 0.12880299
v 0.147064 -0.140095 0.14924
v 0.14671899 -0.140095 0.17098
v 0.146402 -0.14753401 0.19140699
v 0.145904 -0.20176 0.222714
v 0.146134 -0.24200101 0.20806699
v 0.145962 -0.18034501 0.21893799
v 0.145962 -0.22317402 0.21893798
v 0.146402 -0.25598601 0.19140698
v 0.14671899 -0.263425 0.17097999
v 0.147064 -0.263425 0.14923999
v 0.14764801 -0.242001 0.11214299
v 0.14787801 -0.20176 0.09749629
v 0.14524201 -0.20176001 0.26484298
v 0.14189699 -0.20176001 0.264795
v 0.14184 -0.18034501 0.26856299
v 0.14518499 -0.18034501 0.26862001
v 0.14166699 -0.16151002 0.27944201
v 0.14501201 -0.16151002 0.279491
v 0.141399 -0.14753401 0.29610198
v 0.14475399 -0.14753401 0.29614999
v 0.141082 -0.14009501 0.31652998
v 0.144437 -0.14009501 0.31657799
v 0.140737 -0.14009501 0.33827
v 0.14409199 -0.14009501 0.338328
v 0.140421 -0.14753401 0.35869699
v 0.143766 -0.14753401 0.35875499
v 0.14015301 -0.16151002 0.37534799
v 0.143508 -0.16151002 0.37540501
v 0.143508 -0.16151002 0.37540501
v 0.14015301 -0.16151002 0.37534799
v 0.13999 -0.18034502 0.386227
v 0.143335 -0.18034502 0.386285
v 0.13993201 -0.20176001 0.390004
v 0.143268 -0.20176001 0.39005198
v 0.13999 -0.22317402 0.386227
v 0.143335 -0.22317402 0.386285
v 0.14015301 -0.24200101 0.37534799
v 0.143508 -0.24200101 0.375405
v 0.140421 -0.25598602 0.35869699
v 0.143766 -0.25598602 0.35875498
v 0.140737 -0.26342501 0.33827
v 0.14409199 -0.26342501 0.33832799
v 0.141082 -0.26342501 0.31652998
v 0.144437 -0.26342501 0.31657799
v 0.141399 -0.25598602 0.29610198
v 0.14475399 -0.25598602 0.29614999
v 0.14166699 -0.24200101 0.279442
v 0.14501201 -0.24200101 0.279491
v 0.14184 -0.22317402 0.26856299
v 0.14518499 -0.22317402 0.26862
v 0.141399 -0.25598602 0.29610198
v 0.141082 -0.26342501 0.31652998
v 0.14189699 -0.20176001 0.264795
v 0.14166699 -0.24200101 0.279442
v 0.13999 -0.22317402 0.386227
v 0.14166699 -0.16151002 0.27944201
v 0.140737 -0.26342501 0.33827
v 0.140421 -0.25598602 0.35869699
v 0.14015301 -0.24200101 0.37534799
v 0.13999 -0.18034502 0.386227
v 0.140421 -0.14753401 0.35869699
v 0.13993201 -0.20176001 0.390004
v 0.14015301 -0.16151002 0.37534799
v 0.140737 -0.14009501 0.33827
v 0.141082 -0.14009501 0.31652998
v 0.141399 -0.14753401 0.29610198
v 0.14184 -0.18034501 0.26856299
v 0.14184 -0.22317402 0.26856299
v 0.14501201 -0.16151002 0.279491
v 0.14475399 -0.14753401 0.29614999
v 0.14518499 -0.22317402 0.26862
v 0.14518499 -0.18034501 0.26862001
v 0.143508 -0.16151002 0.37540501
v 0.14475399 -0.25598602 0.29614999
v 0.144437 -0.14009501 0.31657799
v 0.14409199 -0.14009501 0.338328
v 0.143766 -0.14753401 0.35875499
v 0.143268 -0.20176001 0.39005198
v 0.143508 -0.24200101 0.375405
v 0.143335 -0.18034502 0.386285
v 0.143335 -0.22317402 0.386285
v 0.143766 -0.25598602 0.35875498
v 0.14409199 -0.26342501 0.33832799
v 0.144437 -0.26342501 0.31657799
v 0.14501201 -0.24200101 0.279491
v 0.14524201 -0.20176001 0.26484298
v 0.142674 -0.19742702 0.42785799
v 0.139328 -0.19742702 0.42781
v 0.13927101 -0.17601301 0.43157699
v 0.142616 -0.17601301 0.43163498
v 0.139098 -0.15717702 0.442447
v 0.142444 -0.15717702 0.442505
v 0.13883001 -0.14320101 0.45910701
v 0.142185 -0.14320101 0.459165
v 0.138523 -0.13576203 0.47954401
v 0.14185899 -0.13576203 0.47959199
v 0.13817801 -0.13576203 0.501284
v 0.141514 -0.13576203 0.50133198
v 0.137852 -0.14320102 0.521712
v 0.141197 -0.14320102 0.52176898
v 0.137593 -0.15717702 0.53837197
v 0.140929 -0.15717702 0.538419
v 0.13742 -0.17601302 0.54924201
v 0.14076599 -0.17601302 0.54929899
v 0.14076599 -0.17601302 0.54929899
v 0.13742 -0.17601302 0.54924201
v 0.137354 -0.19742703 0.55301797
v 0.140709 -0.19742703 0.55307602
v 0.13742 -0.21884202 0.54924201
v 0.14076599 -0.21884202 0.54929899
v 0.137593 -0.23767803 0.53837197
v 0.140929 -0.23767803 0.538419
v 0.137852 -0.25165402 0.52171199
v 0.141197 -0.25165402 0.52176898
v 0.13817801 -0.25909203 0.50128399
v 0.141514 -0.25909203 0.50133197
v 0.138523 -0.25909202 0.479544
v 0.14185899 -0.25909202 0.47959198
v 0.13883001 -0.25165402 0.459107
v 0.142185 -0.25165402 0.459165
v 0.139098 -0.23767803 0.442447
v 0.142444 -0.23767803 0.44250499
v 0.13927101 -0.21884202 0.43157699
v 0.142616 -0.21884202 0.43163498
v 0.13883001 -0.25165402 0.459107
v 0.138523 -0.25909202 0.479544
v 0.139328 -0.19742702 0.42781
v 0.139098 -0.23767803 0.442447
v 0.13742 -0.21884202 0.54924201
v 0.139098 -0.15717702 0.442447
v 0.13817801 -0.25909203 0.50128399
v 0.137852 -0.25165402 0.52171199
v 0.137593 -0.23767803 0.53837197
v 0.13742 -0.17601302 0.54924201
v 0.137852 -0.14320102 0.521712
v 0.137354 -0.19742703 0.55301797
v 0.137593 -0.15717702 0.53837197
v 0.13817801 -0.13576203 0.501284
v 0.138523 -0.13576203 0.47954401
v 0.13883001 -0.14320101 0.45910701
v 0.13927101 -0.17601301 0.43157699
v 0.13927101 -0.21884202 0.43157699
v 0.142444 -0.15717702 0.442505
v 0.142185 -0.14320101 0.459165
v 0.142616 -0.21884202 0.43163498
v 0.142616 -0.17601301 0.43163498
v 0.140929 -0.15717702 0.538419
v 0.142185 -0.25165402 0.459165
v 0.14185899 -0.13576203 0.47959199
v 0.141514 -0.13576203 0.50133198
v 0.141197 -0.14320102 0.52176898
v 0.140709 -0.19742703 0.55307602
v 0.140929 -0.23767803 0.538419
v 0.14076599 -0.17601302 0.54929899
v 0.14076599 -0.21884202 0.54929899
v 0.141197 -0.25165402 0.52176898
v 0.141514 -0.25909203 0.50133197
v 0.14185899 -0.25909202 0.47959198
v 0.142444 -0.23767803 0.44250499
v 0.142674 -0.19742702 0.42785799
v 0.45121801 -0.46371798 -0.41679602
v 0.0760625 -0.12955998 -0.42271102
v 0.0765803 -0.12808399 -0.42186702
v 0.451727 -0.46225099 -0.41596203
v 0.0766856 -0.12771998 -0.41998801
v 0.451832 -0.46188698 -0.41408302
v 0.076302 -0.12873599 -0.41849301
v 0.45143899 -0.46290297 -0.41259702
v 0.0757078 -0.13037498 -0.41850201
v 0.450845 -0.46453298 -0.41259702
v 0.450845 -0.46453298 -0.41259702
v 0.0757078 -0.13037498 -0.41850201
v 0.0753725 -0.13139099 -0.42001701
v 0.45050901 -0.46554897 -0.41411202
v 0.0755257 -0.13102698 -0.42187602
v 0.450672 -0.46519397 -0.41598102
v 0.0757078 -0.13037498 -0.41850201
v 0.076302 -0.12873599 -0.41849301
v 0.0765803 -0.12808399 -0.42186702
v 0.0753725 -0.13139099 -0.42001701
v 0.0766856 -0.12771998 -0.41998801
v 0.0760625 -0.12955998 -0.42271102
v 0.0755257 -0.13102698 -0.42187602
v 0.451832 -0.46188698 -0.41408302
v 0.45143899 -0.46290297 -0.41259702
v 0.45050901 -0.46554897 -0.41411202
v 0.451727 -0.46225099 -0.41596203
v 0.450845 -0.46453298 -0.41259702
v 0.450672 -0.46519397 -0.41598102
v 0.45121801 -0.46371798 -0.41679602
v 0.41943201 -0.43575699 -0.41555001
v 0.51643902 -0.52257399 -0.38540303
v 0.51732099 -0.52257399 -0.44186302
v 0.51624799 -0.52158699 -0.44361701
v 0.520657 -0.52571897 -0.42862501
v 0.52019697 -0.52571897 -0.39918702
v 0.51836598 -0.52352295 -0.43979203
v 0.51929599 -0.52438597 -0.43709802
v 0.52007198 -0.52513401 -0.43348502
v 0.52098298 -0.52610199 -0.42222201
v 0.52100199 -0.52623598 -0.41395902
v 0.520724 -0.52610199 -0.40566703
v 0.519449 -0.52513401 -0.39423101
v 0.51855803 -0.52438597 -0.39048301
v 0.517551 -0.52352296 -0.38763603
v 0.51529902 -0.521587 -0.38346701
v 0.44849601 -0.46371799 -0.24404201
v 0.0733496 -0.12955998 -0.249938
v 0.0738674 -0.12808399 -0.249104
v 0.44901299 -0.462251 -0.24318903
v 0.0739632 -0.12771999 -0.24722501
v 0.449119 -0.46188699 -0.24132002
v 0.07358 -0.12873599 -0.24572
v 0.44871601 -0.46290298 -0.23982502
v 0.0729854 -0.13037499 -0.24573
v 0.44813201 -0.46453299 -0.23982502
v 0.0726501 -0.13139099 -0.24724401
v 0.44778699 -0.46554898 -0.24133902
v 0.0728128 -0.13102699 -0.249113
v 0.44794899 -0.46519398 -0.24320902
v 0.0733496 -0.12955998 -0.249938
v 0.44849601 -0.46371799 -0.24404201
v 0.0729854 -0.13037499 -0.24573
v 0.07358 -0.12873599 -0.24572
v 0.0738674 -0.12808399 -0.249104
v 0.0726501 -0.13139099 -0.24724401
v 0.0739632 -0.12771999 -0.24722501
v 0.0733496 -0.12955998 -0.249938
v 0.0728128 -0.13102699 -0.249113
v 0.449119 -0.46188699 -0.24132002
v 0.44871601 -0.46290298 -0.23982502
v 0.44778699 -0.46554898 -0.24133902
v 0.44901299 -0.462251 -0.24318903
v 0.44813201 -0.46453299 -0.23982502
v 0.44794899 -0.46519398 -0.24320902
v 0.44849601 -0.46371799 -0.24404201
v 0.41670999 -0.435757 -0.24277702
v 0.513717 -0.522574 -0.21263003
v 0.51460898 -0.522574 -0.26909002
v 0.51352501 -0.521587 -0.27084404
v 0.51793498 -0.52571898 -0.25585204
v 0.51747501 -0.52571898 -0.22642402
v 0.51564401 -0.52352296 -0.26701903
v 0.51657403 -0.52438598 -0.26433503
v 0.51735997 -0.52513402 -0.26071202
v 0.51826102 -0.526102 -0.24944902
v 0.51828003 -0.52623599 -0.24118602
v 0.51800197 -0.526102 -0.23289403
v 0.51673698 -0.52513402 -0.22146802
v 0.515845 -0.52438598 -0.21771003
v 0.51481903 -0.52352296 -0.21487302
v 0.51257598 -0.521587 -0.21070302
v 0.44585001 -0.46371799 -0.07654192
v 0.0707135 -0.12955999 -0.0824466
v 0.0712313 -0.128084 -0.081603
v 0.44636801 -0.462251 -0.07570782
v 0.0713271 -0.12771999 -0.0797338
v 0.446473 -0.461887 -0.07382902
v 0.0709439 -0.128736 -0.07822901
v 0.44608101 -0.46290299 -0.07232432
v 0.0703592 -0.13037499 -0.0782386
v 0.44549599 -0.464533 -0.07234332
v 0.070014 -0.131391 -0.07975311
v 0.44514999 -0.46554899 -0.07383892
v 0.0701672 -0.13102699 -0.08162241
v 0.44531301 -0.46519398 -0.07571772
v 0.44531301 -0.46519398 -0.07571772
v 0.0701672 -0.13102699 -0.08162241
v 0.0703592 -0.13037499 -0.0782386
v 0.0709439 -0.128736 -0.07822901
v 0.0712313 -0.128084 -0.081603
v 0.070014 -0.131391 -0.07975311
v 0.0713271 -0.12771999 -0.0797338
v 0.0707135 -0.12955999 -0.0824466
v 0.0701672 -0.13102699 -0.08162241
v 0.446473 -0.461887 -0.07382902
v 0.44608101 -0.46290299 -0.07232432
v 0.44514999 -0.46554899 -0.07383892
v 0.44636801 -0.462251 -0.07570782
v 0.44549599 -0.464533 -0.07234332
v 0.44531301 -0.46519398 -0.07571772
v 0.44585001 -0.46371799 -0.07654192
v 0.414074 -0.43575701 -0.07529572
v 0.51108098 -0.52257401 -0.04514872
v 0.51197201 -0.522574 -0.10159902
v 0.51088899 -0.52158701 -0.10336302
v 0.51529902 -0.52571898 -0.08837082
v 0.51483899 -0.52571898 -0.05893292
v 0.513008 -0.52352297 -0.09952832
v 0.513937 -0.52438598 -0.09684442
v 0.514723 -0.52513402 -0.09322102
v 0.51562399 -0.526102 -0.08196722
v 0.51565403 -0.52623599 -0.07369483
v 0.515365 -0.526102 -0.06541282
v 0.51410002 -0.52513402 -0.05397702
v 0.51319897 -0.52438599 -0.05022892
v 0.51218301 -0.52352297 -0.04738222
v 0.50994098 -0.52158701 -0.04321222
v 0.44334799 -0.463718 0.08248498
v 0.068212 -0.12956 0.0765803
v 0.0687294 -0.12808401 0.07741429
v 0.443876 -0.46225101 0.08332858
v 0.0688252 -0.12772 0.0792931
v 0.44397101 -0.46188701 0.08519788
v 0.068442 -0.12873601 0.08079779
v 0.44357899 -0.462903 0.08669308
v 0.0678573 -0.130375 0.08077879
v 0.442994 -0.464533 0.08668358
v 0.442994 -0.464533 0.08668358
v 0.0678573 -0.130375 0.08077879
v 0.0675121 -0.13139101 0.07927379
v 0.44264901 -0.465549 0.08517848
v 0.0676752 -0.131027 0.07740449
v 0.442812 -0.46519399 0.08330918
v 0.0678573 -0.130375 0.08077879
v 0.068442 -0.12873601 0.08079779
v 0.0687294 -0.12808401 0.07741429
v 0.0675121 -0.13139101 0.07927379
v 0.0688252 -0.12772 0.0792931
v 0.068212 -0.12956 0.0765803
v 0.0676752 -0.131027 0.07740449
v 0.44397101 -0.46188701 0.08519788
v 0.44357899 -0.462903 0.08669308
v 0.44264901 -0.465549 0.08517848
v 0.443876 -0.46225101 0.08332858
v 0.442994 -0.464533 0.08668358
v 0.442812 -0.46519399 0.08330918
v 0.44334799 -0.463718 0.08248498
v 0.41156301 -0.43575701 0.08373118
v 0.50857902 -0.52257401 0.11388798
v 0.50946999 -0.52257401 0.05742778
v 0.50837803 -0.52158702 0.05566418
v 0.512788 -0.52571899 0.07066598
v 0.51232702 -0.52571899 0.10009398
v 0.51050597 -0.52352298 0.05949858
v 0.51143497 -0.52438599 0.06218248
v 0.51222199 -0.52513403 0.06580587
v 0.51312202 -0.52610201 0.07706918
v 0.51314199 -0.526236 0.08533208
v 0.51286399 -0.52610201 0.09362358
v 0.51159799 -0.52513403 0.10504997
v 0.51070702 -0.52438599 0.10880697
v 0.509682 -0.52352298 0.11164498
v 0.50743902 -0.52158702 0.11581398
v 0.44075099 -0.46371801 0.24737799
v 0.0656238 -0.12956 0.241474
v 0.0661317 -0.12808401 0.242317
v 0.441268 -0.46225102 0.24822197
v 0.0662275 -0.12772001 0.24419599
v 0.441374 -0.46188701 0.25010098
v 0.0658443 -0.12873601 0.245691
v 0.44099101 -0.462903 0.25159598
v 0.0652592 -0.13037501 0.245682
v 0.44039601 -0.46453301 0.25158597
v 0.44039601 -0.46453301 0.25158597
v 0.0652592 -0.13037501 0.245682
v 0.0649144 -0.13139101 0.24416699
v 0.44005999 -0.465549 0.25007198
v 0.0650676 -0.13102701 0.242298
v 0.44021401 -0.465194 0.24821197
v 0.0652592 -0.13037501 0.245682
v 0.0658443 -0.12873601 0.245691
v 0.0661317 -0.12808401 0.242317
v 0.0649144 -0.13139101 0.24416699
v 0.0662275 -0.12772001 0.24419599
v 0.0656238 -0.12956 0.241474
v 0.0650676 -0.13102701 0.242298
v 0.441374 -0.46188701 0.25010098
v 0.44099101 -0.462903 0.25159598
v 0.44005999 -0.465549 0.25007198
v 0.441268 -0.46225102 0.24822197
v 0.44039601 -0.46453301 0.25158597
v 0.44021401 -0.465194 0.24821197
v 0.44075099 -0.46371801 0.24737799
v 0.40897399 -0.43575702 0.24862398
v 0.50598103 -0.52257402 0.27878097
v 0.50687301 -0.52257402 0.22233098
v 0.50578898 -0.52158702 0.22056698
v 0.51019901 -0.525719 0.23555898
v 0.50972903 -0.525719 0.26499698
v 0.50790799 -0.52352298 0.22439197
v 0.508838 -0.524386 0.22708497
v 0.509624 -0.52513404 0.23070898
v 0.51052499 -0.52610202 0.24196198
v 0.51055402 -0.52623601 0.25023497
v 0.51026601 -0.52610202 0.25851697
v 0.50900102 -0.52513404 0.26995299
v 0.50809997 -0.524386 0.27370099
v 0.50708401 -0.52352299 0.27653799
v 0.50484103 -0.52158703 0.28071696
v 0.43814299 -0.46371802 0.41314397
v 0.0629972 -0.12956001 0.40722998
v 0.0635245 -0.12808402 0.408073
v 0.43866101 -0.46225103 0.41397799
v 0.0636203 -0.12772002 0.40995201
v 0.43876699 -0.46188702 0.41585697
v 0.0632368 -0.12873602 0.41143798
v 0.438364 -0.46290301 0.41735197
v 0.0626425 -0.13037502 0.41143798
v 0.43777901 -0.46453302 0.41734199
v 0.0623069 -0.13139102 0.40992298
v 0.437444 -0.46554901 0.41582797
v 0.0624604 -0.13102702 0.40805399
v 0.43760699 -0.465194 0.41395898
v 0.0629972 -0.12956001 0.40722998
v 0.43814299 -0.46371802 0.41314397
v 0.0626425 -0.13037502 0.41143798
v 0.0632368 -0.12873602 0.41143798
v 0.0635245 -0.12808402 0.408073
v 0.0623069 -0.13139102 0.40992298
v 0.0636203 -0.12772002 0.40995201
v 0.0629972 -0.12956001 0.40722998
v 0.0624604 -0.13102702 0.40805399
v 0.43876699 -0.46188702 0.41585697
v 0.438364 -0.46290301 0.41735197
v 0.437444 -0.46554901 0.41582797
v 0.43866101 -0.46225103 0.41397799
v 0.43777901 -0.46453302 0.41734199
v 0.43760699 -0.465194 0.41395898
v 0.43814299 -0.46371802 0.41314397
v 0.40636599 -0.43575703 0.41438098
v 0.50337398 -0.52257403 0.44453699
v 0.50425601 -0.52257402 0.38807697
v 0.50318199 -0.52158703 0.38632298
v 0.50759101 -0.525719 0.40131498
v 0.50712198 -0.52571901 0.43074299
v 0.50529099 -0.52352299 0.39014799
v 0.50623 -0.52438601 0.39284099
v 0.507007 -0.52513404 0.39645497
v 0.507918 -0.52610202 0.40771798
v 0.50793701 -0.52623602 0.41598097
v 0.50765902 -0.52610202 0.42427299
v 0.50638402 -0.52513405 0.43570898
v 0.50549299 -0.52438601 0.43945698
v 0.50447702 -0.52352299 0.44229398
v 0.50223398 -0.52158703 0.44647298
v -0.073369 -0.29294903 0.83235596
v -0.103602 -0.28122604 0.749871
v -0.105088 -0.32163903 0.70227699
v -0.0810088 -0.31554205 0.77369098
v -0.12891801 -0.26999104 0.64788799
v -0.120904 -0.32079503 0.61073397
v -0.0828876 -0.23148503 0.81423901
v -0.120224 -0.18763103 0.69285499
v -0.0519161 -0.25150005 0.895707
v -0.14368001 -0.26755604 0.56160699
v -0.129752 -0.32051703 0.54154401
v -0.14983401 -0.26855301 0.44210197
v -0.13281 -0.31985601 0.43734799
v -0.139137 -0.19693802 0.58871596
v -0.14870299 -0.20015002 0.44882198
v -0.0380457 -0.20592004 0.94429701
v -0.0621346 -0.19003704 0.879862
v -0.0915338 -0.16887104 0.793994
v -0.0453981 -0.15038104 0.93349397
v -0.0639655 -0.14852104 0.87629699
v -0.0301952 -0.15177104 0.97640997
v -0.0268018 -0.08461305 0.990309
v -0.0366558 -0.10597004 0.96183002
v -0.0484463 -0.13444905 0.92388999
v -0.0263415 -0.05620104 0.98843997
v -0.0311825 -0.07089595 0.97363901
v -0.0681257 -0.33511603 0.68701701
v -0.0577061 -0.32369003 0.78043
v -0.0109374 -0.33511603 0.68790798
v -0.0124041 -0.32369003 0.78114902
v -0.0751615 -0.33773303 0.59901999
v -0.00955704 -0.33773303 0.60005598
v -0.0788905 -0.33816501 0.53558199
v -0.00856023 -0.33816501 0.53668498
v -0.0794847 -0.33695703 0.43651398
v -0.00699774 -0.33695703 0.43764497
v -0.0208587 -0.07749095 0.99983698
v -0.0217023 -0.03161374 0.99488097
v -0.0157781 -0.03161374 0.99496698
v -0.0158549 -0.07749095 0.99992299
v -0.0217692 -0.15223104 0.99076902
v -0.0157112 -0.15223104 0.99086499
v -0.0245395 -0.21121104 0.96586501
v -0.0153181 -0.21121104 0.96600901
v -0.031211 -0.25817205 0.92302697
v -0.0146471 -0.25817205 0.92329501
v -0.0438356 -0.29685003 0.86016397
v -0.0136598 -0.29685003 0.860633
v -0.149345 -0.26762302 0.24044799
v -0.13129599 -0.31789101 0.24076399
v -0.127471 -0.31657699 -0.00200349
v -0.145521 -0.26667401 -0.00229091
v -0.149345 -0.20061001 0.24039999
v -0.145521 -0.20015 -0.00229091
v -0.00393017 -0.334637 0.24278699
v -0.0771459 -0.334637 0.24162698
v -0.00011519 -0.33320901 -1E-08
v -0.0733211 -0.33320901 -0.00115039
v -0.082926 -0.32163897 -0.70524003
v -0.0799543 -0.28122598 -0.75275601
v -0.0471328 -0.29294895 -0.83425303
v -0.0566131 -0.31554198 -0.77584799
v -0.0572077 -0.23148496 -0.81643404
v -0.0236959 -0.25149997 -0.89689602
v -0.108462 -0.26999098 -0.651617
v -0.0983589 -0.18763097 -0.69629598
v -0.101628 -0.32079497 -0.61423303
v -0.112642 -0.32051698 -0.54536004
v -0.125928 -0.26755599 -0.56585402
v -0.12054 -0.19693797 -0.59280903
v -0.135849 -0.26855297 -0.446589
v -0.134497 -0.20014998 -0.45327
v -0.118987 -0.31985597 -0.44130702
v -0.0344128 -0.19003696 -0.881387
v -0.00830134 -0.20591995 -0.94501604
v -0.0159891 -0.15038096 -0.93445302
v 0.0005463 -0.15177095 -0.97687001
v -0.0664864 -0.16887097 -0.79648603
v -0.036349 -0.14852097 -0.877859
v -0.00636514 -0.10596996 -0.96250099
v 0.00438067 -0.08461296 -0.990654
v -0.00050827 -0.07089586 -0.97412801
v 0.00479278 -0.05620096 -0.98877502
v -0.0193441 -0.13444896 -0.92494399
v -0.0331187 -0.32368996 -0.78185804
v -0.0464618 -0.33511597 -0.68881001
v -0.0562683 -0.33773297 -0.60109104
v 0.0107169 -0.33511597 -0.68791802
v 0.00933654 -0.33773297 -0.60005601
v 0.0121931 -0.32368996 -0.78113903
v -0.0619909 -0.33816496 -0.53779604
v -0.0657006 -0.33695699 -0.43878601
v 0.00833937 -0.33816496 -0.536685
v 0.00677688 -0.33695699 -0.437645
v 0.00962395 -0.03161366 -0.99505401
v 0.0106208 -0.07749086 -1
v 0.00943235 -0.15223095 -0.99096001
v 0.0156245 -0.07749086 -0.99992299
v 0.0154903 -0.15223095 -0.990865
v 0.0155576 -0.03161366 -0.99496699
v 0.00587588 -0.21121095 -0.96615303
v -0.00214719 -0.25817197 -0.92355401
v 0.0151071 -0.21121095 -0.96600903
v 0.0144266 -0.25817197 -0.92328603
v -0.0167365 -0.29684996 -0.86110301
v 0.0134389 -0.29684996 -0.86062403
v -0.123656 -0.31789099 -0.24478102
v -0.141706 -0.267623 -0.24502001
v -0.141706 -0.20060999 -0.24498201
v 0.00371919 -0.33463698 -0.24278702
v -0.0694966 -0.33463698 -0.24393702
v -0.137382 -0.17008898 -0.565902
v -0.13731501 -0.19150298 -0.56967903
v -0.140661 -0.19150298 -0.569717
v -0.140718 -0.17008898 -0.56594903
v -0.137555 -0.15125298 -0.55503101
v -0.140891 -0.15125298 -0.55507899
v -0.137814 -0.13727698 -0.53837199
v -0.137555 -0.15125298 -0.55503101
v -0.140891 -0.15125298 -0.55507899
v -0.141159 -0.13727698 -0.53842003
v -0.13812999 -0.12984798 -0.51793498
v -0.14147501 -0.12984798 -0.51799203
v -0.138475 -0.12984798 -0.49619401
v -0.14182 -0.12984798 -0.49625201
v -0.13880099 -0.13727699 -0.47576699
v -0.14213701 -0.13727699 -0.475815
v -0.13906001 -0.15125298 -0.45910702
v -0.142396 -0.15125298 -0.45916501
v -0.13923199 -0.17008899 -0.44823701
v -0.14256801 -0.17008899 -0.448295
v -0.13929 -0.19150298 -0.44446001
v -0.142635 -0.19150298 -0.44451801
v -0.13923199 -0.21291798 -0.44823701
v -0.14256801 -0.21291798 -0.44829501
v -0.13906001 -0.23175398 -0.45910702
v -0.142396 -0.23175398 -0.45916502
v -0.13880099 -0.24572998 -0.475767
v -0.14213701 -0.24572998 -0.47581501
v -0.138475 -0.25316797 -0.49619402
v -0.14182 -0.25316797 -0.49625201
v -0.13812999 -0.25316796 -0.51793499
v -0.14147501 -0.25316796 -0.51799203
v -0.137814 -0.24572997 -0.53837199
v -0.141159 -0.24572997 -0.53842003
v -0.137555 -0.23175398 -0.55503101
v -0.140891 -0.23175398 -0.55507899
v -0.137382 -0.21291797 -0.565902
v -0.140718 -0.21291797 -0.56594903
v -0.137382 -0.17008898 -0.565902
v -0.137555 -0.15125298 -0.55503101
v -0.137555 -0.23175398 -0.55503101
v -0.13731501 -0.19150298 -0.56967903
v -0.13880099 -0.13727699 -0.47576699
v -0.13812999 -0.25316796 -0.51793499
v -0.137814 -0.13727698 -0.53837199
v -0.13812999 -0.12984798 -0.51793498
v -0.138475 -0.12984798 -0.49619401
v -0.13923199 -0.17008899 -0.44823701
v -0.13923199 -0.21291798 -0.44823701
v -0.13906001 -0.15125298 -0.45910702
v -0.13929 -0.19150298 -0.44446001
v -0.13906001 -0.23175398 -0.45910702
v -0.13880099 -0.24572998 -0.475767
v -0.138475 -0.25316797 -0.49619402
v -0.137814 -0.24572997 -0.53837199
v -0.137382 -0.21291797 -0.565902
v -0.140891 -0.23175398 -0.55507899
v -0.141159 -0.24572997 -0.53842003
v -0.140718 -0.17008898 -0.56594903
v -0.140718 -0.21291797 -0.56594903
v -0.142396 -0.23175398 -0.45916502
v -0.141159 -0.13727698 -0.53842003
v -0.14147501 -0.25316796 -0.51799203
v -0.14182 -0.25316797 -0.49625201
v -0.14213701 -0.24572998 -0.47581501
v -0.142635 -0.19150298 -0.44451801
v -0.142396 -0.15125298 -0.45916501
v -0.14256801 -0.21291798 -0.44829501
v -0.14256801 -0.17008899 -0.448295
v -0.14213701 -0.13727699 -0.475815
v -0.14182 -0.12984798 -0.49625201
v -0.14147501 -0.12984798 -0.51799203
v -0.140891 -0.15125298 -0.55507899
v -0.140661 -0.19150298 -0.569717
v -0.14010499 -0.18034498 -0.392669
v -0.140047 -0.20175998 -0.39643601
v -0.143392 -0.20175998 -0.39650301
v -0.14345001 -0.18034498 -0.39271701
v -0.140277 -0.16150999 -0.38179902
v -0.143622 -0.16150999 -0.381847
v -0.140536 -0.14753398 -0.36513901
v -0.14388099 -0.14753398 -0.365187
v -0.140862 -0.14009498 -0.344712
v -0.140536 -0.14753398 -0.36513901
v -0.14388099 -0.14753398 -0.365187
v -0.144208 -0.14009498 -0.34475899
v -0.141197 -0.14009498 -0.32296199
v -0.14455201 -0.14009498 -0.323019
v -0.141514 -0.14753398 -0.302535
v -0.144869 -0.14753398 -0.30259202
v -0.141782 -0.16150999 -0.285884
v -0.145137 -0.16150999 -0.28593201
v -0.141955 -0.18034499 -0.27501402
v -0.14531 -0.18034499 -0.275062
v -0.142012 -0.20175998 -0.27123699
v -0.145358 -0.20175998 -0.27128501
v -0.141955 -0.22317399 -0.27501402
v -0.14531 -0.22317399 -0.275062
v -0.141782 -0.24200098 -0.285884
v -0.145137 -0.24200098 -0.28593202
v -0.141514 -0.25598599 -0.30253501
v -0.144869 -0.25598599 -0.30259202
v -0.141197 -0.26341499 -0.322962
v -0.14455201 -0.26341499 -0.32301901
v -0.140862 -0.26341499 -0.344712
v -0.144208 -0.26341499 -0.344759
v -0.140536 -0.25598599 -0.36513902
v -0.14388099 -0.25598599 -0.365187
v -0.140277 -0.24200098 -0.38179902
v -0.143622 -0.24200098 -0.381847
v -0.14010499 -0.22317399 -0.392669
v -0.14345001 -0.22317399 -0.39271701
v -0.14010499 -0.18034498 -0.392669
v -0.140277 -0.16150999 -0.38179902
v -0.140277 -0.24200098 -0.38179902
v -0.140047 -0.20175998 -0.39643601
v -0.141514 -0.14753398 -0.302535
v -0.140862 -0.26341499 -0.344712
v -0.140536 -0.14753398 -0.36513901
v -0.140862 -0.14009498 -0.344712
v -0.141197 -0.14009498 -0.32296199
v -0.141955 -0.18034499 -0.27501402
v -0.141955 -0.22317399 -0.27501402
v -0.141782 -0.16150999 -0.285884
v -0.142012 -0.20175998 -0.27123699
v -0.141782 -0.24200098 -0.285884
v -0.141514 -0.25598599 -0.30253501
v -0.141197 -0.26341499 -0.322962
v -0.140536 -0.25598599 -0.36513902
v -0.14010499 -0.22317399 -0.392669
v -0.143622 -0.24200098 -0.381847
v -0.14388099 -0.25598599 -0.365187
v -0.14345001 -0.18034498 -0.39271701
v -0.14345001 -0.22317399 -0.39271701
v -0.145137 -0.24200098 -0.28593202
v -0.14388099 -0.14753398 -0.365187
v -0.144208 -0.26341499 -0.344759
v -0.14455201 -0.26341499 -0.32301901
v -0.144869 -0.25598599 -0.30259202
v -0.145358 -0.20175998 -0.27128501
v -0.145137 -0.16150999 -0.28593201
v -0.14531 -0.22317399 -0.275062
v -0.14531 -0.18034499 -0.275062
v -0.144869 -0.14753398 -0.30259202
v -0.14455201 -0.14009498 -0.323019
v -0.144208 -0.14009498 -0.34475899
v -0.143622 -0.16150999 -0.381847
v -0.143392 -0.20175998 -0.39650301
v -0.14274099 -0.18034499 -0.22501501
v -0.142674 -0.20175998 -0.22879201
v -0.146029 -0.20175998 -0.228839
v -0.14609601 -0.18034499 -0.225063
v -0.142913 -0.16151 -0.21414501
v -0.14625899 -0.16151 -0.21420201
v -0.143172 -0.14753399 -0.19748501
v -0.14652701 -0.14753399 -0.197542
v -0.143498 -0.14009499 -0.177058
v -0.143172 -0.14753399 -0.19748501
v -0.14652701 -0.14753399 -0.197542
v -0.146844 -0.14009499 -0.177105
v -0.143843 -0.14009499 -0.155317
v -0.14717899 -0.14009499 -0.15536501
v -0.14416 -0.14753399 -0.13488101
v -0.147505 -0.14753399 -0.13493801
v -0.144428 -0.16151 -0.11823001
v -0.147764 -0.16151 -0.11828801
v -0.1446 -0.18034499 -0.10736001
v -0.147936 -0.18034499 -0.10740801
v -0.144658 -0.20175999 -0.10357401
v -0.148003 -0.20175999 -0.10364101
v -0.1446 -0.223174 -0.10736001
v -0.147936 -0.223174 -0.10740801
v -0.144428 -0.24200099 -0.11823001
v -0.147764 -0.24200099 -0.11828801
v -0.14416 -0.255986 -0.13488102
v -0.147505 -0.255986 -0.13493801
v -0.143843 -0.263415 -0.15531701
v -0.14717899 -0.263415 -0.15536502
v -0.143498 -0.263415 -0.17705801
v -0.146844 -0.263415 -0.17710501
v -0.143172 -0.255986 -0.19748501
v -0.14652701 -0.255986 -0.19754201
v -0.142913 -0.24200099 -0.21414502
v -0.14625899 -0.24200099 -0.21420201
v -0.14274099 -0.223174 -0.22501501
v -0.14609601 -0.223174 -0.22506301
v -0.14274099 -0.18034499 -0.22501501
v -0.142913 -0.16151 -0.21414501
v -0.142913 -0.24200099 -0.21414502
v -0.142674 -0.20175998 -0.22879201
v -0.14416 -0.14753399 -0.13488101
v -0.143498 -0.263415 -0.17705801
v -0.143172 -0.14753399 -0.19748501
v -0.143498 -0.14009499 -0.177058
v -0.143843 -0.14009499 -0.155317
v -0.1446 -0.18034499 -0.10736001
v -0.1446 -0.223174 -0.10736001
v -0.144428 -0.16151 -0.11823001
v -0.144658 -0.20175999 -0.10357401
v -0.144428 -0.24200099 -0.11823001
v -0.14416 -0.255986 -0.13488102
v -0.143843 -0.263415 -0.15531701
v -0.143172 -0.255986 -0.19748501
v -0.14274099 -0.223174 -0.22501501
v -0.14625899 -0.24200099 -0.21420201
v -0.14652701 -0.255986 -0.19754201
v -0.14609601 -0.18034499 -0.225063
v -0.14609601 -0.223174 -0.22506301
v -0.147764 -0.24200099 -0.11828801
v -0.14652701 -0.14753399 -0.197542
v -0.146844 -0.263415 -0.17710501
v -0.14717899 -0.263415 -0.15536502
v -0.147505 -0.255986 -0.13493801
v -0.148003 -0.20175999 -0.10364101
v -0.147764 -0.16151 -0.11828801
v -0.147936 -0.223174 -0.10740801
v -0.147936 -0.18034499 -0.10740801
v -0.147505 -0.14753399 -0.13493801
v -0.14717899 -0.14009499 -0.15536501
v -0.146844 -0.14009499 -0.177105
v -0.14625899 -0.16151 -0.21420201
v -0.146029 -0.20175998 -0.228839
v -0.145319 -0.180345 -0.06113751
v -0.145262 -0.20175999 -0.06491441
v -0.148617 -0.20175999 -0.06496231
v -0.148665 -0.180345 -0.06119521
v -0.145492 -0.16151 -0.05026731
v -0.148837 -0.16151 -0.05031521
v -0.14576 -0.147534 -0.03361711
v -0.149096 -0.147534 -0.03366501
v -0.14607599 -0.14009499 -0.01318041
v -0.14576 -0.147534 -0.03361711
v -0.149096 -0.147534 -0.03366501
v -0.149422 -0.14009499 -0.01323781
v -0.146422 -0.140095 0.00856973
v -0.149767 -0.140095 0.00851196
v -0.14673799 -0.147534 0.02899689
v -0.150093 -0.147534 0.02893909
v -0.14700601 -0.16151001 0.04564709
v -0.150352 -0.16151001 0.04558969
v -0.14717899 -0.180345 0.05651729
v -0.15052401 -0.180345 0.05645989
v -0.147236 -0.20176 0.06029419
v -0.150572 -0.20176 0.06024629
v -0.14717899 -0.22317401 0.05651729
v -0.15052401 -0.22317401 0.05645989
v -0.14700601 -0.242001 0.04564709
v -0.150352 -0.242001 0.04558969
v -0.14673799 -0.25598601 0.02899689
v -0.150093 -0.25598601 0.02893909
v -0.146422 -0.26341501 0.00856973
v -0.149767 -0.26341501 0.00851196
v -0.14607599 -0.26341501 -0.01318041
v -0.149422 -0.26341501 -0.01323781
v -0.14576 -0.255986 -0.03361711
v -0.149096 -0.255986 -0.03366501
v -0.145492 -0.24200099 -0.05026731
v -0.148837 -0.24200099 -0.05031521
v -0.145319 -0.223174 -0.06113751
v -0.148665 -0.223174 -0.06119521
v -0.145319 -0.180345 -0.06113751
v -0.145492 -0.16151 -0.05026731
v -0.145492 -0.24200099 -0.05026731
v -0.145262 -0.20175999 -0.06491441
v -0.14673799 -0.147534 0.02899689
v -0.14607599 -0.26341501 -0.01318041
v -0.14576 -0.147534 -0.03361711
v -0.14607599 -0.14009499 -0.01318041
v -0.146422 -0.140095 0.00856973
v -0.14717899 -0.180345 0.05651729
v -0.14717899 -0.22317401 0.05651729
v -0.14700601 -0.16151001 0.04564709
v -0.147236 -0.20176 0.06029419
v -0.14700601 -0.242001 0.04564709
v -0.14673799 -0.25598601 0.02899689
v -0.146422 -0.26341501 0.00856973
v -0.14576 -0.255986 -0.03361711
v -0.145319 -0.223174 -0.06113751
v -0.148837 -0.24200099 -0.05031521
v -0.149096 -0.255986 -0.03366501
v -0.148665 -0.180345 -0.06119521
v -0.148665 -0.223174 -0.06119521
v -0.150352 -0.242001 0.04558969
v -0.149096 -0.147534 -0.03366501
v -0.149422 -0.26341501 -0.01323781
v -0.149767 -0.26341501 0.00851196
v -0.150093 -0.25598601 0.02893909
v -0.150572 -0.20176 0.06024629
v -0.150352 -0.16151001 0.04558969
v -0.15052401 -0.22317401 0.05645989
v -0.15052401 -0.180345 0.05645989
v -0.150093 -0.147534 0.02893909
v -0.149767 -0.140095 0.00851196
v -0.149422 -0.14009499 -0.01323781
v -0.148837 -0.16151 -0.05031521
v -0.148617 -0.20175999 -0.06496231
v -0.147802 -0.180345 0.09662389
v -0.147745 -0.20176 0.09284729
v -0.15109 -0.20176 0.09279939
v -0.15115701 -0.180345 0.09657599
v -0.147975 -0.16151001 0.10749399
v -0.15132 -0.16151001 0.10743699
v -0.14823399 -0.147534 0.124154
v -0.15158901 -0.147534 0.12409699
v -0.148559 -0.140095 0.144581
v -0.14823399 -0.147534 0.124154
v -0.15158901 -0.147534 0.12409699
v -0.151914 -0.140095 0.14453299
v -0.14890499 -0.140095 0.16632199
v -0.15223999 -0.140095 0.16627399
v -0.14923 -0.14753401 0.18675799
v -0.152566 -0.14753401 0.18670099
v -0.149489 -0.16151001 0.20340899
v -0.152825 -0.16151001 0.203361
v -0.149662 -0.18034501 0.21427899
v -0.152997 -0.18034501 0.21423099
v -0.149719 -0.20176 0.21805598
v -0.153065 -0.20176 0.21800799
v -0.149662 -0.22317402 0.21427899
v -0.152997 -0.22317402 0.21423099
v -0.149489 -0.24200101 0.20340899
v -0.152825 -0.24200101 0.20336099
v -0.14923 -0.25598601 0.18675799
v -0.152566 -0.25598601 0.18670099
v -0.14890499 -0.26341502 0.16632198
v -0.15223999 -0.26341502 0.16627398
v -0.148559 -0.26341502 0.14458099
v -0.151914 -0.26341502 0.14453298
v -0.14823399 -0.25598601 0.12415399
v -0.15158901 -0.25598601 0.12409699
v -0.147975 -0.242001 0.10749399
v -0.15132 -0.242001 0.10743699
v -0.147802 -0.22317401 0.09662389
v -0.15115701 -0.22317401 0.09657599
v -0.147802 -0.180345 0.09662389
v -0.147975 -0.16151001 0.10749399
v -0.147975 -0.242001 0.10749399
v -0.147745 -0.20176 0.09284729
v -0.14923 -0.14753401 0.18675799
v -0.148559 -0.26341502 0.14458099
v -0.14823399 -0.147534 0.124154
v -0.148559 -0.140095 0.144581
v -0.14890499 -0.140095 0.16632199
v -0.149662 -0.18034501 0.21427899
v -0.149662 -0.22317402 0.21427899
v -0.149489 -0.16151001 0.20340899
v -0.149719 -0.20176 0.21805598
v -0.149489 -0.24200101 0.20340899
v -0.14923 -0.25598601 0.18675799
v -0.14890499 -0.26341502 0.16632198
v -0.14823399 -0.25598601 0.12415399
v -0.147802 -0.22317401 0.09662389
v -0.15132 -0.242001 0.10743699
v -0.15158901 -0.25598601 0.12409699
v -0.15115701 -0.180345 0.09657599
v -0.15115701 -0.22317401 0.09657599
v -0.152825 -0.24200101 0.20336099
v -0.15158901 -0.147534 0.12409699
v -0.151914 -0.26341502 0.14453298
v -0.15223999 -0.26341502 0.16627398
v -0.152566 -0.25598601 0.18670099
v -0.153065 -0.20176 0.21800799
v -0.152825 -0.16151001 0.203361
v -0.152997 -0.22317402 0.21423099
v -0.152997 -0.18034501 0.21423099
v -0.152566 -0.14753401 0.18670099
v -0.15223999 -0.140095 0.16627399
v -0.151914 -0.140095 0.14453299
v -0.15132 -0.16151001 0.10743699
v -0.15109 -0.20176 0.09279939
v -0.150438 -0.18034501 0.26396199
v -0.150381 -0.20176001 0.26018499
v -0.153726 -0.20176001 0.26014598
v -0.15378401 -0.18034501 0.26391398
v -0.150611 -0.16151002 0.274832
v -0.153956 -0.16151002 0.27478399
v -0.15087 -0.14753401 0.29149198
v -0.15422501 -0.14753401 0.291444
v -0.151195 -0.14009501 0.31192898
v -0.15087 -0.14753401 0.29149198
v -0.15422501 -0.14753401 0.291444
v -0.15455 -0.14009501 0.31187099
v -0.15154099 -0.14009501 0.333669
v -0.15488601 -0.14009501 0.33361101
v -0.151857 -0.14753401 0.35409599
v -0.155202 -0.14753401 0.35404801
v -0.152125 -0.16151002 0.37075599
v -0.155461 -0.16151002 0.370698
v -0.152298 -0.18034502 0.381626
v -0.155634 -0.18034502 0.38156899
v -0.152355 -0.20176001 0.385403
v -0.155701 -0.20176001 0.385345
v -0.152298 -0.22317402 0.381626
v -0.155634 -0.22317402 0.38156899
v -0.152125 -0.24200101 0.37075599
v -0.155461 -0.24200101 0.37069799
v -0.151857 -0.25598602 0.35409598
v -0.155202 -0.25598602 0.354048
v -0.15154099 -0.26341502 0.333669
v -0.15488601 -0.26341502 0.333611
v -0.151195 -0.26341502 0.31192898
v -0.15455 -0.26341502 0.31187098
v -0.15087 -0.25598602 0.29149197
v -0.15422501 -0.25598602 0.29144399
v -0.150611 -0.24200101 0.274832
v -0.153956 -0.24200101 0.27478399
v -0.150438 -0.22317402 0.26396199
v -0.15378401 -0.22317402 0.26391398
v -0.150438 -0.18034501 0.26396199
v -0.150611 -0.16151002 0.274832
v -0.150611 -0.24200101 0.274832
v -0.150381 -0.20176001 0.26018499
v -0.151857 -0.14753401 0.35409599
v -0.151195 -0.26341502 0.31192898
v -0.15087 -0.14753401 0.29149198
v -0.151195 -0.14009501 0.31192898
v -0.15154099 -0.14009501 0.333669
v -0.152298 -0.18034502 0.381626
v -0.152298 -0.22317402 0.381626
v -0.152125 -0.16151002 0.37075599
v -0.152355 -0.20176001 0.385403
v -0.152125 -0.24200101 0.37075599
v -0.151857 -0.25598602 0.35409598
v -0.15154099 -0.26341502 0.333669
v -0.15087 -0.25598602 0.29149197
v -0.150438 -0.22317402 0.26396199
v -0.153956 -0.24200101 0.27478399
v -0.15422501 -0.25598602 0.29144399
v -0.15378401 -0.18034501 0.26391398
v -0.15378401 -0.22317402 0.26391398
v -0.155461 -0.24200101 0.37069799
v -0.15422501 -0.14753401 0.291444
v -0.15455 -0.26341502 0.31187098
v -0.15488601 -0.26341502 0.333611
v -0.155202 -0.25598602 0.354048
v -0.155701 -0.20176001 0.385345
v -0.155461 -0.16151002 0.370698
v -0.155634 -0.22317402 0.38156899
v -0.155634 -0.18034502 0.38156899
v -0.155202 -0.14753401 0.35404801
v -0.15488601 -0.14009501 0.33361101
v -0.15455 -0.14009501 0.31187099
v -0.153956 -0.16151002 0.27478399
v -0.153726 -0.20176001 0.26014598
v -0.153007 -0.17601301 0.426986
v -0.15294001 -0.19742702 0.423209
v -0.156295 -0.19742702 0.42315098
v -0.156343 -0.17601301 0.42692801
v -0.15318 -0.15717702 0.43785598
v -0.156515 -0.15717702 0.43779799
v -0.153438 -0.14320101 0.454506
v -0.156784 -0.14320101 0.45445799
v -0.15376399 -0.13576203 0.47493299
v -0.15710001 -0.13576203 0.47488498
v -0.154109 -0.13576203 0.496683
v -0.157445 -0.13576203 0.49662598
v -0.15442599 -0.14320102 0.51712
v -0.15777101 -0.14320102 0.517053
v -0.15468501 -0.15717702 0.53377002
v -0.15803 -0.15717702 0.53371298
v -0.15485699 -0.17601302 0.54464101
v -0.15820301 -0.17601302 0.54458301
v -0.15492401 -0.19742703 0.54841696
v -0.15826 -0.19742703 0.54836898
v -0.15485699 -0.21884202 0.54464101
v -0.15492401 -0.19742703 0.54841696
v -0.15826 -0.19742703 0.54836898
v -0.15820301 -0.21884202 0.54458301
v -0.15468501 -0.23767803 0.53377001
v -0.15803 -0.23767803 0.53371297
v -0.15442599 -0.25165402 0.51711999
v -0.15777101 -0.25165402 0.517053
v -0.154109 -0.25909202 0.49668299
v -0.157445 -0.25909202 0.49662598
v -0.15376399 -0.25909202 0.47493299
v -0.15710001 -0.25909202 0.47488498
v -0.153438 -0.25165402 0.454506
v -0.156784 -0.25165402 0.45445799
v -0.15318 -0.23767803 0.43785598
v -0.156515 -0.23767803 0.43779798
v -0.153007 -0.21884202 0.426986
v -0.156343 -0.21884202 0.426928
v -0.153007 -0.17601301 0.426986
v -0.15318 -0.15717702 0.43785598
v -0.15318 -0.23767803 0.43785598
v -0.15294001 -0.19742702 0.423209
v -0.15442599 -0.14320102 0.51712
v -0.15376399 -0.25909202 0.47493299
v -0.153438 -0.14320101 0.454506
v -0.15376399 -0.13576203 0.47493299
v -0.154109 -0.13576203 0.496683
v -0.15485699 -0.17601302 0.54464101
v -0.15485699 -0.21884202 0.54464101
v -0.15468501 -0.15717702 0.53377002
v -0.15492401 -0.19742703 0.54841696
v -0.15468501 -0.23767803 0.53377001
v -0.15442599 -0.25165402 0.51711999
v -0.154109 -0.25909202 0.49668299
v -0.153438 -0.25165402 0.454506
v -0.153007 -0.21884202 0.426986
v -0.156515 -0.23767803 0.43779798
v -0.156784 -0.25165402 0.45445799
v -0.156343 -0.17601301 0.42692801
v -0.156343 -0.21884202 0.426928
v -0.15803 -0.23767803 0.53371297
v -0.156784 -0.14320101 0.45445799
v -0.15710001 -0.25909202 0.47488498
v -0.157445 -0.25909202 0.49662598
v -0.15777101 -0.25165402 0.517053
v -0.15826 -0.19742703 0.54836898
v -0.15803 -0.15717702 0.53371298
v -0.15820301 -0.21884202 0.54458301
v -0.15820301 -0.17601302 0.54458301
v -0.15777101 -0.14320102 0.517053
v -0.157445 -0.13576203 0.49662598
v -0.15710001 -0.13576203 0.47488498
v -0.156515 -0.15717702 0.43779799
v -0.156295 -0.19742702 0.42315098
v -0.0634861 -0.12808399 -0.424072
v -0.0629493 -0.12955998 -0.42489601
v -0.438086 -0.46371798 -0.43080102
v -0.43863201 -0.46225099 -0.42997601
v -0.0636492 -0.12771998 -0.422202
v -0.438786 -0.46188698 -0.42810701
v -0.063304 -0.12873599 -0.42068801
v -0.43845001 -0.46290297 -0.42659201
v -0.0627193 -0.13037498 -0.420678
v -0.437866 -0.46453298 -0.42658301
v -0.0623262 -0.13139099 -0.42217401
v -0.43746299 -0.46554897 -0.42807903
v -0.0624319 -0.13102698 -0.42405302
v -0.0623262 -0.13139099 -0.42217401
v -0.43746299 -0.46554897 -0.42807903
v -0.43757799 -0.46519397 -0.42995702
v -0.0634861 -0.12808399 -0.424072
v -0.0636492 -0.12771998 -0.422202
v -0.0623262 -0.13139099 -0.42217401
v -0.0629493 -0.12955998 -0.42489601
v -0.063304 -0.12873599 -0.42068801
v -0.0627193 -0.13037498 -0.420678
v -0.0624319 -0.13102698 -0.42405302
v -0.43746299 -0.46554897 -0.42807903
v -0.437866 -0.46453298 -0.42658301
v -0.438786 -0.46188698 -0.42810701
v -0.43757799 -0.46519397 -0.42995702
v -0.43845001 -0.46290297 -0.42659201
v -0.43863201 -0.46225099 -0.42997601
v -0.438086 -0.46371798 -0.43080102
v -0.40635699 -0.43575699 -0.42854803
v -0.50623101 -0.52438597 -0.40661603
v -0.505301 -0.52352296 -0.40374001
v -0.50426602 -0.52257399 -0.40147802
v -0.50793701 -0.52623598 -0.43014901
v -0.50549299 -0.52438597 -0.45323103
v -0.507007 -0.52513401 -0.41039302
v -0.50759202 -0.52571897 -0.41536801
v -0.50790799 -0.52610199 -0.42185702
v -0.50765002 -0.52610199 -0.43842103
v -0.50712198 -0.52571897 -0.44480603
v -0.50638402 -0.52513401 -0.44963702
v -0.50448602 -0.52352295 -0.45588701
v -0.50338399 -0.52257399 -0.45792802
v -0.50224298 -0.52158699 -0.45965403
v -0.50319201 -0.521587 -0.39950403
v -0.066199 -0.12808399 -0.251308
v -0.0656622 -0.12955998 -0.25213302
v -0.440808 -0.46371799 -0.25803702
v -0.44135499 -0.462251 -0.25721302
v -0.0663716 -0.12771999 -0.24943001
v -0.441508 -0.46188699 -0.25533401
v -0.0660264 -0.12873599 -0.24791501
v -0.44117299 -0.46290298 -0.25382002
v -0.0654417 -0.13037499 -0.24791501
v -0.44057801 -0.46453299 -0.25382002
v -0.0650486 -0.13139099 -0.24940101
v -0.44018501 -0.46554898 -0.25532501
v -0.0651444 -0.13102699 -0.25128902
v -0.44029099 -0.46519398 -0.25719403
v -0.0656622 -0.12955998 -0.25213302
v -0.440808 -0.46371799 -0.25803702
v -0.066199 -0.12808399 -0.251308
v -0.0663716 -0.12771999 -0.24943001
v -0.0650486 -0.13139099 -0.24940101
v -0.0656622 -0.12955998 -0.25213302
v -0.0660264 -0.12873599 -0.24791501
v -0.0654417 -0.13037499 -0.24791501
v -0.0651444 -0.13102699 -0.25128902
v -0.44018501 -0.46554898 -0.25532501
v -0.44057801 -0.46453299 -0.25382002
v -0.441508 -0.46188699 -0.25533401
v -0.44029099 -0.46519398 -0.25719403
v -0.44117299 -0.46290298 -0.25382002
v -0.44135499 -0.462251 -0.25721302
v -0.440808 -0.46371799 -0.25803702
v -0.40908 -0.435757 -0.25578501
v -0.50895298 -0.52438598 -0.23384302
v -0.50801402 -0.52352296 -0.23096802
v -0.50698799 -0.522574 -0.22869603
v -0.51065898 -0.52623599 -0.25737601
v -0.50821501 -0.52438598 -0.28045901
v -0.50972998 -0.52513402 -0.23762002
v -0.51030499 -0.52571898 -0.24260502
v -0.51063001 -0.526102 -0.24909402
v -0.51037198 -0.52610199 -0.26563903
v -0.50984502 -0.52571898 -0.27203303
v -0.50911599 -0.52513401 -0.27687403
v -0.50719899 -0.52352296 -0.28312301
v -0.50610602 -0.522574 -0.28515603
v -0.50496602 -0.521587 -0.28688102
v -0.50590497 -0.521587 -0.22673103
v -0.0688446 -0.128084 -0.0838175
v -0.0682983 -0.12955999 -0.08464171
v -0.44344401 -0.46371799 -0.09053702
v -0.44399101 -0.462251 -0.08972232
v -0.0690077 -0.12771999 -0.0819387
v -0.44415399 -0.461887 -0.08784352
v -0.0686625 -0.128736 -0.08043361
v -0.443809 -0.46290299 -0.08633842
v -0.0680778 -0.13037499 -0.08042411
v -0.44322401 -0.464533 -0.08632892
v -0.0676847 -0.131391 -0.0819193
v -0.0680778 -0.13037499 -0.08042411
v -0.44322401 -0.464533 -0.08632892
v -0.442821 -0.46554899 -0.08782412
v -0.06779 -0.13102699 -0.08379811
v -0.442927 -0.46519398 -0.08970292
v -0.0688446 -0.128084 -0.0838175
v -0.0690077 -0.12771999 -0.0819387
v -0.0676847 -0.131391 -0.0819193
v -0.0682983 -0.12955999 -0.08464171
v -0.0686625 -0.128736 -0.08043361
v -0.0680778 -0.13037499 -0.08042411
v -0.06779 -0.13102699 -0.08379811
v -0.442821 -0.46554899 -0.08782412
v -0.44322401 -0.464533 -0.08632892
v -0.44415399 -0.461887 -0.08784352
v -0.442927 -0.46519398 -0.08970292
v -0.443809 -0.46290299 -0.08633842
v -0.44399101 -0.462251 -0.08972232
v -0.44344401 -0.46371799 -0.09053702
v -0.41171601 -0.43575701 -0.08829402
v -0.51158899 -0.52438599 -0.06635223
v -0.51065898 -0.52352297 -0.06348612
v -0.509624 -0.522574 -0.06121432
v -0.51328599 -0.52623599 -0.08989492
v -0.51086098 -0.52438598 -0.11297702
v -0.512366 -0.52513402 -0.07013872
v -0.512941 -0.52571898 -0.07511362
v -0.51326698 -0.526102 -0.08160302
v -0.51299798 -0.526102 -0.09815753
v -0.51247102 -0.52571898 -0.10455103
v -0.511742 -0.52513402 -0.10938203
v -0.509835 -0.52352297 -0.11563202
v -0.50874197 -0.522574 -0.11767402
v -0.50760102 -0.52158701 -0.11940002
v -0.508551 -0.52158701 -0.05924922
v -0.0713465 -0.12808401 0.0752094
v -0.0708002 -0.12956 0.0743852
v -0.44594601 -0.463718 0.06848038
v -0.446493 -0.46225101 0.06930458
v -0.0715096 -0.12772 0.07708819
v -0.446646 -0.46188701 0.07118338
v -0.0711644 -0.12873601 0.0785932
v -0.44630101 -0.462903 0.07268848
v -0.0705797 -0.130375 0.07860279
v -0.44571599 -0.464533 0.07269798
v -0.0701771 -0.13139101 0.07710749
v -0.0705797 -0.130375 0.07860279
v -0.44571599 -0.464533 0.07269798
v -0.445333 -0.465549 0.07119288
v -0.0702919 -0.131027 0.0752288
v -0.445429 -0.46519399 0.06932398
v -0.0713465 -0.12808401 0.0752094
v -0.0715096 -0.12772 0.07708819
v -0.0701771 -0.13139101 0.07710749
v -0.0708002 -0.12956 0.0743852
v -0.0711644 -0.12873601 0.0785932
v -0.0705797 -0.130375 0.07860279
v -0.0702919 -0.131027 0.0752288
v -0.445333 -0.465549 0.07119288
v -0.44571599 -0.464533 0.07269798
v -0.446646 -0.46188701 0.07118338
v -0.445429 -0.46519399 0.06932398
v -0.44630101 -0.462903 0.07268848
v -0.446493 -0.46225101 0.06930458
v -0.44594601 -0.463718 0.06848038
v -0.41421801 -0.43575701 0.07073288
v -0.51409101 -0.52438599 0.09267468
v -0.513161 -0.52352298 0.09554078
v -0.51213598 -0.52257401 0.09782208
v -0.51578802 -0.526236 0.06913198
v -0.51335299 -0.52438599 0.04605918
v -0.51486701 -0.52513403 0.08889767
v -0.51544303 -0.52571899 0.08391327
v -0.51576799 -0.52610201 0.07742378
v -0.51551002 -0.52610201 0.06087888
v -0.514983 -0.52571899 0.05448528
v -0.51425397 -0.52513403 0.04963468
v -0.51233703 -0.52352297 0.04339458
v -0.511244 -0.52257401 0.04136228
v -0.51010299 -0.52158702 0.03963708
v -0.51104301 -0.52158702 0.09978718
v -0.0739442 -0.12808401 0.240112
v -0.0734074 -0.12956 0.239288
v -0.448544 -0.46371801 0.23338298
v -0.44909 -0.46225102 0.23420798
v -0.0740974 -0.12772001 0.24198199
v -0.44924399 -0.46188701 0.23607698
v -0.0737621 -0.12873601 0.243496
v -0.44889799 -0.462903 0.23759098
v -0.0731774 -0.13037501 0.24350599
v -0.448304 -0.46453301 0.23759098
v -0.0727843 -0.13139101 0.24200099
v -0.0731774 -0.13037501 0.24350599
v -0.448304 -0.46453301 0.23759098
v -0.44793099 -0.465549 0.23609597
v -0.0728896 -0.13102701 0.240132
v -0.448026 -0.465194 0.23422698
v -0.0739442 -0.12808401 0.240112
v -0.0740974 -0.12772001 0.24198199
v -0.0727843 -0.13139101 0.24200099
v -0.0734074 -0.12956 0.239288
v -0.0737621 -0.12873601 0.243496
v -0.0731774 -0.13037501 0.24350599
v -0.0728896 -0.13102701 0.240132
v -0.44793099 -0.465549 0.23609597
v -0.448304 -0.46453301 0.23759098
v -0.44924399 -0.46188701 0.23607698
v -0.448026 -0.465194 0.23422698
v -0.44889799 -0.462903 0.23759098
v -0.44909 -0.46225102 0.23420798
v -0.448544 -0.46371801 0.23338298
v -0.41681501 -0.43575702 0.23562598
v -0.51667899 -0.524386 0.25756798
v -0.51575899 -0.52352298 0.26044396
v -0.51472402 -0.52257402 0.26271499
v -0.51838601 -0.52623601 0.23403498
v -0.51595998 -0.524386 0.21095297
v -0.517465 -0.52513404 0.25379098
v -0.51804 -0.525719 0.24881598
v -0.51836598 -0.52610202 0.24231698
v -0.518107 -0.52610202 0.22577197
v -0.51757997 -0.525719 0.21937897
v -0.51685202 -0.52513404 0.21453797
v -0.51493502 -0.52352298 0.20829698
v -0.51383197 -0.52257402 0.20625598
v -0.51269102 -0.52158702 0.20452998
v -0.51365 -0.52158703 0.26468099
v -0.0765514 -0.12808402 0.40586799
v -0.0760146 -0.12956001 0.40504398
v -0.45115101 -0.46371801 0.39913897
v -0.45169801 -0.46225103 0.39996398
v -0.0767145 -0.12772002 0.40773698
v -0.45185101 -0.46188702 0.40183298
v -0.0763693 -0.12873602 0.40924298
v -0.451516 -0.46290301 0.40333797
v -0.0757846 -0.13037502 0.409262
v -0.45093101 -0.46453302 0.40335698
v -0.0753915 -0.13139102 0.40776601
v -0.450528 -0.46554901 0.40186198
v -0.0754972 -0.13102702 0.40588799
v -0.0753915 -0.13139102 0.40776601
v -0.450528 -0.46554901 0.40186198
v -0.450643 -0.465194 0.39997298
v -0.0765514 -0.12808402 0.40586799
v -0.0767145 -0.12772002 0.40773698
v -0.0753915 -0.13139102 0.40776601
v -0.0760146 -0.12956001 0.40504398
v -0.0763693 -0.12873602 0.40924298
v -0.0757846 -0.13037502 0.409262
v -0.0754972 -0.13102702 0.40588799
v -0.450528 -0.46554901 0.40186198
v -0.45093101 -0.46453302 0.40335698
v -0.45185101 -0.46188702 0.40183298
v -0.450643 -0.465194 0.39997298
v -0.451516 -0.46290301 0.40333797
v -0.45169801 -0.46225103 0.39996398
v -0.45115101 -0.46371801 0.39913897
v -0.41942301 -0.43575703 0.40139199
v -0.51929599 -0.52438601 0.42331398
v -0.51836598 -0.52352299 0.42619998
v -0.517331 -0.52257403 0.42846198
v -0.52100199 -0.52623602 0.39978198
v -0.51856798 -0.52438601 0.37670899
v -0.52007198 -0.52513405 0.41954697
v -0.520657 -0.52571901 0.41457198
v -0.52097398 -0.52610202 0.40808297
v -0.520715 -0.52610202 0.39151899
v -0.52018797 -0.525719 0.38513399
v -0.519449 -0.52513404 0.38030297
v -0.517551 -0.52352299 0.37404398
v -0.51644897 -0.52257402 0.37201197
v -0.51530802 -0.52158703 0.37028597
v -0.51625699 -0.52158703 0.43043698
v 0.115728 -0.31142001 0.40311699
v 0.11546 -0.31142001 0.42089899
v 0.0331377 -0.31142001 0.41961397
v 0.0334156 -0.31142001 0.40183298
v 0.116016 -0.31142001 0.385345
v 0.0336935 -0.31142001 0.38405098
v 0.116294 -0.31142001 0.36756398
v 0.0339813 -0.31142001 0.36625998
v -0.0491747 -0.31142001 0.41831099
v -0.0488968 -0.31142001 0.40052898
v -0.0486189 -0.31142001 0.38275699
v -0.0483406 -0.31142001 0.36496599
v -0.131497 -0.31142001 0.417017
v -0.131219 -0.31142001 0.399235
v -0.130931 -0.31142001 0.38146298
v -0.13065299 -0.31142001 0.36367197
v 0.0331377 -0.28574001 0.41961397
v 0.11546 -0.28574001 0.42089899
v 0.115728 -0.28574001 0.40311699
v 0.0334156 -0.28574001 0.40183299
v 0.116016 -0.28574 0.385345
v 0.0336935 -0.28574 0.38405098
v 0.116294 -0.28574 0.36756398
v 0.0339813 -0.28574 0.36625998
v -0.0491747 -0.28574001 0.41831099
v -0.0488968 -0.28574001 0.40052898
v -0.0486189 -0.28574 0.382757
v -0.0483406 -0.28574 0.36496599
v -0.131497 -0.28574001 0.417017
v -0.131219 -0.28574001 0.399235
v -0.130931 -0.28574 0.38146298
v -0.13065299 -0.28574 0.36367198
v 0.11546 -0.30286001 0.42089899
v 0.11546 -0.31142001 0.42089899
v 0.115728 -0.31142001 0.40311699
v 0.115728 -0.30286001 0.40311699
v 0.116016 -0.31142001 0.385345
v 0.116016 -0.30286001 0.385345
v 0.116294 -0.30286001 0.36756398
v 0.11546 -0.29430001 0.42089899
v 0.115728 -0.29430001 0.40311699
v 0.116016 -0.29430001 0.385345
v 0.116294 -0.29430001 0.36756398
v 0.11546 -0.28574001 0.42089899
v 0.115728 -0.28574001 0.40311699
v 0.116016 -0.28574 0.385345
v 0.0339813 -0.30286001 0.36625998
v -0.0483406 -0.30286001 0.36496599
v -0.13065299 -0.30286001 0.36367198
v 0.0339813 -0.29430001 0.36625998
v -0.0483406 -0.29430001 0.36496599
v -0.13065299 -0.29430001 0.36367198
v -0.130931 -0.31142001 0.38146298
v -0.130931 -0.30286001 0.38146298
v -0.131219 -0.31142001 0.399235
v -0.131219 -0.30286001 0.399235
v -0.131497 -0.31142001 0.417017
v -0.131497 -0.30286001 0.417017
v -0.130931 -0.29430001 0.38146298
v -0.131219 -0.29430001 0.399235
v -0.131497 -0.29430001 0.417017
v -0.130931 -0.28574 0.38146298
v -0.131219 -0.28574001 0.399235
v -0.131497 -0.28574001 0.417017
v -0.131497 -0.30286001 0.417017
v -0.131497 -0.31142001 0.417017
v -0.0491747 -0.31142001 0.41831099
v -0.0491747 -0.30286001 0.41831099
v 0.0331377 -0.31142001 0.41961397
v 0.0331377 -0.30286001 0.41961397
v 0.11546 -0.31142001 0.42089899
v 0.11546 -0.30286001 0.42089899
v -0.131497 -0.29430001 0.417017
v -0.0491747 -0.29430001 0.41831099
v 0.0331377 -0.29430001 0.41961397
v 0.11546 -0.29430001 0.42089899
v 0.118412 -0.31142 0.23298998
v 0.118134 -0.31142 0.25077199
v 0.0358122 -0.31142 0.24946799
v 0.0360996 -0.31142 0.23168598
v 0.11869 -0.31142 0.21520899
v 0.0363779 -0.31142 0.21391499
v 0.118968 -0.31142 0.19742699
v 0.0366558 -0.31142 0.19612299
v -0.0465002 -0.31142 0.24817398
v -0.0462223 -0.31142 0.23039198
v -0.0459444 -0.31142 0.21261099
v -0.0456566 -0.31142 0.19483899
v -0.128822 -0.31142 0.24687998
v -0.128535 -0.31142 0.22909799
v -0.12825701 -0.31142 0.21131699
v -0.127969 -0.31142 0.19353499
v 0.0358122 -0.28574 0.24946799
v 0.118134 -0.28574 0.25077199
v 0.118412 -0.28574 0.23298998
v 0.0360996 -0.28574 0.23168598
v 0.11869 -0.28574 0.21520899
v 0.0363779 -0.28574 0.21391499
v 0.118968 -0.28574 0.19742699
v 0.0366558 -0.28574 0.19612299
v -0.0465002 -0.28574 0.24817398
v -0.0462223 -0.28574 0.23039198
v -0.0459444 -0.28574 0.21261099
v -0.0456566 -0.28574 0.19483899
v -0.128822 -0.28574 0.24687998
v -0.128535 -0.28574 0.22909799
v -0.12825701 -0.28574 0.21131699
v -0.127969 -0.28574 0.19353499
v 0.118134 -0.30286 0.25077199
v 0.118134 -0.31142 0.25077199
v 0.118412 -0.31142 0.23298998
v 0.118412 -0.30286 0.23298998
v 0.11869 -0.31142 0.21520899
v 0.11869 -0.30286 0.21520899
v 0.118968 -0.30286 0.19742699
v 0.118134 -0.2943 0.25077199
v 0.118412 -0.2943 0.23298998
v 0.11869 -0.2943 0.21520899
v 0.118968 -0.2943 0.19742699
v 0.118134 -0.28574 0.25077199
v 0.118412 -0.28574 0.23298998
v 0.11869 -0.28574 0.21520899
v 0.0366558 -0.30286 0.19612299
v -0.0456566 -0.30286 0.19483899
v -0.127969 -0.30286 0.19353499
v 0.0366558 -0.2943 0.19612299
v -0.0456566 -0.2943 0.19483899
v -0.127969 -0.2943 0.19353499
v -0.12825701 -0.31142 0.21131699
v -0.12825701 -0.30286 0.21131699
v -0.128535 -0.31142 0.22909799
v -0.128535 -0.30286 0.22909799
v -0.128822 -0.31142 0.24687998
v -0.128822 -0.30286 0.24687998
v -0.12825701 -0.2943 0.21131699
v -0.128535 -0.2943 0.22909799
v -0.128822 -0.2943 0.24687998
v -0.12825701 -0.28574 0.21131699
v -0.128535 -0.28574 0.22909799
v -0.128822 -0.28574 0.24687998
v -0.128822 -0.30286 0.24687998
v -0.128822 -0.31142 0.24687998
v -0.0465002 -0.31142 0.24817398
v -0.0465002 -0.30286 0.24817398
v 0.0358122 -0.31142 0.24946799
v 0.0358122 -0.30286 0.24946799
v 0.118134 -0.31142 0.25077199
v 0.118134 -0.30286 0.25077199
v -0.128822 -0.2943 0.24687998
v -0.0465002 -0.2943 0.24817398
v 0.0358122 -0.2943 0.24946799
v 0.118134 -0.2943 0.25077199
v 0.121087 -0.31142 0.06293979
v 0.120818 -0.31142 0.08072109
v 0.0384867 -0.31142 0.07942729
v 0.0387741 -0.31142 0.06164569
v 0.121374 -0.31142 0.04516779
v 0.039052 -0.31142 0.04387369
v 0.121643 -0.31141999 0.02737669
v 0.0393398 -0.31141999 0.02608259
v -0.0438258 -0.31142 0.07812338
v -0.0435383 -0.31142 0.06035169
v -0.0432699 -0.31142 0.04257009
v -0.0429825 -0.31141999 0.02478849
v -0.126138 -0.31142 0.07683908
v -0.12586001 -0.31142 0.05905759
v -0.12558199 -0.31142 0.04127599
v -0.125304 -0.31141999 0.02349469
v 0.0384867 -0.28573999 0.07942729
v 0.120818 -0.28573999 0.08072109
v 0.121087 -0.28573999 0.06293979
v 0.0387741 -0.28573999 0.06164569
v 0.121374 -0.28573999 0.04516779
v 0.039052 -0.28573999 0.04387369
v 0.121643 -0.28573999 0.02737669
v 0.0393398 -0.28573999 0.02608259
v -0.0438258 -0.28573999 0.07812339
v -0.0435383 -0.28573999 0.06035169
v -0.0432699 -0.28573999 0.04257009
v -0.0429825 -0.28573999 0.02478849
v -0.126138 -0.28573999 0.07683908
v -0.12586001 -0.28573999 0.05905759
v -0.12558199 -0.28573999 0.04127599
v -0.125304 -0.28573999 0.02349469
v 0.120818 -0.30286 0.08072109
v 0.120818 -0.31142 0.08072109
v 0.121087 -0.31142 0.06293979
v 0.121087 -0.30285999 0.06293979
v 0.121374 -0.31142 0.04516779
v 0.121374 -0.30285999 0.04516779
v 0.121643 -0.30285999 0.02737669
v 0.120818 -0.29429999 0.08072109
v 0.121087 -0.29429999 0.06293979
v 0.121374 -0.29429999 0.04516779
v 0.121643 -0.29429999 0.02737669
v 0.120818 -0.28573999 0.08072109
v 0.121087 -0.28573999 0.06293979
v 0.121374 -0.28573999 0.04516779
v 0.0393398 -0.30285999 0.02608259
v -0.0429825 -0.30285999 0.02478849
v -0.125304 -0.30285999 0.02349469
v 0.0393398 -0.29429999 0.02608259
v -0.0429825 -0.29429999 0.02478849
v -0.125304 -0.29429999 0.02349469
v -0.12558199 -0.31142 0.04127599
v -0.12558199 -0.30285999 0.04127599
v -0.12586001 -0.31142 0.05905759
v -0.12586001 -0.30285999 0.05905759
v -0.126138 -0.31142 0.07683908
v -0.126138 -0.30286 0.07683908
v -0.12558199 -0.29429999 0.04127599
v -0.12586001 -0.29429999 0.05905759
v -0.126138 -0.29429999 0.07683908
v -0.12558199 -0.28573999 0.04127599
v -0.12586001 -0.28573999 0.05905759
v -0.126138 -0.28573999 0.07683908
v -0.126138 -0.30286 0.07683908
v -0.126138 -0.31142 0.07683908
v -0.0438258 -0.31142 0.07812338
v -0.0438258 -0.30286 0.07812338
v 0.0384867 -0.31142 0.07942729
v 0.0384867 -0.30286 0.07942729
v 0.120818 -0.31142 0.08072109
v 0.120818 -0.30286 0.08072109
v -0.126138 -0.29429999 0.07683908
v -0.0438258 -0.29429999 0.07812339
v 0.0384867 -0.29429999 0.07942729
v 0.120818 -0.29429999 0.08072109
v 0.123608 -0.31141999 -0.09711281
v 0.12333 -0.31141999 -0.07933121
v 0.0410076 -0.31141999 -0.08062532
v 0.041295 -0.31141999 -0.09840681
v 0.123886 -0.31141999 -0.11488502
v 0.0415828 -0.31141999 -0.11618801
v 0.124164 -0.31141999 -0.13266602
v 0.0418512 -0.31141999 -0.13397002
v -0.0413049 -0.31141999 -0.08191931
v -0.041027 -0.31141999 -0.09970091
v -0.0407392 -0.31141999 -0.11748301
v -0.0404613 -0.31141999 -0.13526401
v -0.123627 -0.31141999 -0.08321341
v -0.123339 -0.31141999 -0.10099501
v -0.123061 -0.31141999 -0.11877701
v -0.122774 -0.31141999 -0.13655801
v 0.0410076 -0.28573998 -0.08062532
v 0.12333 -0.28573998 -0.07933121
v 0.123608 -0.28573998 -0.09711281
v 0.041295 -0.28573998 -0.09840681
v 0.123886 -0.28573998 -0.11488501
v 0.0415828 -0.28573998 -0.11618801
v 0.124164 -0.28573998 -0.13266602
v 0.0418512 -0.28573998 -0.13397002
v -0.0413049 -0.28573998 -0.08191931
v -0.041027 -0.28573998 -0.09970091
v -0.0407392 -0.28573998 -0.11748301
v -0.0404613 -0.28573998 -0.13526401
v -0.123627 -0.28573998 -0.08321341
v -0.123339 -0.28573998 -0.10099501
v -0.123061 -0.28573998 -0.11877701
v -0.122774 -0.28573998 -0.13655801
v 0.12333 -0.30285999 -0.07933121
v 0.12333 -0.31141999 -0.07933121
v 0.123608 -0.31141999 -0.09711281
v 0.123608 -0.30285999 -0.09711281
v 0.123886 -0.31141999 -0.11488502
v 0.123886 -0.30285999 -0.11488502
v 0.124164 -0.30285999 -0.13266602
v 0.12333 -0.29429999 -0.07933121
v 0.123608 -0.29429999 -0.09711281
v 0.123886 -0.29429998 -0.11488502
v 0.124164 -0.29429998 -0.13266602
v 0.12333 -0.28573998 -0.07933121
v 0.123608 -0.28573998 -0.09711281
v 0.123886 -0.28573998 -0.11488501
v 0.0418512 -0.30285999 -0.13397002
v -0.0404613 -0.30285999 -0.13526401
v -0.122774 -0.30285999 -0.13655801
v 0.0418512 -0.29429998 -0.13397002
v -0.0404613 -0.29429998 -0.13526401
v -0.122774 -0.29429998 -0.13655801
v -0.123061 -0.31141999 -0.11877701
v -0.123061 -0.30285999 -0.11877701
v -0.123339 -0.31141999 -0.10099501
v -0.123339 -0.30285999 -0.10099501
v -0.123627 -0.31141999 -0.08321341
v -0.123627 -0.30285999 -0.08321341
v -0.123061 -0.29429998 -0.11877701
v -0.123339 -0.29429999 -0.10099501
v -0.123627 -0.29429999 -0.08321341
v -0.123061 -0.28573998 -0.11877701
v -0.123339 -0.28573998 -0.10099501
v -0.123627 -0.28573998 -0.08321341
v -0.123627 -0.30285999 -0.08321341
v -0.123627 -0.31141999 -0.08321341
v -0.0413049 -0.31141999 -0.08191931
v -0.0413049 -0.30285999 -0.08191931
v 0.0410076 -0.31141999 -0.08062532
v 0.0410076 -0.30285999 -0.08062532
v 0.12333 -0.31141999 -0.07933121
v 0.12333 -0.30285999 -0.07933121
v -0.123627 -0.29429999 -0.08321341
v -0.0413049 -0.29429999 -0.08191931
v 0.0410076 -0.29429999 -0.08062532
v 0.12333 -0.29429999 -0.07933121
v 0.12625299 -0.31141998 -0.26513101
v 0.125975 -0.31141998 -0.24734901
v 0.0436532 -0.31141998 -0.24864301
v 0.0439409 -0.31141998 -0.26641603
v 0.126541 -0.31141998 -0.282903
v 0.0442188 -0.31141998 -0.28419702
v 0.126809 -0.31141998 -0.30068402
v 0.0444968 -0.31141998 -0.30198802
v -0.0386593 -0.31141998 -0.24993801
v -0.0383715 -0.31141998 -0.26771901
v -0.0381031 -0.31141998 -0.28550102
v -0.0378157 -0.31141998 -0.30328201
v -0.120972 -0.31141998 -0.25123201
v -0.120694 -0.31141998 -0.269013
v -0.120416 -0.31141998 -0.286795
v -0.120138 -0.31141998 -0.30456702
v 0.0436532 -0.28573998 -0.24864301
v 0.125975 -0.28573998 -0.24734901
v 0.12625299 -0.28573998 -0.26513101
v 0.0439409 -0.28573998 -0.26641603
v 0.126541 -0.28573998 -0.282903
v 0.0442188 -0.28573998 -0.28419702
v 0.126809 -0.28573997 -0.30068402
v 0.0444968 -0.28573997 -0.30198802
v -0.0386593 -0.28573998 -0.24993801
v -0.0383715 -0.28573998 -0.26771901
v -0.0381031 -0.28573998 -0.28550102
v -0.0378157 -0.28573997 -0.30328201
v -0.120972 -0.28573998 -0.25123201
v -0.120694 -0.28573998 -0.269013
v -0.120416 -0.28573998 -0.286795
v -0.120138 -0.28573997 -0.30456702
v 0.125975 -0.30285998 -0.24734901
v 0.125975 -0.31141998 -0.24734901
v 0.12625299 -0.31141998 -0.26513101
v 0.12625299 -0.30285998 -0.26513101
v 0.126541 -0.31141998 -0.282903
v 0.126541 -0.30285998 -0.282903
v 0.126809 -0.30285998 -0.30068402
v 0.125975 -0.29429998 -0.24734901
v 0.12625299 -0.29429998 -0.26513101
v 0.126541 -0.29429998 -0.282903
v 0.126809 -0.29429998 -0.30068402
v 0.125975 -0.28573998 -0.24734901
v 0.12625299 -0.28573998 -0.26513101
v 0.126541 -0.28573998 -0.282903
v 0.0444968 -0.30285998 -0.30198802
v -0.0378157 -0.30285998 -0.30328201
v -0.120138 -0.30285998 -0.30456702
v 0.0444968 -0.29429998 -0.30198802
v -0.0378157 -0.29429998 -0.30328201
v -0.120138 -0.29429998 -0.30456702
v -0.120416 -0.31141998 -0.286795
v -0.120416 -0.30285998 -0.286795
v -0.120694 -0.31141998 -0.269013
v -0.120694 -0.30285998 -0.269013
v -0.120972 -0.31141998 -0.25123201
v -0.120972 -0.30285998 -0.25123201
v -0.120416 -0.29429998 -0.286795
v -0.120694 -0.29429998 -0.269013
v -0.120972 -0.29429998 -0.25123201
v -0.120416 -0.28573998 -0.286795
v -0.120694 -0.28573998 -0.269013
v -0.120972 -0.28573998 -0.25123201
v -0.120972 -0.30285998 -0.25123201
v -0.120972 -0.31141998 -0.25123201
v -0.0386593 -0.31141998 -0.24993801
v -0.0386593 -0.30285998 -0.24993801
v 0.0436532 -0.31141998 -0.24864301
v 0.0436532 -0.30285998 -0.24864301
v 0.125975 -0.31141998 -0.24734901
v 0.125975 -0.30285998 -0.24734901
v -0.120972 -0.29429998 -0.25123201
v -0.0386593 -0.29429998 -0.24993801
v 0.0436532 -0.29429998 -0.24864301
v 0.125975 -0.29429998 -0.24734901
v 0.12892801 -0.31141997 -0.43495102
v 0.12864999 -0.31141998 -0.41717
v 0.0463276 -0.31141998 -0.41846402
v 0.0466055 -0.31141997 -0.43623601
v 0.129215 -0.31141997 -0.45272301
v 0.0468835 -0.31141997 -0.45402701
v 0.129484 -0.31141997 -0.47050501
v 0.0471712 -0.31141997 -0.471808
v -0.0359848 -0.31141998 -0.41976802
v -0.0356974 -0.31141997 -0.43753902
v -0.035429 -0.31141997 -0.45532103
v -0.0351412 -0.31141997 -0.473103
v -0.118297 -0.31141998 -0.42105202
v -0.118019 -0.31141997 -0.43883403
v -0.117741 -0.31141997 -0.45661501
v -0.117463 -0.31141997 -0.474387
v 0.0463276 -0.28573997 -0.41846402
v 0.12864999 -0.28573997 -0.41717
v 0.12892801 -0.28573997 -0.43495102
v 0.0466055 -0.28573997 -0.43623601
v 0.129215 -0.28573997 -0.45272301
v 0.0468835 -0.28573997 -0.45402701
v 0.129484 -0.28573997 -0.47050501
v 0.0471712 -0.28573997 -0.471808
v -0.0359848 -0.28573997 -0.41976802
v -0.0356974 -0.28573997 -0.43753902
v -0.035429 -0.28573997 -0.45532103
v -0.0351412 -0.28573997 -0.473103
v -0.118297 -0.28573997 -0.42105202
v -0.118019 -0.28573997 -0.43883402
v -0.117741 -0.28573997 -0.45661501
v -0.117463 -0.28573997 -0.474387
v 0.12864999 -0.30285997 -0.41717
v 0.12864999 -0.31141998 -0.41717
v 0.12892801 -0.31141997 -0.43495102
v 0.12892801 -0.30285997 -0.43495102
v 0.129215 -0.31141997 -0.45272301
v 0.129215 -0.30285997 -0.45272301
v 0.129484 -0.30285997 -0.47050501
v 0.12864999 -0.29429997 -0.41717
v 0.12892801 -0.29429997 -0.43495102
v 0.129215 -0.29429997 -0.45272301
v 0.129484 -0.29429997 -0.47050501
v 0.12864999 -0.28573997 -0.41717
v 0.12892801 -0.28573997 -0.43495102
v 0.129215 -0.28573997 -0.45272301
v 0.0471712 -0.30285997 -0.471808
v -0.0351412 -0.30285997 -0.473103
v -0.117463 -0.30285997 -0.474387
v 0.0471712 -0.29429997 -0.471808
v -0.0351412 -0.29429997 -0.473103
v -0.117463 -0.29429997 -0.474387
v -0.117741 -0.31141997 -0.45661501
v -0.117741 -0.30285997 -0.45661501
v -0.118019 -0.31141997 -0.43883403
v -0.118019 -0.30285997 -0.43883402
v -0.118297 -0.31141998 -0.42105202
v -0.118297 -0.30285997 -0.42105202
v -0.117741 -0.29429997 -0.45661501
v -0.118019 -0.29429997 -0.43883402
v -0.118297 -0.29429997 -0.42105202
v -0.117741 -0.28573997 -0.45661501
v -0.118019 -0.28573997 -0.43883402
v -0.118297 -0.28573997 -0.42105202
v -0.118297 -0.30285997 -0.42105202
v -0.118297 -0.31141998 -0.42105202
v -0.0359848 -0.31141998 -0.41976802
v -0.0359848 -0.30285997 -0.41976802
v 0.0463276 -0.31141998 -0.41846402
v 0.0463276 -0.30285997 -0.41846402
v 0.12864999 -0.31141998 -0.41717
v 0.12864999 -0.30285997 -0.41717
v -0.118297 -0.29429997 -0.42105202
v -0.0359848 -0.29429997 -0.41976802
v 0.0463276 -0.29429997 -0.41846402
v 0.12864999 -0.29429997 -0.41717
v -0.00030679 0.526236 -0.00728514
v -0.00030679 -0.31141999 -0.00728517
v -0.00632675 -0.31141999 -0.00449587
v -0.00632675 0.526236 -0.00449584
v -0.00790825 -0.31141999 0.00194606
v -0.00790825 0.526236 0.00194609
v -0.00385338 -0.31141999 0.00719885
v -0.00385338 0.526236 0.00719888
v 0.00277028 -0.31141999 0.00729465
v 0.00277028 0.526236 0.00729468
v 0.00699738 -0.31141999 0.00217607
v 0.00699738 0.526236 0.0021761
v 0.00561699 -0.31141999 -0.00430389
v 0.00561699 0.526236 -0.00430386
v -0.00030679 -0.31141999 -0.00728517
v -0.00030679 0.526236 -0.00728514
v 0.00277028 -0.31141999 0.00729465
v -0.00385338 -0.31141999 0.00719885
v -0.00030679 -0.31141999 -0.00728517
v 0.00699738 -0.31141999 0.00217607
v -0.00790825 -0.31141999 0.00194606
v -0.00632675 -0.31141999 -0.00449587
v 0.00561699 -0.31141999 -0.00430389
v -0.00790825 0.526236 0.00194609
v -0.00385338 0.526236 0.00719888
v 0.00561699 0.526236 -0.00430386
v -0.00632675 0.526236 -0.00449584
v 0.00277028 0.526236 0.00729468
v 0.00699738 0.526236 0.0021761
v -0.00030679 0.526236 -0.00728514
v 0.23413099 0.36059499 -0.00358497
v -0.234745 0.36059499 -0.01096588
v -0.23479199 0.36656699 -0.00809033
v 0.234083 0.36656699 -0.00070938
v -0.234898 0.36804301 -0.00162939
v 0.233987 0.36804301 0.00575157
v -0.234975 0.36391199 0.00355648
v 0.23390099 0.36391199 0.01093742
v -0.234975 0.35727799 0.00355648
v 0.23390099 0.35727799 0.01093742
v -0.234898 0.353147 -0.00162939
v 0.233987 0.353147 0.00575157
v -0.23479199 0.35462299 -0.00809033
v 0.234083 0.35462299 -0.00070938
v -0.234745 0.36059499 -0.01096588
v 0.23413099 0.36059499 -0.00358497
v -0.234975 0.35727799 0.00355648
v -0.234975 0.36391199 0.00355648
v -0.234745 0.36059499 -0.01096588
v -0.234898 0.353147 -0.00162939
v -0.234898 0.36804301 -0.00162939
v -0.23479199 0.36656699 -0.00809033
v -0.23479199 0.35462299 -0.00809033
v 0.233987 0.36804301 0.00575157
v 0.23390099 0.36391199 0.01093742
v 0.234083 0.35462299 -0.00070938
v 0.234083 0.36656699 -0.00070938
v 0.23390099 0.35727799 0.01093742
v 0.233987 0.353147 0.00575157
v 0.23413099 0.36059499 -0.00358497
v -0.159803 0.238799 0.03253401
v -0.154953 0.179013 0.03318561
v -0.109919 0.178725 0.05389071
v -0.111012 0.238684 0.04908841
v -0.21627299 0.238943 0.01060171
v -0.20664901 0.17933901 0.00572268
v -0.149307 0.108251 0.0286806
v -0.196977 0.109066 -0.0013515
v -0.107935 0.114223 0.0507851
v -0.16918799 0.35842901 0.01046752
v -0.164529 0.29861399 0.02358071
v -0.111913 0.29866201 0.03303241
v -0.112728 0.358659 0.01135902
v -0.235358 0.35815099 0.00943237
v -0.22583 0.298547 0.01111001
v -0.142223 0.0155576 0.0221144
v -0.187324 0.0174747 -0.00841616
v -0.177652 -0.084776 -0.0154903
v -0.157637 -0.068394 0.00649898
v -0.137612 -0.0520121 0.0218361
v -0.116706 -0.0379403 0.0333392
v -0.104331 0.040605 0.0430974
v -0.0954929 -0.0250283 0.0378252
v -0.0762446 0.0520216 0.0513124
v -0.0736568 -0.0144169 0.041506
v -0.0528555 0.0557504 0.0533444
v -0.0510535 -0.00670046 0.0451871
v -0.053939 0.11762599 0.05944111
v -0.0780469 0.116869 0.05864551
v -0.0782386 0.178524 0.06106101
v -0.0535649 0.178361 0.06144431
v -0.052386 0.23853099 0.05527111
v -0.0775485 0.238598 0.05488791
v -0.076657 0.2987 0.03646421
v -0.0509961 0.29871899 0.03686681
v -0.0495294 0.35892701 0.01234632
v -0.0756793 0.35882199 0.01193422
v 0.0790917 -0.0316041 0.0393687
v 0.117137 0.0110427 0.0273767
v 0.061732 0.0425222 0.0484079
v 0.0502289 -0.0162286 0.0456566
v 0.108721 -0.0498649 0.0323519
v 0.142223 -0.0819865 0.0112153
v 0.175735 -0.114108 -0.00993076
v 0.18553101 0.0007189 -0.00254979
v 0.125477 0.105184 0.0332913
v 0.195337 0.102116 0.00483117
v 0.0660359 0.113476 0.05419751
v 0.0705892 0.17754599 0.05673781
v 0.13303 0.177153 0.03771991
v 0.205144 0.17668401 0.01220261
v 0.21497799 0.237831 0.01738851
v 0.140258 0.238023 0.03725951
v 0.0753626 0.238195 0.05203131
v 0.14760099 0.29890099 0.02848861
v 0.080309 0.29884401 0.03606161
v 0.22488999 0.298978 0.01820321
v 0.23484001 0.360125 0.01682282
v 0.15502 0.35979 0.01556712
v 0.0853511 0.35949299 0.01446502
v 0.0229291 -0.00663336 0.0504688
v 0.0239259 0.0553574 0.0566131
v -0.00383437 0.0577155 0.0572936
v -0.00296189 -0.00222389 0.0522997
v 0.0253158 0.116974 0.06121431
v -0.00418907 0.11777 0.0610226
v 0.0274918 0.177824 0.06271931
v -0.00348918 0.178026 0.06223991
v 0.0301663 0.23830999 0.05657471
v -0.00216657 0.238396 0.05606681
v 0.0330324 0.298796 0.03818941
v -0.00065198 0.298767 0.03766211
v 0.0359943 0.35929099 0.01368832
v 0.00095841 0.35913801 0.01314202
v -0.0290733 0.0577539 0.0557695
v -0.0275591 -0.00244438 0.0496731
v -0.0299648 0.117962 0.0603421
v -0.0295816 0.17819799 0.06182781
v -0.0284696 0.238464 0.05564521
v -0.027166 0.29873898 0.03725001
v -0.0257761 0.35903299 0.01272042
v 0.118038 -0.19575902 0.581555
v 0.120329 -0.19693802 0.59280901
v 0.134286 -0.20015002 0.45326998
v 0.131736 -0.19891301 0.444671
v 0.0962692 -0.18662404 0.68307697
v 0.0981289 -0.18763103 0.69629597
v 0.0650102 -0.16822903 0.78135996
v 0.0662659 -0.16887104 0.796476
v 0.035448 -0.14826203 0.86120897
v 0.0361285 -0.14852104 0.87786799
v 0.0187689 -0.13445904 0.90738302
v 0.0191331 -0.13444905 0.92494398
v 0.00602946 -0.10651605 0.95351898
v 0.00614428 -0.10597004 0.96250999
v 0.00028741 -0.07211334 0.97013098
v 0.00029692 -0.07089595 0.974128
v -0.00491747 -0.05769644 0.98655098
v -0.00500377 -0.05620104 0.98877501
v -0.0154808 -0.03356925 0.99261898
v -0.0157781 -0.03161374 0.99496698
v -0.00984445 -0.03161374 0.99506301
v -0.00965284 -0.03356925 0.992715
v 0.13880099 -0.19936402 0.240323
v 0.141495 -0.20061001 0.244982
v 0.14531 -0.20015 0.00229089
v 0.14254899 -0.19891299 0.00224298
v 0.13628 -0.19575897 -0.57753904
v 0.138926 -0.19693797 -0.58871598
v 0.120003 -0.18763097 -0.69286401
v 0.117722 -0.18662398 -0.67971302
v 0.14566401 -0.19891297 -0.440291
v 0.14848299 -0.20014998 -0.44881202
v 0.0895687 -0.16822896 -0.77892501
v 0.0913038 -0.16887097 -0.79399402
v 0.063745 -0.14852097 -0.87628699
v 0.0625372 -0.14826196 -0.85965598
v 0.0303674 -0.07211326 -0.95514798
v 0.0309521 -0.07089586 -0.97363901
v 0.026121 -0.05620096 -0.98843998
v 0.0256226 -0.05769636 -0.96967101
v 0.0357449 -0.10651596 -0.94356901
v 0.0364448 -0.10596996 -0.96183002
v 0.0473149 -0.13445896 -0.90633798
v 0.0482353 -0.13444896 -0.92387999
v 0.0214913 -0.03161366 -0.99487198
v 0.0210788 -0.03356916 -0.97598797
v 0.0155576 -0.03161366 -0.99496699
v 0.0152603 -0.03356916 -0.97607398
v 0.14629699 -0.199364 -0.23582801
v 0.14912499 -0.20060999 -0.24039001
v -0.14588501 -0.19891301 0.44029998
v -0.14870299 -0.20015002 0.44882198
v -0.139137 -0.19693802 0.58871596
v -0.1365 -0.19575902 0.57754802
v -0.120224 -0.18763103 0.69285499
v -0.117943 -0.18662404 0.67970299
v -0.0915338 -0.16887104 0.793994
v -0.0897991 -0.16822903 0.77892499
v -0.0639655 -0.14852104 0.87629699
v -0.0627482 -0.14826203 0.85965597
v -0.0475354 -0.13445904 0.90634798
v -0.0484463 -0.13444905 0.92388999
v -0.0366558 -0.10597004 0.96183002
v -0.0359559 -0.10651605 0.95284801
v -0.0311825 -0.07089595 0.97363901
v -0.0305879 -0.07211334 0.96964198
v -0.0263415 -0.05620104 0.98843997
v -0.0258431 -0.05769644 0.98622501
v -0.0212997 -0.03356925 0.99253303
v -0.0217023 -0.03161374 0.99488097
v -0.0157781 -0.03161374 0.99496698
v -0.0154808 -0.03356925 0.99261898
v -0.14275999 -0.19891299 -0.002243
v -0.145521 -0.20015 -0.00229091
v -0.149345 -0.20061001 0.24039999
v -0.14650799 -0.19936402 0.23583699
v -0.0964897 -0.18662398 -0.68307699
v -0.0983589 -0.18763097 -0.69629598
v -0.12054 -0.19693797 -0.59280903
v -0.118249 -0.19575897 -0.58155502
v -0.134497 -0.20014998 -0.45327
v -0.131947 -0.19891297 -0.44467101
v -0.035659 -0.14826196 -0.86119903
v -0.036349 -0.14852097 -0.877859
v -0.0664864 -0.16887097 -0.79648603
v -0.0652307 -0.16822896 -0.78136898
v -0.0004984 -0.07211326 -0.95563698
v -0.00050827 -0.07089586 -0.97412801
v -0.00636514 -0.10596996 -0.96250099
v -0.00624996 -0.10651596 -0.94423002
v 0.00469697 -0.05769636 -0.97000599
v 0.00479278 -0.05620096 -0.98877502
v -0.0193441 -0.13444896 -0.92494399
v -0.0189799 -0.13445896 -0.90738303
v 0.00944185 -0.03356916 -0.97617
v 0.00962395 -0.03161366 -0.99505401
v 0.0152603 -0.03356916 -0.97607398
v 0.0155576 -0.03161366 -0.99496699
v -0.141706 -0.20060999 -0.24498201
v -0.13901199 -0.199364 -0.24032302
v 0.118038 -0.26548603 0.581555
v 0.118038 -0.19575902 0.581555
v 0.131736 -0.19891301 0.444671
v 0.131736 -0.26863902 0.44467099
v 0.0962692 -0.25636002 0.68307697
v 0.0962692 -0.18662404 0.68307697
v 0.0650102 -0.23795604 0.78135996
v 0.0650102 -0.16822903 0.78135996
v 0.035448 -0.21798904 0.86120897
v 0.035448 -0.14826203 0.86120897
v 0.0187689 -0.20418503 0.90738302
v 0.0187689 -0.13445904 0.90738302
v 0.00602946 -0.17624305 0.94423997
v 0.00602946 -0.10651605 0.95351898
v 0.00028741 -0.14184004 0.95563697
v 0.00028741 -0.07211334 0.97013098
v -0.00491747 -0.12742305 0.97000598
v -0.00491747 -0.05769644 0.98655098
v -0.0154808 -0.10330504 0.97608399
v -0.0154808 -0.03356925 0.99261898
v -0.00965284 -0.03356925 0.992715
v -0.00965284 -0.10330504 0.97617
v 0.13880099 -0.26909001 0.240323
v 0.13880099 -0.19936402 0.240323
v 0.14254899 -0.19891299 0.00224298
v 0.14254899 -0.268639 0.00224298
v 0.13628 -0.26548598 -0.57753904
v 0.13628 -0.19575897 -0.57753904
v 0.117722 -0.18662398 -0.67971302
v 0.117722 -0.25635996 -0.67971302
v 0.14566401 -0.26863898 -0.440291
v 0.14566401 -0.19891297 -0.440291
v 0.0895687 -0.23795597 -0.77892501
v 0.0895687 -0.16822896 -0.77892501
v 0.0625372 -0.14826196 -0.85965598
v 0.0625372 -0.21798896 -0.85965599
v 0.0303674 -0.14183995 -0.95514799
v 0.0303674 -0.07211326 -0.95514798
v 0.0256226 -0.05769636 -0.96967101
v 0.0256226 -0.12742296 -0.96967102
v 0.0357449 -0.17624297 -0.94356901
v 0.0357449 -0.10651596 -0.94356901
v 0.0473149 -0.20418495 -0.90633799
v 0.0473149 -0.13445896 -0.90633798
v 0.0210788 -0.03356916 -0.97598797
v 0.0210788 -0.10330495 -0.97598798
v 0.0152603 -0.03356916 -0.97607398
v 0.0152603 -0.10330495 -0.97607398
v 0.14629699 -0.26908999 -0.23582801
v 0.14629699 -0.199364 -0.23582801
v -0.14588501 -0.26863902 0.44029998
v -0.14588501 -0.19891301 0.44029998
v -0.1365 -0.19575902 0.57754802
v -0.1365 -0.26548603 0.57753902
v -0.117943 -0.18662404 0.67970299
v -0.117943 -0.25636002 0.67970299
v -0.0897991 -0.16822903 0.77892499
v -0.0897991 -0.23795604 0.77892499
v -0.0627482 -0.14826203 0.85965597
v -0.0627482 -0.21798904 0.85965597
v -0.0475354 -0.20418503 0.90634798
v -0.0475354 -0.13445904 0.90634798
v -0.0359559 -0.10651605 0.95284801
v -0.0359559 -0.17624305 0.943569
v -0.0305879 -0.07211334 0.96964198
v -0.0305879 -0.14184004 0.95514798
v -0.0258431 -0.05769644 0.98622501
v -0.0258431 -0.12742305 0.96968001
v -0.0212997 -0.10330504 0.97599697
v -0.0212997 -0.03356925 0.99253303
v -0.0154808 -0.03356925 0.99261898
v -0.0154808 -0.10330504 0.97608399
v -0.14275999 -0.268639 -0.002243
v -0.14275999 -0.19891299 -0.002243
v -0.14650799 -0.19936402 0.23583699
v -0.14650799 -0.26909001 0.23583699
v -0.0964897 -0.25635996 -0.68307699
v -0.0964897 -0.18662398 -0.68307699
v -0.118249 -0.19575897 -0.58155502
v -0.118249 -0.26548598 -0.58155502
v -0.131947 -0.19891297 -0.44467101
v -0.131947 -0.26863898 -0.44467102
v -0.035659 -0.21798896 -0.86119903
v -0.035659 -0.14826196 -0.86119903
v -0.0652307 -0.16822896 -0.78136898
v -0.0652307 -0.23795597 -0.78136898
v -0.0004984 -0.14183995 -0.95563698
v -0.0004984 -0.07211326 -0.95563698
v -0.00624996 -0.10651596 -0.94423002
v -0.00624996 -0.17624297 -0.94423003
v 0.00469697 -0.12742296 -0.97000599
v 0.00469697 -0.05769636 -0.97000599
v -0.0189799 -0.13445896 -0.90738303
v -0.0189799 -0.20418495 -0.90738303
v 0.00944185 -0.10330495 -0.97617001
v 0.00944185 -0.03356916 -0.97617
v 0.0152603 -0.10330495 -0.97607398
v 0.0152603 -0.03356916 -0.97607398
v -0.13901199 -0.199364 -0.24032302
v -0.13901199 -0.26908999 -0.24032302
v 0.113284 -0.27536901 0.57211297
v 0.126435 -0.27780302 0.43744399
v 0.0923869 -0.26831302 0.67198699
v 0.0623932 -0.25409803 0.76866798
v 0.0340197 -0.23867504 0.84722297
v 0.0180116 -0.22800604 0.89265
v 0.00578008 -0.20641905 0.92890297
v 0.00027791 -0.17983704 0.94011801
v -0.00471636 -0.16869904 0.954257
v -0.0148577 -0.15005505 0.96022897
v -0.00926926 -0.15005505 0.960325
v 0.133212 -0.27815802 0.23642199
v 0.13681699 -0.277803 0.00220459
v 0.130797 -0.27536896 -0.568164
v 0.112987 -0.26831296 -0.66868002
v 0.139798 -0.27780298 -0.43314902
v 0.0859647 -0.25409796 -0.76628102
v 0.060016 -0.23867496 -0.84569902
v 0.0291406 -0.17983696 -0.93964798
v 0.0245874 -0.16869895 -0.95393098
v 0.0343071 -0.20641897 -0.92825104
v 0.0454073 -0.22800597 -0.89162398
v 0.0202257 -0.15005496 -0.96014304
v 0.0146372 -0.15005496 -0.96022899
v 0.140402 -0.278158 -0.23200302
v -0.140018 -0.27780302 0.433149
v -0.131018 -0.27536901 0.56816398
v -0.113198 -0.26831302 0.66866999
v -0.0861852 -0.25409803 0.766272
v -0.060227 -0.23867504 0.845699
v -0.0456183 -0.22800604 0.89163398
v -0.0345181 -0.20641905 0.92825102
v -0.0293611 -0.17983704 0.93963896
v -0.0248079 -0.16869904 0.95393097
v -0.0204462 -0.15005505 0.96014302
v -0.0148577 -0.15005505 0.96022897
v -0.137018 -0.277803 -0.00221448
v -0.140622 -0.27815802 0.23200299
v -0.0926173 -0.26831296 -0.67198701
v -0.113495 -0.27536896 -0.57211299
v -0.126646 -0.27780298 -0.43745301
v -0.0342307 -0.23867496 -0.84721298
v -0.0626042 -0.25409796 -0.76867802
v -0.00048889 -0.17983696 -0.94012702
v -0.00600057 -0.20641897 -0.92890299
v 0.00450537 -0.16869895 -0.95425702
v -0.0182131 -0.22800597 -0.89265002
v 0.00905827 -0.15005496 -0.960315
v 0.0146372 -0.15005496 -0.96022899
v -0.133423 -0.278158 -0.23642201
v 0.0911791 -0.31665402 0.44752799
v 0.101762 -0.31666403 0.34218998
v 0.0743563 -0.31663504 0.52565096
v 0.0502099 -0.31659704 0.60128199
v 0.0273576 -0.31654903 0.66272698
v 0.0144745 -0.31652004 0.69826101
v 0.00462969 -0.31645304 0.72662501
v 0.00020112 -0.31637603 0.73539601
v -0.00381499 -0.31634704 0.74644797
v -0.0119821 -0.31629002 0.75112598
v -0.00748664 -0.31629002 0.75119297
v 0.107226 -0.31666402 0.18493699
v 0.110121 -0.31666401 0.00172557
v 0.10528 -0.31665398 -0.444441
v 0.0909396 -0.31663499 -0.52306302
v 0.112527 -0.316664 -0.33882601
v 0.0691799 -0.31659699 -0.59941299
v 0.0482927 -0.31654897 -0.66153802
v 0.023437 -0.31637597 -0.73502202
v 0.0197752 -0.31634697 -0.74619903
v 0.0275972 -0.31645298 -0.72611703
v 0.0365311 -0.31651997 -0.69746603
v 0.016267 -0.31628996 -0.75105901
v 0.0117616 -0.31628996 -0.75112601
v 0.113016 -0.316664 -0.18148601
v -0.112738 -0.31666403 0.33882599
v -0.105491 -0.31665402 0.44444098
v -0.0911506 -0.31663504 0.52305399
v -0.0694004 -0.31659704 0.59940396
v -0.0485132 -0.31654903 0.66153799
v -0.0367516 -0.31652004 0.697466
v -0.0278081 -0.31645304 0.726108
v -0.0236575 -0.31637603 0.73502199
v -0.0199957 -0.31634704 0.746199
v -0.016478 -0.31629002 0.75105898
v -0.110332 -0.31666401 -0.00173509
v -0.113227 -0.31666402 0.18148598
v -0.0745768 -0.31663499 -0.52565099
v -0.0913901 -0.31665398 -0.44752802
v -0.101973 -0.316664 -0.34219102
v -0.0275781 -0.31654897 -0.662717
v -0.0504209 -0.31659699 -0.60129203
v -0.00041211 -0.31637597 -0.73539604
v -0.00485055 -0.31645298 -0.72661604
v 0.00361387 -0.31634697 -0.74645801
v -0.0146855 -0.31651997 -0.69826104
v 0.00726578 -0.31628996 -0.75119401
v -0.107437 -0.316664 -0.18494701
v -0.109919 0.178725 0.04850371
v -0.154953 0.179013 0.02779861
v -0.159803 0.238799 0.02714671
v -0.111012 0.238684 0.04370111
v -0.20664901 0.17933901 0.00033569
v -0.21627299 0.238943 0.00521477
v -0.149307 0.108251 0.0232933
v -0.196977 0.109066 -0.00673885
v -0.107935 0.114223 0.0453882
v -0.111913 0.29866201 0.02764511
v -0.164529 0.29861399 0.01818421
v -0.16918799 0.35842901 0.00507071
v -0.112728 0.358659 0.00597207
v -0.22583 0.298547 0.00572268
v -0.235358 0.35815099 0.00403551
v -0.142223 0.0155576 0.016727
v -0.187324 0.0174747 -0.0138035
v -0.157637 -0.068394 0.00110248
v -0.177652 -0.084776 -0.0208777
v -0.116706 -0.0379403 0.0279518
v -0.137612 -0.0520121 0.0164491
v -0.104331 0.040605 0.03771
v -0.0954929 -0.0250283 0.0324283
v -0.0762446 0.0520216 0.045925
v -0.0736568 -0.0144169 0.0361095
v -0.0528555 0.0557504 0.0479574
v -0.0510535 -0.00670046 0.0397998
v -0.053939 0.11762599 0.0540538
v -0.0780469 0.116869 0.0532581
v -0.0782386 0.178524 0.05566421
v -0.0535649 0.178361 0.05605731
v -0.052386 0.23853099 0.04988411
v -0.0775485 0.238598 0.04949101
v -0.076657 0.2987 0.03107681
v -0.0509961 0.29871899 0.03147941
v -0.0495294 0.35892701 0.00695937
v -0.0756793 0.35882199 0.0065469
v 0.061732 0.0425222 0.0430111
v 0.117137 0.0110427 0.0219897
v 0.0790917 -0.0316041 0.0339813
v 0.0502289 -0.0162286 0.0402598
v 0.142223 -0.0819865 0.00582798
v 0.108721 -0.0498649 0.0269646
v 0.175735 -0.114108 -0.01531811
v 0.18553101 0.0007189 -0.00793714
v 0.125477 0.105184 0.0279039
v 0.195337 0.102116 -0.00056568
v 0.0660359 0.113476 0.04881051
v 0.0705892 0.17754599 0.05134091
v 0.13303 0.177153 0.03233251
v 0.205144 0.17668401 0.00681529
v 0.21497799 0.237831 0.01200111
v 0.140258 0.238023 0.03187251
v 0.0753626 0.238195 0.04663441
v 0.080309 0.29884401 0.03067421
v 0.14760099 0.29890099 0.02310171
v 0.22488999 0.298978 0.01281621
v 0.23484001 0.360125 0.01143582
v 0.15502 0.35979 0.01017062
v 0.0853511 0.35949299 0.00907767
v -0.00383437 0.0577155 0.0519066
v 0.0239259 0.0553574 0.0512261
v 0.0229291 -0.00663336 0.0450719
v -0.00296189 -0.00222389 0.0469123
v 0.0253158 0.116974 0.05582731
v -0.00418907 0.11777 0.0556353
v -0.00348918 0.178026 0.05685301
v 0.0274918 0.177824 0.05733201
v 0.0301663 0.23830999 0.05118771
v -0.00216657 0.238396 0.05067981
v -0.00065198 0.298767 0.03227511
v 0.0330324 0.298796 0.03280241
v 0.0359943 0.35929099 0.00830136
v 0.00095841 0.35913801 0.00775469
v -0.0290733 0.0577539 0.0503825
v -0.0275591 -0.00244438 0.0442861
v -0.0299648 0.117962 0.05495481
v -0.0295816 0.17819799 0.05643101
v -0.0284696 0.238464 0.05025781
v -0.027166 0.29873898 0.03186301
v -0.0257761 0.35903299 0.00733308
v 0.22488999 0.298978 0.01281621
v 0.23484001 0.360125 0.01143582
v 0.23484001 0.360125 0.01682282
v 0.22488999 0.298978 0.01820321
v 0.21497799 0.237831 0.01200111
v 0.21497799 0.237831 0.01738851
v 0.205144 0.17668401 0.00681529
v 0.205144 0.17668401 0.01220261
v 0.195337 0.102116 -0.00056568
v 0.195337 0.102116 0.00483117
v 0.18553101 0.0007189 -0.00793714
v 0.18553101 0.0007189 -0.00254979
v 0.175735 -0.114108 -0.01531811
v 0.175735 -0.114108 -0.00993076
v -0.187324 0.0174747 -0.00841616
v -0.187324 0.0174747 -0.0138035
v -0.177652 -0.084776 -0.0208777
v -0.177652 -0.084776 -0.0154903
v -0.196977 0.109066 -0.0013515
v -0.196977 0.109066 -0.00673885
v -0.20664901 0.17933901 0.00572268
v -0.20664901 0.17933901 0.00033569
v -0.21627299 0.238943 0.01060171
v -0.21627299 0.238943 0.00521477
v -0.22583 0.298547 0.00572268
v -0.22583 0.298547 0.01111001
v -0.235358 0.35815099 0.00403551
v -0.235358 0.35815099 0.00943237
v -0.16918799 0.35842901 0.00507071
v -0.16918799 0.35842901 0.01046752
v -0.112728 0.358659 0.00597207
v -0.112728 0.358659 0.01135902
v -0.0756793 0.35882199 0.0065469
v -0.0756793 0.35882199 0.01193422
v -0.0495294 0.35892701 0.01234632
v -0.0495294 0.35892701 0.00695937
v -0.0257761 0.35903299 0.01272042
v -0.0257761 0.35903299 0.00733308
v 0.00095841 0.35913801 0.01314202
v 0.00095841 0.35913801 0.00775469
v 0.0359943 0.35929099 0.00830136
v 0.0359943 0.35929099 0.01368832
v 0.0853511 0.35949299 0.00907767
v 0.0853511 0.35949299 0.01446502
v 0.15502 0.35979 0.01017062
v 0.15502 0.35979 0.01556712
v 0.142223 -0.0819865 0.0112153
v 0.142223 -0.0819865 0.00582798
v 0.175735 -0.114108 -0.01531811
v 0.175735 -0.114108 -0.00993076
v 0.108721 -0.0498649 0.0323519
v 0.108721 -0.0498649 0.0269646
v 0.0790917 -0.0316041 0.0393687
v 0.0790917 -0.0316041 0.0339813
v 0.0502289 -0.0162286 0.0456566
v 0.0502289 -0.0162286 0.0402598
v 0.0229291 -0.00663336 0.0504688
v 0.0229291 -0.00663336 0.0450719
v -0.00296189 -0.00222389 0.0522997
v -0.00296189 -0.00222389 0.0469123
v -0.0275591 -0.00244438 0.0442861
v -0.0275591 -0.00244438 0.0496731
v -0.0510535 -0.00670046 0.0397998
v -0.0510535 -0.00670046 0.0451871
v -0.0736568 -0.0144169 0.0361095
v -0.0736568 -0.0144169 0.041506
v -0.0954929 -0.0250283 0.0324283
v -0.0954929 -0.0250283 0.0378252
v -0.116706 -0.0379403 0.0279518
v -0.116706 -0.0379403 0.0333392
v -0.137612 -0.0520121 0.0164491
v -0.137612 -0.0520121 0.0218361
v -0.157637 -0.068394 0.00110248
v -0.157637 -0.068394 0.00649898
vn 0.6999 -0.68 0.2185
vn 0.93217 -0.16989 0.31969
vn 0.75914 -0.48506 0.43407
vn 0.63349 -0.71229 0.3022
vn 0.7221 -0.6795 0.1298
vn 0.96772 -0.1295 0.2162
vn 0.93599 -0.035 0.35029
vn 0.96285 -0.0113 0.26981
vn 0.84516 -0.27409 0.45888
vn 0.72255 -0.68726 0.0748
vn 0.9824 -0.129 0.1351
vn 0.70448 -0.70928 0.0252
vn 0.98726 -0.15039 0.0519
vn 0.98607 0.0156 0.1656
vn 0.99783 0.0185 0.0632
vn 0.93336 -0.0428 0.35638
vn 0.87941 -0.1678 0.44551
vn 0.94425 -0.0336 0.32752
vn 0.93607 -0.0294 0.35059
vn 0.93896 -0.0128 0.34379
vn 0.88587 -0.0871 0.45568
vn 0.98526 0.10321 0.13641
vn 0.88692 -0.0014 0.46191
vn 0.94833 0.0283 0.31601
vn 0.92683 0.0793 0.36701
vn 0.86152 0.35001 -0.36781
vn 0.19619 -0.94536 0.26039
vn 0.1561 -0.98339 0.0926
vn -0.0035 -0.97506 0.22189
vn -0.0012 -0.99712 0.0758
vn 0.1712 -0.98467 0.0333
vn -0.0002 -0.99983 0.0183
vn 0.1695 -0.98549 0.0094
vn 0.0001 -1 -0.0027
vn 0.1569 -0.9876 -0.0046
vn 0.0002 -0.99993 -0.012
vn 0.47379 0.85419 0.2142
vn 0.45129 0.0037 0.89237
vn -0.0035 0.97484 0.22289
vn -0.0157 -0.0065 0.99986
vn -0.0152 -0.25679 0.96635
vn 0.45069 -0.21349 0.86678
vn 0.44097 -0.44707 0.77825
vn -0.0132 -0.53839 0.84259
vn 0.40479 -0.64968 0.64348
vn -0.0101 -0.76948 0.63859
vn 0.29909 -0.81538 0.49569
vn -0.0067 -0.90502 0.42531
vn 0.69223 -0.72163 0.0076
vn 0.98517 -0.1704 0.0199
vn 0.69027 -0.72347 0.0109
vn 0.98496 -0.17211 0.0155
vn 0.99988 0 0.0157
vn 0.99974 0.0017 0.0229
vn 0.0001 -0.99996 -0.0089
vn 0.1497 -0.98871 -0.006
vn 0 -1 -0
vn 0.1485 -0.98891 0.0023
vn 0.77243 -0.48506 -0.40996
vn 0.94177 -0.16989 -0.29019
vn 0.70641 -0.68001 -0.1964
vn 0.64275 -0.71225 -0.28208
vn 0.85921 -0.2741 -0.432
vn 0.94656 -0.035 -0.32062
vn 0.97403 -0.1295 -0.18571
vn 0.97088 -0.0113 -0.2393
vn 0.72587 -0.67947 -0.1069
vn 0.98617 -0.129 -0.1041
vn 0.72451 -0.68731 -0.052
vn 0.99079 0.0156 -0.1345
vn 0.98841 -0.15039 -0.0208
vn 0.99932 0.0185 -0.0318
vn 0.7049 -0.7093 -0.003
vn 0.893 -0.1678 -0.4176
vn 0.94413 -0.0428 -0.32678
vn 0.89979 -0.08709 -0.42755
vn 0.94666 -0.0294 -0.32089
vn 0.9541 -0.0336 -0.2976
vn 0.94937 -0.0128 -0.31389
vn 0.90101 -0.0014 -0.4338
vn 0.98907 0.1032 -0.1053
vn 0.93795 0.0793 -0.33758
vn 0.84953 0.35001 0.39471
vn 0.95781 0.0283 -0.286
vn 0.1589 -0.98339 -0.0877
vn 0.2043 -0.94538 -0.254
vn 0.17219 -0.98467 -0.0279
vn 0.0012 -0.99712 -0.0758
vn 0.0002 -0.99983 -0.0183
vn 0.0035 -0.97506 -0.22189
vn 0.1698 -0.98547 -0.004
vn 0.1566 -0.98762 0.0095
vn -0.0001 -1 0.0027
vn -0.0002 -0.99993 0.012
vn 0.47908 0.0037 -0.87776
vn 0.48029 0.85419 -0.1992
vn 0.47769 -0.2135 -0.85219
vn 0.0152 -0.25679 -0.96635
vn 0.0157 -0.0065 -0.99986
vn 0.0035 0.97484 -0.22289
vn 0.46528 -0.44708 -0.76396
vn 0.42489 -0.64968 -0.63038
vn 0.0132 -0.53839 -0.84259
vn 0.0101 -0.76948 -0.63859
vn 0.31459 -0.81538 -0.48599
vn 0.0067 -0.90502 -0.42531
vn 0.98531 -0.1704 0.0111
vn 0.69218 -0.72158 0.0142
vn 0.99996 0.0017 0.0085
vn -0.0001 -0.99996 0.0089
vn 0.1494 -0.98872 0.0108
vn 0.0157 0 -0.99988
vn 0.0148 0.34199 -0.93959
vn 0.012 0.64282 -0.76592
vn 0.0079 0.86604 -0.49992
vn 0.0027 0.98481 -0.1736
vn -0.0027 0.98481 0.1736
vn -0.0079 0.86604 0.49992
vn -0.012 0.64282 0.76592
vn -0.0148 0.34199 0.93959
vn -0.0157 0 0.99988
vn -0.0148 -0.34199 0.93959
vn -0.012 -0.64282 0.76592
vn -0.0079 -0.86604 0.49992
vn -0.0027 -0.98481 0.1736
vn 0.0027 -0.98481 -0.1736
vn 0.0079 -0.86604 -0.49992
vn 0.012 -0.64282 -0.76592
vn 0.0148 -0.34199 -0.93959
vn -0.99988 0 -0.0157
vn -0.06539 -0.09089 -0.99371
vn 0.0966 0.0909 -0.99116
vn 0.57392 0.63522 -0.51682
vn 0.52938 0.58338 -0.61598
vn 0.65153 0.73483 0.18851
vn 0.646 0.7292 0.2257
vn 0.36161 0.42071 0.83201
vn 0.2407 0.2867 0.92729
vn -0.26979 -0.28669 0.91925
vn -0.38769 -0.42069 0.82019
vn -0.65279 -0.72919 0.2053
vn -0.65712 -0.73482 0.16801
vn -0.50971 -0.58341 -0.63231
vn -0.55734 -0.63524 -0.53464
vn -0.94074 0.33881 -0.0148
vn 0.94071 -0.3389 0.0148
vn 0.94074 -0.33881 0.0148
vn 0.94075 -0.33878 0.0148
vn -0.66498 -0.74678 -0.0105
vn -0.66503 -0.74674 -0.0105
vn -0.77243 -0.48506 0.40996
vn -0.94177 -0.16989 0.29019
vn -0.70641 -0.68001 0.1964
vn -0.64275 -0.71225 0.28208
vn -0.97403 -0.1295 0.18571
vn -0.72587 -0.67947 0.1069
vn -0.94656 -0.035 0.32062
vn -0.97088 -0.0113 0.2393
vn -0.85921 -0.2741 0.432
vn -0.98617 -0.129 0.1041
vn -0.72451 -0.68731 0.052
vn -0.98841 -0.15039 0.0208
vn -0.7049 -0.7093 0.003
vn -0.99079 0.0156 0.1345
vn -0.99932 0.0185 0.0318
vn -0.893 -0.1678 0.4176
vn -0.94413 -0.0428 0.32678
vn -0.9541 -0.0336 0.2976
vn -0.94666 -0.0294 0.32089
vn -0.94937 -0.0128 0.31389
vn -0.89979 -0.08709 0.42755
vn -0.90101 -0.0014 0.4338
vn -0.98907 0.1032 0.1053
vn -0.95781 0.0283 0.286
vn -0.93795 0.0793 0.33758
vn -0.84949 0.35 -0.3948
vn -0.1589 -0.98339 0.0877
vn -0.2043 -0.94538 0.254
vn -0.17219 -0.98467 0.0279
vn -0.1698 -0.98547 0.004
vn -0.1566 -0.98762 -0.0095
vn -0.47908 0.0037 0.87776
vn -0.48029 0.85419 0.1992
vn -0.47769 -0.2135 0.85219
vn -0.46528 -0.44708 0.76396
vn -0.42489 -0.64968 0.63038
vn -0.31459 -0.81538 0.48599
vn -0.98531 -0.1704 -0.0111
vn -0.69218 -0.72158 -0.0142
vn -0.69027 -0.72347 -0.0109
vn -0.98496 -0.17211 -0.0155
vn -0.99996 0.0017 -0.0085
vn -0.1494 -0.98872 -0.0108
vn -0.1485 -0.98891 -0.0023
vn -0.6999 -0.68 -0.2185
vn -0.93217 -0.16989 -0.31969
vn -0.75914 -0.48506 -0.43407
vn -0.63349 -0.71229 -0.3022
vn -0.93599 -0.035 -0.35029
vn -0.84516 -0.27409 -0.45888
vn -0.96772 -0.1295 -0.2162
vn -0.96285 -0.0113 -0.26981
vn -0.7221 -0.6795 -0.1298
vn -0.72255 -0.68726 -0.0748
vn -0.9824 -0.129 -0.1351
vn -0.98607 0.0156 -0.1656
vn -0.98726 -0.15039 -0.0519
vn -0.99783 0.0185 -0.0632
vn -0.70448 -0.70928 -0.0252
vn -0.93336 -0.0428 -0.35638
vn -0.87941 -0.1678 -0.44551
vn -0.93607 -0.0294 -0.35059
vn -0.88587 -0.0871 -0.45568
vn -0.94425 -0.0336 -0.32752
vn -0.93896 -0.0128 -0.34379
vn -0.98526 0.10321 -0.13641
vn -0.88692 -0.0014 -0.46191
vn -0.86152 0.35001 0.36781
vn -0.92683 0.0793 -0.36701
vn -0.94833 0.0283 -0.31601
vn -0.19619 -0.94536 -0.26039
vn -0.1561 -0.98339 -0.0926
vn -0.1712 -0.98467 -0.0333
vn -0.1695 -0.98549 -0.0094
vn -0.1569 -0.9876 0.0046
vn -0.47379 0.85419 -0.2142
vn -0.45129 0.0037 -0.89237
vn -0.45069 -0.21349 -0.86678
vn -0.44097 -0.44707 -0.77825
vn -0.40479 -0.64968 -0.64348
vn -0.29909 -0.81538 -0.49569
vn -0.69223 -0.72163 -0.0076
vn -0.98517 -0.1704 -0.0199
vn -0.99974 0.0017 -0.0229
vn -0.1497 -0.98871 0.006
vn -0.55734 0.63524 -0.53464
vn -0.06539 0.09089 -0.99371
vn 0.0966 -0.0909 -0.99116
vn -0.50971 0.58341 -0.63231
vn -0.65712 0.73482 0.16801
vn -0.65279 0.72919 0.2053
vn -0.38769 0.42069 0.82019
vn -0.26979 0.28669 0.91925
vn 0.2407 -0.2867 0.92729
vn 0.36161 -0.42071 0.83201
vn 0.646 -0.7292 0.2257
vn 0.65153 -0.73483 0.18851
vn 0.52938 -0.58338 -0.61598
vn 0.57392 -0.63522 -0.51682
vn 0.94074 0.33881 0.0148
vn -0.94074 -0.33881 -0.0148
vn -0.94075 -0.33878 -0.0148
vn -0.94071 -0.3389 -0.0148
vn 0.66498 -0.74678 0.0105
vn 0 1 -0
vn -0.77192 0 -0.63572
vn -0.97832 0 0.2071
vn -0.44797 0 0.89405
vn 0.4196 0 0.90771
vn 0.97131 0 0.23783
vn 0.79149 0 -0.61119
vn 0.0098 0.78183 -0.62342
vn -0.0035 0.97495 0.22241
vn -0.0141 0.43388 0.90086
vn -0.0141 -0.43388 0.90086
vn -0.0035 -0.97495 0.22241
vn 0.0098 -0.78183 -0.62342
vn -0.3385 0.0525 0.9395
vn -0.4393 -0.0543 0.8967
vn -0.3206 0.0069 0.94719
vn -0.2482 0.1552 0.9562
vn -0.3175 -0.0429 0.94729
vn -0.4389 -0.1146 0.8912
vn -0.49206 -0.09169 0.86572
vn -0.5214 -0.1144 0.84561
vn -0.35201 -0.0792 0.93264
vn -0.0651 0.16129 0.98476
vn -0.1891 0.1615 0.96859
vn -0.1421 0.28471 0.94802
vn -0.0512 0.30439 0.95117
vn -0.0159 0.0257 0.99954
vn -0.14651 0.0412 0.98835
vn -0.5098 -0.0614 0.8581
vn -0.57541 -0.0951 0.81232
vn -0.69029 -0.1146 0.71439
vn -0.68211 -0.0699 0.72791
vn -0.59769 0.0345 0.80099
vn -0.282 0.0033 0.95941
vn -0.32803 -0.10251 0.93909
vn -0.14409 -0.11369 0.98301
vn -0.14321 -0.12261 0.98207
vn -0.097 -0.1439 0.98483
vn -0.0786 -0.1139 0.99038
vn -0.12949 -0.12289 0.98394
vn -0.0344 -0.0668 0.99717
vn -0.13911 -0.07451 0.98747
vn -0.12071 0.0291 0.99226
vn -0.0165 0.0336 0.9993
vn -0.0149 0.1984 0.98001
vn -0.0949 0.19331 0.97654
vn -0.0592 0.32929 0.94237
vn -0.0152 0.33539 0.94196
vn -0.016 0.3777 0.92579
vn -0.0281 0.36524 0.93049
vn 0.32131 0.0446 0.94592
vn 0.3529 -0.0756 0.9326
vn 0.2425 -0.0957 0.96542
vn 0.22041 -0.0498 0.97414
vn 0.29599 0.72097 -0.62657
vn 0.51849 0.0124 0.85499
vn 0.44778 -0.0563 0.89237
vn 0.38426 -0.09429 0.9184
vn 0.34175 -0.09831 0.93463
vn 0.37001 -0.1216 0.92103
vn 0.23882 -0.075 0.96816
vn 0.2081 -0.0027 0.9781
vn 0.3046 -0.0658 0.9502
vn 0.3397 -0.125 0.93219
vn 0.27588 -0.0685 0.95875
vn 0.23158 0.039 0.97203
vn 0.15011 0.14391 0.97814
vn 0.1143 0.1556 0.98119
vn 0.0653 0.28072 0.95757
vn 0.1641 0.0113 0.98638
vn 0.0678 0.0926 0.99339
vn 0.0136 0.23521 0.97185
vn -0.0051 0.3471 0.93781
vn 0.1139 -0.0905 0.98936
vn 0.0997 -0.0867 0.99123
vn -0.0259 -0.0784 0.99659
vn -0.0264 -0.09009 0.99558
vn 0.0772 -0.0523 0.99564
vn -0.02 -0.0443 0.99882
vn 0.0578 0.0325 0.9978
vn -0.0163 0.0402 0.99906
vn 0.0366 0.1889 0.98131
vn -0.015 0.19781 0.98013
vn 0.0079 0.32712 0.94495
vn -0.0152 0.33461 0.94223
vn -0.0159 0.3762 0.9264
vn -0.016 0.37682 0.92615
vn -0.0785 -0.0918 0.99268
vn -0.13269 -0.09659 0.98644
vn -0.0343 -0.0536 0.99797
vn -0.0167 0.0373 0.99916
vn -0.015 0.19809 0.98007
vn -0.0152 0.335 0.9421
vn -0.016 0.37732 0.92595
vn 0.38841 0.92132 0.0177
vn 0.42259 0.90628 0.0091
vn 0.49721 0.86762 -0.0043
vn 0.54232 0.84012 -0.0093
vn 0.6158 0.7878 -0.0131
vn 0.89471 0.44591 -0.0256
vn 0.98353 0.17761 -0.0336
vn 0.81968 0.52939 -0.21879
vn 0.0099 0.76813 -0.64022
vn 0.97028 0.21779 -0.1055
vn 0.40969 0.91219 0.0082
vn 0.40432 0.91454 0.012
vn 0.42281 0.90621 0.0042
vn 0.3888 0.92131 -0.0054
vn 0.5418 0.8401 0.0263
vn 0.49681 0.86763 0.02
vn 0.93142 0.36001 0.0533
vn 0.9848 0.1684 0.0425
vn 0.8991 0.4352 0.0472
vn 0.61503 0.78784 0.0325
vn 0.97982 0.1955 0.0415
vn -0.0016 0.99467 0.1031
vn 0.40451 0.91453 0.0008
vn 0.40979 0.91217 0.0047
vn -0.38872 0.92134 0.0054
vn -0.42272 0.90625 -0.0042
vn -0.49681 0.86763 -0.02
vn -0.54168 0.84017 -0.0263
vn -0.88488 0.46149 -0.0634
vn -0.61498 0.78787 -0.0325
vn -0.97145 0.20249 -0.12359
vn -0.65751 0.64191 -0.39451
vn 0.0098 0.76813 -0.64022
vn -0.88704 0.26591 -0.37742
vn -0.40979 0.91217 -0.0047
vn -0.40439 0.91458 -0.0008
vn -0.42271 0.90622 -0.0091
vn -0.38832 0.92135 -0.0177
vn -0.54227 0.84015 0.0093
vn -0.49709 0.86769 0.0043
vn -0.98567 0.16829 0.0115
vn -0.93244 0.36052 0.024
vn -0.90015 0.43517 0.0189
vn -0.61562 0.78793 0.0131
vn -0.98067 0.19539 0.0107
vn -0.40428 0.91456 -0.012
vn -0.40969 0.91219 -0.0082
vn -0.99503 -0 -0.0996
vn -0.97777 -0 -0.20969
vn -0.95296 0 -0.30309
vn -0.93779 -0 -0.3472
vn -0.94053 -0 -0.33971
vn -0.95181 0.0204 -0.306
vn -0.81363 0.0977 -0.57312
vn -0.91613 0.0871 -0.39131
vn 0.0151 0.2308 -0.97288
vn -0.0908 0.22989 -0.96897
vn -0.9994 -0 -0.0346
vn -0.9839 -0 0.1787
vn -0.99767 0 0.0682
vn -0.94822 -0 0.31761
vn -0.96201 -0 0.273
vn -0.95061 0 0.3104
vn -0.90682 0 0.42151
vn -0.95497 -0 0.29669
vn -0.95077 -0 0.30989
vn -0.81161 -0 0.5842
vn -0.0153 -0 0.99988
vn -1 -0 0.0031
vn 0.99767 0 -0.0682
vn 0.9839 0 -0.1787
vn 0.96204 0 -0.27291
vn 0.94822 0 -0.31761
vn 0.96043 0.0185 -0.27791
vn 0.95077 0 -0.30989
vn 0.83669 0.092 -0.53989
vn 0.9304 0.0796 -0.3578
vn 0.0149 0.2308 -0.97289
vn 0.1256 0.229 -0.96529
vn 1 0 -0.0031
vn 0.97779 0 0.2096
vn 0.99503 0 0.0996
vn 0.93775 0 0.34732
vn 0.95296 0 0.30309
vn 0.89328 0 0.44949
vn 0.94021 0 0.3406
vn 0.94517 0 0.32659
vn 0.94053 0 0.33971
vn 0.79257 0 0.60978
vn -0.0155 0 0.99988
vn 0.9994 -0 0.0346
vn -0.84407 0.52788 -0.0943
vn -0.82133 0.52782 -0.21641
vn -0.81539 0.472 -0.3352
vn -0.84009 0.37569 -0.39129
vn -0.87246 0.29449 -0.38998
vn -0.83456 0.27979 -0.47458
vn 0.36781 0.38221 -0.84772
vn -0.86088 0.185 -0.47399
vn 0.0148 0.32111 -0.94693
vn 0.30909 0.32309 -0.89447
vn -0.84821 0.52951 -0.0123
vn -0.84997 0.52598 -0.0301
vn -0.80932 0.55592 0.18961
vn -0.83039 0.55309 0.0674
vn -0.83799 0.4042 0.3666
vn -0.8083 0.5008 0.3096
vn -0.86271 0.2065 0.46161
vn 0.31009 0.38159 0.87077
vn -0.83133 0.30861 0.46222
vn -0.87274 0.32271 0.36632
vn 0.26111 0.32111 0.91033
vn -0.0147 0.3212 0.9469
vn -0.8396 0.5432 0.0036
vn -0.84441 0.53551 -0.014
vn 0.83031 0.55321 -0.0674
vn 0.8092 0.5561 -0.1896
vn 0.80821 0.50101 -0.3095
vn 0.8379 0.4044 -0.3666
vn 0.83112 0.30891 -0.46241
vn 0.87268 0.32289 -0.36629
vn -0.3107 0.3815 -0.87059
vn 0.86257 0.20669 -0.46179
vn 0.0148 0.3212 -0.9469
vn -0.26139 0.32109 -0.91026
vn 0.84429 0.5357 0.014
vn 0.83945 0.54343 -0.0036
vn 0.8213 0.5279 0.2163
vn 0.84399 0.528 0.0943
vn 0.84002 0.37581 0.39131
vn 0.81532 0.47211 0.33521
vn -0.3665 0.3824 0.8482
vn 0.86088 0.185 0.47399
vn 0.8346 0.2798 0.4745
vn 0.87241 0.2946 0.39001
vn -0.31051 0.32291 0.89404
vn -0.0148 0.32111 0.94693
vn 0.84989 0.5261 0.0301
vn 0.8481 0.5297 0.0123
vn -0.74841 0.65831 -0.0807
vn -0.62023 0.76753 -0.16191
vn -0.53468 0.81167 -0.23519
vn -0.54291 0.78962 -0.28591
vn -0.59402 0.74232 -0.31001
vn -0.38699 0.82637 -0.40909
vn 0.77902 0.53521 -0.32661
vn -0.49341 0.71582 -0.49411
vn 0.0097 0.7828 -0.6222
vn 0.72031 0.55641 -0.41421
vn -0.82259 0.5685 -0.0123
vn -0.81082 0.58461 -0.0283
vn -0.62901 0.76411 0.1431
vn -0.75448 0.65379 0.0576
vn -0.55489 0.78699 0.2697
vn -0.54517 0.80916 0.21919
vn -0.51263 0.71304 0.47832
vn 0.7709 0.534 0.3472
vn -0.403 0.82451 0.3972
vn -0.60688 0.73918 0.29209
vn 0.70961 0.55561 0.43331
vn -0.0098 0.7828 0.6222
vn -0.81398 0.58089 0.003
vn -0.82348 0.56719 -0.0133
vn 0.75448 0.65379 -0.0576
vn 0.62901 0.76411 -0.1431
vn 0.54522 0.80913 -0.21921
vn 0.55489 0.78699 -0.2697
vn 0.40279 0.82458 -0.39729
vn 0.60688 0.73918 -0.29209
vn -0.77147 0.53338 -0.34689
vn 0.51281 0.71291 -0.47831
vn 0.0098 0.7828 -0.6222
vn -0.70961 0.55561 -0.43331
vn 0.82353 0.56712 0.0133
vn 0.81398 0.58089 -0.003
vn 0.6204 0.7674 0.1619
vn 0.74841 0.65831 0.0807
vn 0.54291 0.78962 0.28591
vn 0.53461 0.81171 0.2352
vn -0.7785 0.5358 0.3269
vn 0.4937 0.7157 0.494
vn 0.38699 0.82637 0.40909
vn 0.59389 0.74239 0.31009
vn -0.72112 0.55572 0.41371
vn -0.0097 0.7828 0.6222
vn 0.81082 0.58461 0.0283
vn 0.82259 0.5685 0.0123
vn 0.36901 -0.024 -0.92912
vn 0.43108 0.0636 -0.90007
vn 0.4143 0.0823 -0.90641
vn 0.3292 -0.0428 -0.94329
vn 0.4542 0.1023 -0.88501
vn 0.49792 0.12451 -0.85824
vn 0.48229 0.1043 -0.86978
vn 0.31079 0.0019 -0.95048
vn 0.43877 0.0752 -0.89545
vn 0.0915 -0.27381 -0.95742
vn 0.18201 -0.15291 -0.97134
vn 0.105 -0.11 -0.98837
vn 0.09891 -0.18861 -0.97706
vn 0.1848 -0.0763 -0.97981
vn 0.34301 0.0191 -0.93914
vn 0.1306 -0.2744 -0.95271
vn 0.2357 -0.1447 -0.96099
vn 0.5209 0.1181 -0.84541
vn 0.54551 0.111 -0.83072
vn 0.50229 0.0723 -0.86167
vn 0.61556 0.0766 -0.78436
vn 0.57941 0.0947 -0.80952
vn 0.52728 0.0395 -0.84877
vn 0.60422 0.0469 -0.79543
vn 0.47478 0.0073 -0.88007
vn 0.36311 0.0583 -0.92992
vn 0.34119 0.0857 -0.93608
vn 0.31369 0.1054 -0.94366
vn 0.2928 0.085 -0.95239
vn 0.17669 0.1268 -0.97606
vn 0.14241 0.13221 -0.98094
vn 0.1435 0.1222 -0.98208
vn 0.0878 0.1404 -0.98619
vn 0.0491 0.1064 -0.99311
vn 0.0824 0.1128 -0.9902
vn 0.1382 0.0754 -0.98753
vn 0.23521 0.0465 -0.97083
vn 0.1178 -0.0272 -0.99267
vn 0.0237 0.0359 -0.99907
vn 0.041 0.0646 -0.99707
vn 0.0151 -0.1023 -0.99464
vn 0.0202 -0.0351 -0.99918
vn 0.0884 -0.19 -0.9778
vn 0.1278 -0.2737 -0.95329
vn 0.0529 -0.32609 -0.94386
vn 0.0147 -0.29291 -0.95603
vn 0.015 -0.1984 -0.98001
vn 0.0154 -0.3777 -0.9258
vn 0.0152 -0.33542 -0.94195
vn 0.0724 -0.31621 -0.94592
vn 0.0339 -0.3683 -0.92909
vn -0.2823 0.0507 -0.95799
vn -0.3624 0.063 -0.92989
vn -0.41808 -0.0164 -0.90826
vn -0.34109 0.0223 -0.93977
vn -0.42301 0.0712 -0.90332
vn -0.42241 0.0551 -0.90473
vn -0.40241 0.0838 -0.91162
vn -0.37918 0.09769 -0.92015
vn -0.3136 0.091 -0.94519
vn -0.33741 0.0953 -0.93652
vn -0.2386 0.0814 -0.9677
vn -0.236 0.073 -0.96901
vn -0.30549 0.0758 -0.94917
vn -0.30211 0.0626 -0.95122
vn -0.3505 0.1164 -0.9293
vn -0.36459 0.1073 -0.92497
vn -0.2941 0.078 -0.95259
vn -0.3207 0.0961 -0.94229
vn -0.22869 -0.0406 -0.97265
vn -0.20841 0.0041 -0.97803
vn -0.25641 -0.0158 -0.96644
vn -0.1536 -0.1377 -0.97849
vn -0.16411 -0.18081 -0.96973
vn -0.1162 -0.15 -0.98183
vn -0.19451 -0.0364 -0.98023
vn -0.2406 0.0158 -0.9705
vn -0.0567 -0.1083 -0.9925
vn -0.1189 -0.0763 -0.98997
vn -0.0514 -0.18299 -0.98177
vn -0.0741 -0.2689 -0.96031
vn -0.0448 -0.2687 -0.96218
vn -0.0352 0.091 -0.99523
vn -0.0953 0.0835 -0.99194
vn -0.23239 0.0676 -0.97027
vn -0.1103 0.0903 -0.98979
vn -0.17269 0.0844 -0.98135
vn 0.022 0.0802 -0.99654
vn -0.0048 0.0684 -0.99765
vn -0.079 0.0535 -0.99544
vn 0.018 0.0454 -0.99881
vn 0.0115 0.0222 -0.99969
vn -0.0609 -0.0303 -0.99768
vn -0.1185 -0.0814 -0.98961
vn -0.0401 -0.1863 -0.98168
vn 0.0158 -0.04 -0.99907
vn 0.0152 -0.1019 -0.99468
vn 0.0151 -0.1979 -0.98011
vn 0.0147 -0.2917 -0.9564
vn -0.0134 -0.323 -0.9463
vn -0.0293 -0.31009 -0.95026
vn -0.0121 -0.35491 -0.93482
vn 0.0013 -0.36538 -0.93086
vn 0.0151 -0.33461 -0.94223
vn 0.0154 -0.37629 -0.92637
vn 0.1051 0.1309 -0.98581
vn 0.1282 0.1179 -0.98471
vn 0.079 0.0918 -0.99264
vn 0.0203 0.0922 -0.99553
vn 0.1064 0.1063 -0.98862
vn 0.0433 0.0692 -0.99666
vn 0.039 0.0518 -0.9979
vn 0.0266 0.0286 -0.99924
vn 0.0196 -0.0385 -0.99907
vn 0.0153 -0.1021 -0.99466
vn 0.0151 -0.19809 -0.98007
vn 0.0148 -0.29249 -0.95616
vn 0.0152 -0.335 -0.9421
vn 0.0154 -0.37658 -0.92626
vn 0.0155 -0.37682 -0.92616
vn 0.0156 -0.37699 -0.92608
vn 0.0156 -0.37749 -0.92588
vn 0.98707 -0.16029 0
vn 0.98703 -0.16051 0
vn 0.98721 -0.1594 0
vn 0.98961 -0.1438 0
vn 0.98937 -0.1454 0
vn 0.99366 -0.1124 -0
vn 0.99346 -0.1142 -0
vn 0.99591 -0.0904 0
vn 0.99586 -0.0909 0
vn 0.99637 -0.0851 0
vn -0.99502 -0.0997 -0
vn -0.99507 -0.0992 -0.0001
vn -0.99556 -0.0941 -0.0001
vn -0.99259 -0.1215 -0
vn -0.99281 -0.1197 -0
vn -0.98891 -0.1485 0
vn -0.98911 -0.1472 0
vn -0.98729 -0.1589 0
vn -0.98742 -0.1581 -0
vn -0.98747 -0.1578 -0
vn -0.0041 0.99999 -0
vn -0.0042 0.99999 -0
vn -0.6921 -0.7218 -0
vn -0.692 -0.7219 -0
vn -0.59358 -0.80477 -0
vn -0.62729 -0.77879 -0
vn -0.4943 -0.86929 -0
vn -0.5011 -0.86539 -0
vn -0.39409 -0.91907 -0
vn -0.40979 -0.91218 -0
vn -0.2443 -0.9697 -0
vn -0.2566 -0.96652 -0
vn -0.0809 -0.99672 -0
vn -0.0788 -0.99689 -0
vn 0.1016 -0.99483 0
vn 0.0858 -0.99631 0
vn 0.2593 -0.9658 0
vn 0.24359 -0.96988 0
vn 0.38641 -0.92233 0
vn 0.3753 -0.9269 0
vn 0.48332 -0.87544 0
vn 0.47468 -0.88016 0
vn 0.54271 -0.83992 0
vn 0.53521 -0.84472 0
vn 0.60751 -0.79431 0
vn 0.5845 -0.8114 0
vn 0.6333 -0.7739 0
vn 0.63319 -0.77399 0
vt 0.39342 0.20814
vt 0.40938 0.1859
vt 0.39818 0.14897
vt 0.39072 0.17549
vt 0.39742 0.24851
vt 0.41992 0.23113
vt 0.42686 0.15331
vt 0.45481 0.20704
vt 0.41113 0.11657
vt 0.39927 0.27907
vt 0.42361 0.26981
vt 0.40015 0.3252
vt 0.42447 0.32301
vt 0.45448 0.25559
vt 0.45512 0.3193
vt 0.43992 0.1197
vt 0.42726 0.09068
vt 0.45585 0.1587
vt 0.45298 0.09151
vt 0.45834 0.11837
vt 0.44844 0.07162
vt 0.47005 0.07409
vt 0.47608 0.05857
vt 0.46082 0.0947
vt 0.48853 0.05557
vt 0.48411 0.0643
vt 0.38068 0.17023
vt 0.3755 0.21244
vt 0.3615 0.16374
vt 0.35048 0.20757
vt 0.37497 0.25216
vt 0.34567 0.24901
vt 0.37511 0.28072
vt 0.34362 0.27876
vt 0.37491 0.32536
vt 0.34244 0.32459
vt 0.49802 0.0489
vt 0.47781 0.05291
vt 0.49742 0.04629
vt 0.47717 0.05076
vt 0.44534 0.06196
vt 0.4465 0.06442
vt 0.42239 0.08012
vt 0.41989 0.07685
vt 0.40425 0.10248
vt 0.3984 0.09771
vt 0.38981 0.13323
vt 0.37788 0.12675
vt 0.4007 0.41313
vt 0.42474 0.41322
vt 0.40095 0.52217
vt 0.42483 0.52217
vt 0.45473 0.52217
vt 0.45485 0.41318
vt 0.34223 0.41295
vt 0.37517 0.41303
vt 0.34253 0.52217
vt 0.37545 0.52217
vt 0.39817 0.89537
vt 0.40938 0.85844
vt 0.39342 0.83621
vt 0.39072 0.86885
vt 0.41113 0.92777
vt 0.42685 0.89103
vt 0.41992 0.81321
vt 0.45481 0.83731
vt 0.39742 0.79583
vt 0.42361 0.77453
vt 0.39927 0.76527
vt 0.45448 0.78875
vt 0.42447 0.72133
vt 0.45511 0.72504
vt 0.40014 0.71914
vt 0.42725 0.95366
vt 0.43992 0.92464
vt 0.44843 0.97273
vt 0.45298 0.95283
vt 0.45584 0.88564
vt 0.45834 0.92597
vt 0.47608 0.98577
vt 0.47005 0.97025
vt 0.48853 0.98877
vt 0.4841 0.98005
vt 0.46081 0.94965
vt 0.37549 0.83191
vt 0.38067 0.8741
vt 0.37496 0.79218
vt 0.35048 0.83678
vt 0.34566 0.79533
vt 0.36149 0.8806
vt 0.3751 0.76363
vt 0.37491 0.71898
vt 0.34362 0.76559
vt 0.34243 0.71975
vt 0.47781 0.99143
vt 0.49802 0.99544
vt 0.44649 0.97992
vt 0.44534 0.98238
vt 0.47716 0.99358
vt 0.49742 0.99805
vt 0.42239 0.96422
vt 0.40425 0.94185
vt 0.41989 0.96749
vt 0.39839 0.94663
vt 0.3898 0.91111
vt 0.37787 0.91759
vt 0.42474 0.63111
vt 0.4007 0.63121
vt 0.45485 0.63116
vt 0.34223 0.63139
vt 0.37516 0.63131
vt 0.61092 0.203
vt 0.61242 0.203
vt 0.61243 0.19323
vt 0.61093 0.19323
vt 0.61244 0.18347
vt 0.61093 0.18347
vt 0.61244 0.17371
vt 0.61095 0.17371
vt 0.61246 0.16395
vt 0.61096 0.16394
vt 0.61247 0.15418
vt 0.61097 0.15418
vt 0.61097 0.32991
vt 0.61247 0.32991
vt 0.61244 0.32015
vt 0.61094 0.32015
vt 0.61242 0.31039
vt 0.61092 0.31039
vt 0.6124 0.30063
vt 0.61089 0.30063
vt 0.61238 0.29086
vt 0.61088 0.29086
vt 0.61237 0.2811
vt 0.61087 0.2811
vt 0.61237 0.27133
vt 0.61087 0.27134
vt 0.61237 0.26157
vt 0.61087 0.26157
vt 0.61238 0.25181
vt 0.61087 0.25181
vt 0.61238 0.24205
vt 0.61088 0.24205
vt 0.61239 0.23229
vt 0.61089 0.23228
vt 0.6124 0.22252
vt 0.6109 0.22252
vt 0.61241 0.21276
vt 0.61091 0.21276
vt 0.90076 0.39742
vt 0.89742 0.40659
vt 0.9251 0.38336
vt 0.90703 0.38994
vt 0.91549 0.43789
vt 0.94317 0.38994
vt 0.89742 0.41636
vt 0.90076 0.42553
vt 0.90703 0.433
vt 0.93472 0.43789
vt 0.94945 0.42553
vt 0.9251 0.43959
vt 0.94317 0.433
vt 0.95278 0.41636
vt 0.95278 0.40659
vt 0.94945 0.39742
vt 0.93472 0.38506
vt 0.91549 0.38506
vt 0.75032 0.40145
vt 0.74405 0.40893
vt 0.77801 0.39657
vt 0.75878 0.39657
vt 0.75032 0.44452
vt 0.79274 0.40893
vt 0.74071 0.4181
vt 0.74071 0.42787
vt 0.74405 0.43704
vt 0.76839 0.45109
vt 0.78646 0.44452
vt 0.75878 0.4494
vt 0.77801 0.4494
vt 0.79274 0.43704
vt 0.79608 0.42787
vt 0.79608 0.4181
vt 0.78646 0.40145
vt 0.76839 0.39487
vt 0.79446 0.19522
vt 0.79596 0.19522
vt 0.79596 0.18546
vt 0.79445 0.18546
vt 0.79596 0.17569
vt 0.79445 0.17569
vt 0.79595 0.16593
vt 0.79445 0.16593
vt 0.79594 0.15616
vt 0.79444 0.15617
vt 0.79594 0.1464
vt 0.79444 0.1464
vt 0.79444 0.32214
vt 0.79594 0.32214
vt 0.79595 0.31238
vt 0.79444 0.31237
vt 0.79596 0.30261
vt 0.79445 0.30261
vt 0.79596 0.29285
vt 0.79446 0.29285
vt 0.79596 0.28308
vt 0.79446 0.28308
vt 0.79597 0.27332
vt 0.79447 0.27332
vt 0.79597 0.26356
vt 0.79446 0.26356
vt 0.79597 0.2538
vt 0.79446 0.2538
vt 0.79597 0.24404
vt 0.79446 0.24403
vt 0.79596 0.23427
vt 0.79446 0.23427
vt 0.79597 0.22451
vt 0.79447 0.22451
vt 0.79597 0.21474
vt 0.79446 0.21474
vt 0.79596 0.20498
vt 0.79446 0.20498
vt 0.88115 0.87576
vt 0.88115 0.866
vt 0.86308 0.8973
vt 0.87781 0.88494
vt 0.85346 0.84277
vt 0.84385 0.89731
vt 0.87781 0.85683
vt 0.87153 0.84935
vt 0.86307 0.84447
vt 0.83539 0.84935
vt 0.82578 0.86601
vt 0.84385 0.84447
vt 0.82912 0.85683
vt 0.82578 0.87577
vt 0.82912 0.88494
vt 0.8354 0.89242
vt 0.85347 0.899
vt 0.87154 0.89242
vt 0.54901 0.39514
vt 0.53939 0.39683
vt 0.57336 0.40919
vt 0.55863 0.39683
vt 0.52132 0.42812
vt 0.57669 0.42814
vt 0.53094 0.40171
vt 0.52466 0.40919
vt 0.52132 0.41836
vt 0.53094 0.44478
vt 0.549 0.45136
vt 0.52466 0.4373
vt 0.53939 0.44966
vt 0.55862 0.44967
vt 0.56708 0.44479
vt 0.57335 0.4373
vt 0.57669 0.41837
vt 0.56708 0.40172
vt 0.89893 0.25917
vt 0.89743 0.25917
vt 0.89742 0.26893
vt 0.89892 0.26893
vt 0.89742 0.27869
vt 0.89892 0.27869
vt 0.89742 0.28845
vt 0.89892 0.28845
vt 0.89742 0.29822
vt 0.89892 0.29822
vt 0.89743 0.30798
vt 0.89893 0.30798
vt 0.89743 0.31774
vt 0.89893 0.31774
vt 0.89744 0.32751
vt 0.89894 0.32751
vt 0.89891 0.15177
vt 0.89742 0.15177
vt 0.89743 0.16154
vt 0.89893 0.16154
vt 0.89743 0.1713
vt 0.89894 0.1713
vt 0.89744 0.18106
vt 0.89894 0.18106
vt 0.89744 0.19082
vt 0.89894 0.19082
vt 0.89743 0.20059
vt 0.89893 0.20059
vt 0.89743 0.21035
vt 0.89893 0.21035
vt 0.89742 0.22012
vt 0.89892 0.22011
vt 0.89742 0.22988
vt 0.89892 0.22988
vt 0.89742 0.23964
vt 0.89892 0.23964
vt 0.89742 0.2494
vt 0.89892 0.2494
vt 0.77667 0.50756
vt 0.78629 0.50925
vt 0.75862 0.48601
vt 0.76822 0.50267
vt 0.81398 0.48603
vt 0.76196 0.46708
vt 0.79591 0.50756
vt 0.80436 0.50268
vt 0.81064 0.4952
vt 0.81065 0.4671
vt 0.79593 0.45473
vt 0.81399 0.47627
vt 0.80438 0.45961
vt 0.78631 0.45303
vt 0.7767 0.45472
vt 0.76824 0.4596
vt 0.75862 0.47625
vt 0.76195 0.49519
vt 0.93024 0.4448
vt 0.92063 0.4431
vt 0.94831 0.46633
vt 0.9387 0.44968
vt 0.89294 0.46632
vt 0.94497 0.48527
vt 0.91101 0.44479
vt 0.90256 0.44967
vt 0.89628 0.45715
vt 0.89628 0.48526
vt 0.91101 0.49762
vt 0.89294 0.47609
vt 0.90255 0.49274
vt 0.92062 0.49932
vt 0.93024 0.49763
vt 0.93869 0.49275
vt 0.94831 0.47609
vt 0.94497 0.45716
vt 0.86172 0.64781
vt 0.86323 0.64781
vt 0.86322 0.63805
vt 0.86172 0.63805
vt 0.86321 0.62828
vt 0.8617 0.62828
vt 0.86319 0.61852
vt 0.86168 0.61852
vt 0.86316 0.60876
vt 0.86166 0.60876
vt 0.86314 0.59899
vt 0.86164 0.599
vt 0.86312 0.58923
vt 0.86162 0.58923
vt 0.8631 0.57947
vt 0.8616 0.57947
vt 0.8616 0.7552
vt 0.86311 0.7552
vt 0.8631 0.74544
vt 0.8616 0.74544
vt 0.8631 0.73568
vt 0.8616 0.73568
vt 0.86311 0.72592
vt 0.8616 0.72591
vt 0.86312 0.71615
vt 0.86161 0.71615
vt 0.86313 0.70639
vt 0.86163 0.70639
vt 0.86315 0.69663
vt 0.86165 0.69662
vt 0.86317 0.68686
vt 0.86167 0.68686
vt 0.86319 0.6771
vt 0.86169 0.6771
vt 0.86321 0.66734
vt 0.86171 0.66733
vt 0.86322 0.65757
vt 0.86172 0.65757
vt 0.6213 0.75159
vt 0.62976 0.74671
vt 0.59362 0.7467
vt 0.61168 0.75328
vt 0.63604 0.71112
vt 0.584 0.73005
vt 0.63603 0.73923
vt 0.63937 0.73006
vt 0.63937 0.72029
vt 0.62131 0.69876
vt 0.60208 0.69875
vt 0.62976 0.70364
vt 0.61169 0.69706
vt 0.59362 0.70363
vt 0.58735 0.71111
vt 0.584 0.72028
vt 0.58734 0.73922
vt 0.60207 0.75159
vt 0.64287 0.51703
vt 0.65132 0.52191
vt 0.63326 0.49061
vt 0.6366 0.50955
vt 0.68528 0.50955
vt 0.64287 0.47396
vt 0.66094 0.52361
vt 0.67055 0.52191
vt 0.67901 0.51703
vt 0.68862 0.49061
vt 0.67901 0.47396
vt 0.68862 0.50037
vt 0.68528 0.48144
vt 0.67055 0.46908
vt 0.66094 0.46738
vt 0.65132 0.46908
vt 0.63659 0.48144
vt 0.63326 0.50038
vt 0.59458 0.27741
vt 0.59307 0.27741
vt 0.59307 0.28717
vt 0.59457 0.28717
vt 0.59305 0.29694
vt 0.59455 0.29694
vt 0.59303 0.3067
vt 0.59453 0.3067
vt 0.59302 0.31646
vt 0.59452 0.31647
vt 0.593 0.32623
vt 0.5945 0.32623
vt 0.59299 0.33599
vt 0.59449 0.33599
vt 0.59297 0.34575
vt 0.59447 0.34575
vt 0.59296 0.35552
vt 0.59446 0.35552
vt 0.59446 0.17978
vt 0.59296 0.17978
vt 0.59298 0.18955
vt 0.59448 0.18954
vt 0.593 0.19931
vt 0.5945 0.19931
vt 0.59301 0.20907
vt 0.59451 0.20907
vt 0.59302 0.21883
vt 0.59452 0.21883
vt 0.59303 0.2286
vt 0.59453 0.2286
vt 0.59304 0.23836
vt 0.59454 0.23836
vt 0.59305 0.24813
vt 0.59455 0.24812
vt 0.59306 0.25789
vt 0.59456 0.25789
vt 0.59307 0.26765
vt 0.59457 0.26765
vt 0.83488 0.53763
vt 0.8445 0.53933
vt 0.81683 0.51609
vt 0.82643 0.53274
vt 0.87219 0.51611
vt 0.82017 0.49715
vt 0.85411 0.53764
vt 0.86257 0.53276
vt 0.86885 0.52528
vt 0.86886 0.49717
vt 0.85413 0.4848
vt 0.87219 0.50635
vt 0.86258 0.48969
vt 0.84452 0.4831
vt 0.8349 0.4848
vt 0.82644 0.48967
vt 0.81683 0.50633
vt 0.82016 0.52526
vt 0.18569 0.94352
vt 0.17723 0.9484
vt 0.21337 0.9484
vt 0.1953 0.94182
vt 0.17095 0.98399
vt 0.22298 0.96506
vt 0.17095 0.95588
vt 0.16761 0.96505
vt 0.16761 0.97481
vt 0.18568 0.99635
vt 0.20491 0.99635
vt 0.17723 0.99147
vt 0.1953 0.99805
vt 0.21337 0.99147
vt 0.21964 0.984
vt 0.22298 0.97482
vt 0.21964 0.95588
vt 0.20492 0.94352
vt 0.9706 0.27342
vt 0.9691 0.27342
vt 0.9691 0.28318
vt 0.9706 0.28318
vt 0.9691 0.29295
vt 0.9706 0.29295
vt 0.96909 0.30271
vt 0.9706 0.30271
vt 0.96908 0.31247
vt 0.97059 0.31247
vt 0.96908 0.32223
vt 0.97058 0.32224
vt 0.96907 0.33199
vt 0.97057 0.332
vt 0.96905 0.34175
vt 0.97056 0.34176
vt 0.97056 0.16602
vt 0.96905 0.16602
vt 0.96907 0.17579
vt 0.97057 0.17579
vt 0.96908 0.18555
vt 0.97058 0.18555
vt 0.96909 0.19532
vt 0.9706 0.19531
vt 0.9691 0.20508
vt 0.9706 0.20508
vt 0.96911 0.21484
vt 0.97061 0.21484
vt 0.96911 0.2246
vt 0.97061 0.2246
vt 0.96911 0.23436
vt 0.97062 0.23437
vt 0.96911 0.24413
vt 0.97061 0.24413
vt 0.96911 0.25389
vt 0.97061 0.25389
vt 0.9691 0.26366
vt 0.97061 0.26366
vt 0.89742 0.35664
vt 0.90076 0.36581
vt 0.90703 0.33022
vt 0.89742 0.34687
vt 0.93472 0.37816
vt 0.9251 0.32364
vt 0.90703 0.37328
vt 0.91549 0.37816
vt 0.9251 0.37985
vt 0.94945 0.3658
vt 0.95278 0.34686
vt 0.94317 0.37328
vt 0.95278 0.35662
vt 0.94944 0.33769
vt 0.94317 0.33021
vt 0.93471 0.32533
vt 0.91548 0.32533
vt 0.90075 0.33769
vt 0.61168 0.47918
vt 0.6213 0.47748
vt 0.58734 0.46512
vt 0.60207 0.47748
vt 0.63937 0.44619
vt 0.584 0.44618
vt 0.62976 0.47261
vt 0.63603 0.46513
vt 0.63937 0.45595
vt 0.62976 0.42954
vt 0.61169 0.42296
vt 0.63604 0.43701
vt 0.62131 0.42465
vt 0.60208 0.42465
vt 0.59362 0.42953
vt 0.58734 0.43701
vt 0.584 0.45595
vt 0.59361 0.4726
vt 0.80344 0.23184
vt 0.80495 0.23183
vt 0.80495 0.22207
vt 0.80344 0.22207
vt 0.80494 0.21231
vt 0.80344 0.21231
vt 0.80494 0.20254
vt 0.80344 0.20254
vt 0.80493 0.19278
vt 0.80343 0.19278
vt 0.80492 0.18302
vt 0.80342 0.18302
vt 0.80491 0.17326
vt 0.80341 0.17326
vt 0.8049 0.16349
vt 0.80341 0.1635
vt 0.8049 0.15373
vt 0.80339 0.15373
vt 0.80339 0.32947
vt 0.8049 0.32947
vt 0.8049 0.3197
vt 0.80339 0.3197
vt 0.8049 0.30994
vt 0.8034 0.30994
vt 0.80491 0.30018
vt 0.80341 0.30017
vt 0.80492 0.29041
vt 0.80342 0.29041
vt 0.80492 0.28065
vt 0.80343 0.28065
vt 0.80493 0.27089
vt 0.80343 0.27089
vt 0.80494 0.26113
vt 0.80344 0.26113
vt 0.80495 0.25136
vt 0.80344 0.25136
vt 0.80495 0.2416
vt 0.80345 0.2416
vt 0.76474 0.5893
vt 0.76474 0.57954
vt 0.74667 0.61083
vt 0.7614 0.59848
vt 0.73705 0.55631
vt 0.72744 0.61084
vt 0.7614 0.57036
vt 0.75512 0.56289
vt 0.74667 0.558
vt 0.71898 0.56289
vt 0.70937 0.57955
vt 0.72744 0.55801
vt 0.71271 0.57037
vt 0.70937 0.58931
vt 0.71271 0.59848
vt 0.71899 0.60596
vt 0.73706 0.61253
vt 0.75513 0.60596
vt 0.84385 0.9042
vt 0.8354 0.90908
vt 0.87154 0.90909
vt 0.85347 0.90251
vt 0.82912 0.94467
vt 0.88115 0.92574
vt 0.82912 0.91656
vt 0.82578 0.92573
vt 0.82578 0.9355
vt 0.84385 0.95704
vt 0.86308 0.95704
vt 0.83539 0.95215
vt 0.85346 0.95873
vt 0.87153 0.95216
vt 0.87781 0.94468
vt 0.88115 0.9355
vt 0.87781 0.91657
vt 0.86308 0.9042
vt 0.72146 0.34663
vt 0.72147 0.12105
vt 0.72072 0.12079
vt 0.72071 0.34636
vt 0.71986 0.12072
vt 0.71986 0.3463
vt 0.71905 0.12091
vt 0.71905 0.34648
vt 0.71832 0.1212
vt 0.71832 0.34677
vt 0.72388 0.34677
vt 0.72389 0.1212
vt 0.72307 0.12138
vt 0.72307 0.34695
vt 0.72222 0.12131
vt 0.72221 0.34689
vt 0.40077 0.99789
vt 0.40154 0.99805
vt 0.40215 0.99662
vt 0.40044 0.99713
vt 0.40215 0.99748
vt 0.40154 0.99611
vt 0.40077 0.99634
vt 0.6646 0.99749
vt 0.66521 0.99805
vt 0.66631 0.99713
vt 0.6646 0.99663
vt 0.66597 0.99789
vt 0.66597 0.99634
vt 0.66521 0.99612
vt 0.36462 0.9137
vt 0.36562 0.97368
vt 0.39029 0.96784
vt 0.3909 0.96701
vt 0.38502 0.97127
vt 0.37216 0.97432
vt 0.38954 0.96868
vt 0.38851 0.96952
vt 0.38705 0.97038
vt 0.38229 0.97218
vt 0.3787 0.97313
vt 0.37505 0.9739
vt 0.3699 0.97444
vt 0.36814 0.97434
vt 0.36676 0.97408
vt 0.36462 0.97324
vt 0.68359 0.38431
vt 0.68359 0.15874
vt 0.68284 0.15848
vt 0.68284 0.38405
vt 0.68199 0.15841
vt 0.68199 0.38399
vt 0.68117 0.15859
vt 0.68117 0.38416
vt 0.68045 0.15888
vt 0.68045 0.38446
vt 0.67963 0.15907
vt 0.67964 0.38463
vt 0.67878 0.159
vt 0.67878 0.38457
vt 0.67803 0.15874
vt 0.67803 0.38431
vt 0.4284 0.99612
vt 0.42764 0.99627
vt 0.42764 0.99783
vt 0.42901 0.99668
vt 0.4273 0.99704
vt 0.4284 0.99805
vt 0.42901 0.99754
vt 0.50341 0.99749
vt 0.50403 0.99805
vt 0.50513 0.99713
vt 0.50341 0.99663
vt 0.50479 0.99789
vt 0.50479 0.99634
vt 0.50402 0.99612
vt 0.4855 0.9137
vt 0.48651 0.97369
vt 0.51118 0.96784
vt 0.51178 0.96702
vt 0.50591 0.97127
vt 0.49305 0.97432
vt 0.51043 0.96868
vt 0.5094 0.96952
vt 0.50793 0.97039
vt 0.50317 0.97219
vt 0.49958 0.97313
vt 0.49594 0.9739
vt 0.49079 0.97445
vt 0.48902 0.97435
vt 0.48764 0.97408
vt 0.4855 0.97324
vt 0.69222 0.12602
vt 0.69221 0.35159
vt 0.69296 0.35185
vt 0.69296 0.12628
vt 0.69382 0.35192
vt 0.69382 0.12634
vt 0.69463 0.35173
vt 0.69464 0.12616
vt 0.69535 0.35144
vt 0.69536 0.12587
vt 0.69617 0.35126
vt 0.69617 0.12569
vt 0.69702 0.35133
vt 0.69702 0.12576
vt 0.69147 0.12576
vt 0.69146 0.35133
vt 0.41049 0.99612
vt 0.40973 0.99627
vt 0.40973 0.99782
vt 0.4111 0.99668
vt 0.40939 0.99703
vt 0.41049 0.99805
vt 0.4111 0.99754
vt 0.63773 0.99714
vt 0.63807 0.9979
vt 0.63945 0.99749
vt 0.63807 0.99635
vt 0.63884 0.99805
vt 0.63945 0.99663
vt 0.63883 0.99612
vt 0.0915 0.9373
vt 0.09251 0.99728
vt 0.11717 0.99144
vt 0.11778 0.99061
vt 0.11191 0.99487
vt 0.09904 0.99792
vt 0.11642 0.99228
vt 0.11539 0.99312
vt 0.11393 0.99399
vt 0.10917 0.99578
vt 0.10558 0.99673
vt 0.10194 0.9975
vt 0.09678 0.99805
vt 0.09502 0.99794
vt 0.09364 0.99767
vt 0.0915 0.99684
vt 0.58267 0.35685
vt 0.58267 0.13128
vt 0.58192 0.13101
vt 0.58191 0.35659
vt 0.58106 0.13095
vt 0.58106 0.35652
vt 0.58025 0.13113
vt 0.58025 0.3567
vt 0.57953 0.13142
vt 0.57953 0.35699
vt 0.58508 0.35699
vt 0.58509 0.13142
vt 0.58428 0.1316
vt 0.58427 0.35717
vt 0.58342 0.13154
vt 0.58342 0.35711
vt 0.58063 0.99612
vt 0.57986 0.99627
vt 0.57987 0.99783
vt 0.58124 0.99668
vt 0.57953 0.99704
vt 0.58063 0.99805
vt 0.58124 0.99754
vt 0.64669 0.99748
vt 0.6473 0.99805
vt 0.6484 0.99713
vt 0.64669 0.99663
vt 0.64806 0.99789
vt 0.64806 0.99634
vt 0.6473 0.99612
vt 0.00195 0.93729
vt 0.00296 0.99728
vt 0.02763 0.99144
vt 0.02823 0.99061
vt 0.02235 0.99487
vt 0.0095 0.99791
vt 0.02688 0.99228
vt 0.02584 0.99312
vt 0.02438 0.99399
vt 0.01962 0.99578
vt 0.01603 0.99673
vt 0.01239 0.9975
vt 0.00724 0.99805
vt 0.00547 0.99795
vt 0.00409 0.99767
vt 0.00195 0.99684
vt 0.81476 0.13607
vt 0.81477 0.36163
vt 0.81552 0.3619
vt 0.81551 0.13633
vt 0.81638 0.36197
vt 0.81637 0.13639
vt 0.81719 0.36178
vt 0.81718 0.13621
vt 0.81791 0.36149
vt 0.81791 0.13592
vt 0.81235 0.13592
vt 0.81235 0.36149
vt 0.81316 0.36131
vt 0.81316 0.13574
vt 0.81402 0.36138
vt 0.81401 0.1358
vt 0.39182 0.99789
vt 0.39259 0.99805
vt 0.39319 0.99662
vt 0.39148 0.99713
vt 0.39319 0.99748
vt 0.39258 0.99611
vt 0.39182 0.99634
vt 0.61087 0.99748
vt 0.61148 0.99805
vt 0.61258 0.99713
vt 0.61087 0.99662
vt 0.61224 0.99789
vt 0.61224 0.99634
vt 0.61148 0.99612
vt 0.23925 0.9373
vt 0.24026 0.99728
vt 0.26492 0.99144
vt 0.26553 0.99061
vt 0.25966 0.99487
vt 0.24679 0.99791
vt 0.26418 0.99227
vt 0.26314 0.99312
vt 0.26168 0.99399
vt 0.25692 0.99578
vt 0.25333 0.99673
vt 0.24969 0.9975
vt 0.24453 0.99805
vt 0.24277 0.99794
vt 0.24139 0.99767
vt 0.23925 0.99684
vt 0.73623 0.12448
vt 0.73623 0.35005
vt 0.73699 0.35031
vt 0.73698 0.12474
vt 0.73785 0.35038
vt 0.73784 0.12481
vt 0.73865 0.3502
vt 0.73865 0.12463
vt 0.73938 0.34991
vt 0.73937 0.12434
vt 0.74019 0.34973
vt 0.74019 0.12416
vt 0.74105 0.34979
vt 0.74104 0.12422
vt 0.7418 0.35005
vt 0.74179 0.12448
vt 0.53061 0.99789
vt 0.53138 0.99805
vt 0.53199 0.99663
vt 0.53028 0.99713
vt 0.53199 0.99749
vt 0.53137 0.99612
vt 0.53061 0.99634
vt 0.65564 0.99749
vt 0.65626 0.99805
vt 0.65735 0.99713
vt 0.65564 0.99662
vt 0.65702 0.99789
vt 0.65702 0.99634
vt 0.65625 0.99612
vt 0.01539 0.89128
vt 0.01639 0.95127
vt 0.04106 0.94542
vt 0.04167 0.94459
vt 0.03579 0.94885
vt 0.02293 0.9519
vt 0.04031 0.94626
vt 0.03928 0.9471
vt 0.03782 0.94797
vt 0.03306 0.94977
vt 0.02947 0.95071
vt 0.02582 0.95148
vt 0.02067 0.95203
vt 0.01891 0.95193
vt 0.01753 0.95166
vt 0.01539 0.95082
vt 0.27729 0.89537
vt 0.2885 0.85844
vt 0.27254 0.8362
vt 0.26983 0.86885
vt 0.29904 0.81321
vt 0.27654 0.79583
vt 0.30597 0.89103
vt 0.33393 0.8373
vt 0.29025 0.92777
vt 0.30273 0.77453
vt 0.27839 0.76527
vt 0.30358 0.72133
vt 0.27926 0.71914
vt 0.3336 0.78875
vt 0.33423 0.72504
vt 0.30637 0.95366
vt 0.31904 0.92464
vt 0.33497 0.88564
vt 0.3321 0.95283
vt 0.33746 0.92597
vt 0.32755 0.97273
vt 0.3552 0.98577
vt 0.34916 0.97025
vt 0.33993 0.94965
vt 0.36765 0.98877
vt 0.36322 0.98004
vt 0.25461 0.83191
vt 0.25979 0.87411
vt 0.2296 0.83677
vt 0.24061 0.8806
vt 0.25408 0.79218
vt 0.22478 0.79533
vt 0.25422 0.76362
vt 0.22274 0.76558
vt 0.25403 0.71898
vt 0.22155 0.71975
vt 0.35693 0.99143
vt 0.37714 0.99544
vt 0.37654 0.99805
vt 0.35628 0.99357
vt 0.32561 0.97992
vt 0.32446 0.98238
vt 0.30151 0.96422
vt 0.29901 0.96749
vt 0.28336 0.94185
vt 0.27752 0.94663
vt 0.26892 0.91111
vt 0.25699 0.91759
vt 0.30386 0.63112
vt 0.27981 0.63121
vt 0.28007 0.52217
vt 0.30395 0.52217
vt 0.33397 0.63116
vt 0.33385 0.52217
vt 0.22134 0.63139
vt 0.25429 0.63131
vt 0.22166 0.52217
vt 0.25457 0.52217
vt 0.27254 0.20813
vt 0.2885 0.1859
vt 0.27729 0.14897
vt 0.26984 0.17549
vt 0.30597 0.15331
vt 0.29025 0.11657
vt 0.29904 0.23113
vt 0.33393 0.20704
vt 0.27654 0.2485
vt 0.27839 0.27907
vt 0.30273 0.26981
vt 0.3336 0.25558
vt 0.30358 0.32301
vt 0.33423 0.3193
vt 0.27926 0.3252
vt 0.31904 0.1197
vt 0.30637 0.09068
vt 0.3321 0.09151
vt 0.32755 0.07161
vt 0.33497 0.15869
vt 0.33746 0.11837
vt 0.34917 0.07409
vt 0.3552 0.05857
vt 0.36322 0.06429
vt 0.36765 0.05556
vt 0.33994 0.09469
vt 0.2598 0.17023
vt 0.25461 0.21243
vt 0.25408 0.25216
vt 0.2296 0.20756
vt 0.22478 0.249
vt 0.24061 0.16374
vt 0.25422 0.28071
vt 0.25403 0.32536
vt 0.22274 0.27875
vt 0.22155 0.32459
vt 0.37714 0.0489
vt 0.35693 0.05291
vt 0.32561 0.06442
vt 0.35628 0.05076
vt 0.32446 0.06196
vt 0.37654 0.04629
vt 0.30151 0.08012
vt 0.28337 0.10248
vt 0.29901 0.07684
vt 0.27751 0.09771
vt 0.26892 0.13323
vt 0.25699 0.12675
vt 0.27982 0.41313
vt 0.30386 0.41322
vt 0.33397 0.41318
vt 0.22134 0.41295
vt 0.25428 0.41303
vt 0.99151 0.55538
vt 0.99148 0.56514
vt 0.99299 0.56514
vt 0.99301 0.55538
vt 0.99155 0.54561
vt 0.99304 0.54562
vt 0.99153 0.71158
vt 0.99155 0.72135
vt 0.99304 0.72135
vt 0.99303 0.71158
vt 0.99151 0.70182
vt 0.99301 0.70182
vt 0.9915 0.69206
vt 0.993 0.69206
vt 0.99148 0.6823
vt 0.99298 0.6823
vt 0.99146 0.67254
vt 0.99296 0.67254
vt 0.99145 0.66277
vt 0.99295 0.66277
vt 0.99144 0.65301
vt 0.99295 0.65301
vt 0.99144 0.64325
vt 0.99294 0.64324
vt 0.99144 0.63348
vt 0.99294 0.63348
vt 0.99145 0.62372
vt 0.99295 0.62372
vt 0.99145 0.61396
vt 0.99295 0.61396
vt 0.99145 0.60419
vt 0.99295 0.60419
vt 0.99146 0.59443
vt 0.99296 0.59443
vt 0.99146 0.58467
vt 0.99296 0.58467
vt 0.99147 0.5749
vt 0.99297 0.5749
vt 0.78117 0.52105
vt 0.77271 0.52593
vt 0.80885 0.52593
vt 0.79078 0.51935
vt 0.76643 0.56152
vt 0.81846 0.54259
vt 0.76643 0.53341
vt 0.7631 0.54259
vt 0.7631 0.55235
vt 0.78117 0.57388
vt 0.80039 0.57388
vt 0.77271 0.569
vt 0.79078 0.57558
vt 0.80885 0.569
vt 0.81512 0.56152
vt 0.81846 0.55235
vt 0.81512 0.53341
vt 0.80039 0.52105
vt 0.70108 0.35703
vt 0.6948 0.36451
vt 0.72876 0.35215
vt 0.70953 0.35215
vt 0.70108 0.4001
vt 0.74349 0.36451
vt 0.69146 0.37369
vt 0.69146 0.38345
vt 0.6948 0.39262
vt 0.71915 0.40668
vt 0.73722 0.4001
vt 0.70953 0.40498
vt 0.72876 0.40498
vt 0.74349 0.39262
vt 0.74683 0.38345
vt 0.74683 0.37369
vt 0.73722 0.35703
vt 0.71915 0.35046
vt 0.74967 0.16989
vt 0.74968 0.17965
vt 0.75119 0.17965
vt 0.75118 0.16988
vt 0.74967 0.16012
vt 0.75117 0.16012
vt 0.74967 0.15036
vt 0.75117 0.15036
vt 0.74968 0.31632
vt 0.74967 0.32609
vt 0.75117 0.32608
vt 0.75118 0.31632
vt 0.74968 0.30656
vt 0.75119 0.30656
vt 0.74969 0.2968
vt 0.7512 0.2968
vt 0.7497 0.28704
vt 0.75121 0.28704
vt 0.74971 0.27727
vt 0.75122 0.27727
vt 0.74971 0.26751
vt 0.75122 0.26751
vt 0.74971 0.25775
vt 0.75122 0.25775
vt 0.74971 0.24799
vt 0.75121 0.24799
vt 0.7497 0.23822
vt 0.7512 0.23822
vt 0.74969 0.22846
vt 0.7512 0.22846
vt 0.74969 0.2187
vt 0.75119 0.2187
vt 0.74968 0.20894
vt 0.75118 0.20894
vt 0.74968 0.19917
vt 0.75118 0.19917
vt 0.74968 0.18941
vt 0.75118 0.18941
vt 0.76774 0.32391
vt 0.75928 0.32879
vt 0.79542 0.32879
vt 0.77735 0.32222
vt 0.75301 0.36438
vt 0.80503 0.34544
vt 0.75301 0.33627
vt 0.74967 0.34544
vt 0.74967 0.35521
vt 0.76774 0.37674
vt 0.78697 0.37674
vt 0.75928 0.37186
vt 0.77735 0.37843
vt 0.79542 0.37186
vt 0.8017 0.36438
vt 0.80503 0.35521
vt 0.8017 0.33627
vt 0.78697 0.32391
vt 0.51303 0.45986
vt 0.50675 0.46734
vt 0.54071 0.45498
vt 0.52148 0.45498
vt 0.51303 0.50293
vt 0.55544 0.46734
vt 0.50341 0.47651
vt 0.50341 0.48628
vt 0.50675 0.49545
vt 0.53109 0.50951
vt 0.54917 0.50293
vt 0.52148 0.50781
vt 0.54071 0.50781
vt 0.55544 0.49545
vt 0.55878 0.48628
vt 0.55878 0.47651
vt 0.54917 0.45986
vt 0.53109 0.45328
vt 0.99297 0.52257
vt 0.99298 0.51281
vt 0.99148 0.51281
vt 0.99146 0.52257
vt 0.99296 0.53234
vt 0.99145 0.53233
vt 0.99295 0.5421
vt 0.99144 0.5421
vt 0.99296 0.37613
vt 0.99295 0.36637
vt 0.99144 0.36637
vt 0.99146 0.37613
vt 0.99297 0.38589
vt 0.99147 0.3859
vt 0.99298 0.39566
vt 0.99148 0.39566
vt 0.99299 0.40542
vt 0.99149 0.40542
vt 0.993 0.41518
vt 0.9915 0.41518
vt 0.99301 0.42495
vt 0.99151 0.42495
vt 0.993 0.43471
vt 0.99151 0.43471
vt 0.993 0.44447
vt 0.99151 0.44447
vt 0.993 0.45423
vt 0.9915 0.45424
vt 0.993 0.464
vt 0.9915 0.46399
vt 0.99299 0.47376
vt 0.99149 0.47376
vt 0.99299 0.48352
vt 0.99148 0.48352
vt 0.99298 0.49329
vt 0.99148 0.49329
vt 0.99299 0.50305
vt 0.99148 0.50305
vt 0.66924 0.52723
vt 0.66078 0.53211
vt 0.69692 0.53211
vt 0.67885 0.52553
vt 0.6545 0.5677
vt 0.70653 0.54876
vt 0.6545 0.53959
vt 0.65117 0.54876
vt 0.65117 0.55852
vt 0.66924 0.58006
vt 0.68846 0.58006
vt 0.66078 0.57518
vt 0.67885 0.58176
vt 0.69692 0.57518
vt 0.7032 0.5677
vt 0.70653 0.55852
vt 0.7032 0.53959
vt 0.68846 0.52723
vt 0.80853 0.3718
vt 0.80225 0.37928
vt 0.83621 0.36692
vt 0.81698 0.36692
vt 0.80853 0.41487
vt 0.85094 0.37928
vt 0.79892 0.38846
vt 0.79892 0.39822
vt 0.80225 0.40739
vt 0.8266 0.42144
vt 0.84467 0.41487
vt 0.81698 0.41975
vt 0.83621 0.41975
vt 0.85094 0.40739
vt 0.85428 0.39822
vt 0.85428 0.38846
vt 0.84467 0.3718
vt 0.8266 0.36523
vt 0.99149 0.20665
vt 0.99148 0.21641
vt 0.99299 0.21642
vt 0.99299 0.20665
vt 0.9915 0.19689
vt 0.993 0.19689
vt 0.99151 0.18713
vt 0.993 0.18713
vt 0.99149 0.35309
vt 0.99151 0.36286
vt 0.993 0.36285
vt 0.993 0.35309
vt 0.99148 0.34333
vt 0.99298 0.34333
vt 0.99147 0.33357
vt 0.99297 0.33357
vt 0.99146 0.3238
vt 0.99296 0.3238
vt 0.99145 0.31404
vt 0.99296 0.31404
vt 0.99145 0.30428
vt 0.99295 0.30428
vt 0.99144 0.29452
vt 0.99295 0.29451
vt 0.99144 0.28475
vt 0.99294 0.28475
vt 0.99144 0.27499
vt 0.99295 0.27499
vt 0.99145 0.26523
vt 0.99295 0.26523
vt 0.99145 0.25546
vt 0.99295 0.25546
vt 0.99146 0.2457
vt 0.99296 0.2457
vt 0.99146 0.23594
vt 0.99296 0.23594
vt 0.99147 0.22618
vt 0.99297 0.22618
vt 0.6558 0.3884
vt 0.64735 0.39328
vt 0.68348 0.39328
vt 0.66542 0.38671
vt 0.64107 0.42888
vt 0.6931 0.40994
vt 0.64107 0.40076
vt 0.63773 0.40994
vt 0.63773 0.4197
vt 0.6558 0.44123
vt 0.67503 0.44123
vt 0.64735 0.43635
vt 0.66542 0.44293
vt 0.68348 0.43635
vt 0.68976 0.42888
vt 0.6931 0.4197
vt 0.68976 0.40076
vt 0.67503 0.3884
vt 0.60208 0.69185
vt 0.6117 0.69355
vt 0.584 0.67033
vt 0.59362 0.68698
vt 0.63937 0.67031
vt 0.58734 0.65139
vt 0.62131 0.69185
vt 0.62976 0.68696
vt 0.63604 0.67949
vt 0.63603 0.65137
vt 0.62129 0.63902
vt 0.63937 0.66055
vt 0.62975 0.6439
vt 0.61168 0.63732
vt 0.60207 0.63902
vt 0.59361 0.64391
vt 0.584 0.66056
vt 0.58735 0.6795
vt 0.96166 0.32223
vt 0.96166 0.31247
vt 0.96016 0.31247
vt 0.96016 0.32223
vt 0.96166 0.33199
vt 0.96016 0.33199
vt 0.96166 0.34176
vt 0.96016 0.34176
vt 0.96165 0.17579
vt 0.96166 0.16603
vt 0.96016 0.16603
vt 0.96014 0.17579
vt 0.96164 0.18555
vt 0.96014 0.18555
vt 0.96163 0.19532
vt 0.96013 0.19531
vt 0.96162 0.20508
vt 0.96012 0.20508
vt 0.96161 0.21484
vt 0.96011 0.21484
vt 0.9616 0.22461
vt 0.9601 0.22461
vt 0.9616 0.23437
vt 0.9601 0.23437
vt 0.96161 0.24413
vt 0.96011 0.24413
vt 0.96161 0.25389
vt 0.96012 0.25389
vt 0.96162 0.26366
vt 0.96012 0.26365
vt 0.96163 0.27342
vt 0.96012 0.27342
vt 0.96163 0.28318
vt 0.96013 0.28318
vt 0.96164 0.29294
vt 0.96014 0.29295
vt 0.96165 0.3027
vt 0.96015 0.3027
vt 0.59312 0.36058
vt 0.58467 0.36546
vt 0.6208 0.36546
vt 0.60274 0.35888
vt 0.57839 0.40105
vt 0.63042 0.38211
vt 0.57839 0.37294
vt 0.57505 0.38211
vt 0.57505 0.39188
vt 0.59312 0.41341
vt 0.61235 0.41341
vt 0.58467 0.40853
vt 0.60274 0.4151
vt 0.6208 0.40853
vt 0.62708 0.40105
vt 0.63042 0.39188
vt 0.62708 0.37294
vt 0.61235 0.36058
vt 0.82644 0.42995
vt 0.82016 0.43743
vt 0.85412 0.42507
vt 0.83489 0.42507
vt 0.82644 0.47302
vt 0.86885 0.43743
vt 0.81683 0.4466
vt 0.81683 0.45636
vt 0.82016 0.46554
vt 0.84451 0.4796
vt 0.86258 0.47302
vt 0.83489 0.4779
vt 0.85412 0.4779
vt 0.86885 0.46554
vt 0.87219 0.45636
vt 0.87219 0.4466
vt 0.86258 0.42995
vt 0.84451 0.42337
vt 0.60348 0.33584
vt 0.60351 0.32608
vt 0.60201 0.32608
vt 0.60198 0.33584
vt 0.60345 0.34561
vt 0.60195 0.3456
vt 0.60342 0.35537
vt 0.60191 0.35537
vt 0.60344 0.1894
vt 0.60342 0.17964
vt 0.60191 0.17964
vt 0.60193 0.1894
vt 0.60345 0.19916
vt 0.60195 0.19916
vt 0.60347 0.20893
vt 0.60197 0.20893
vt 0.60349 0.21869
vt 0.60199 0.21869
vt 0.60351 0.22845
vt 0.60201 0.22845
vt 0.60352 0.23822
vt 0.60202 0.23822
vt 0.60352 0.24798
vt 0.60203 0.24798
vt 0.60353 0.25774
vt 0.60203 0.25774
vt 0.60353 0.26751
vt 0.60202 0.2675
vt 0.60352 0.27727
vt 0.60202 0.27727
vt 0.60352 0.28703
vt 0.60202 0.28703
vt 0.60353 0.29679
vt 0.60202 0.29679
vt 0.60352 0.30656
vt 0.60202 0.30656
vt 0.60352 0.31632
vt 0.60202 0.31632
vt 0.91101 0.50453
vt 0.90255 0.50941
vt 0.93869 0.50941
vt 0.92063 0.50283
vt 0.89628 0.545
vt 0.94831 0.52607
vt 0.89628 0.51689
vt 0.89294 0.52607
vt 0.89294 0.53583
vt 0.91101 0.55736
vt 0.93024 0.55736
vt 0.90255 0.55248
vt 0.92063 0.55906
vt 0.93869 0.55248
vt 0.94497 0.545
vt 0.94831 0.53583
vt 0.94497 0.51689
vt 0.93024 0.50453
vt 0.51303 0.34357
vt 0.50675 0.35105
vt 0.54071 0.33869
vt 0.52148 0.33869
vt 0.51303 0.38664
vt 0.55544 0.35105
vt 0.50341 0.36022
vt 0.50341 0.36998
vt 0.50675 0.37916
vt 0.53109 0.39321
vt 0.54917 0.38664
vt 0.52148 0.39152
vt 0.54071 0.39152
vt 0.55544 0.37916
vt 0.55878 0.36998
vt 0.55878 0.36022
vt 0.54917 0.34357
vt 0.53109 0.33699
vt 0.76013 0.2424
vt 0.76013 0.23263
vt 0.75862 0.23263
vt 0.75863 0.2424
vt 0.76013 0.25216
vt 0.75863 0.25216
vt 0.76015 0.26192
vt 0.75864 0.26192
vt 0.76015 0.27168
vt 0.75865 0.27169
vt 0.76016 0.28145
vt 0.75866 0.28145
vt 0.76017 0.29121
vt 0.75867 0.29121
vt 0.76017 0.30097
vt 0.75867 0.30097
vt 0.76016 0.31074
vt 0.75866 0.31074
vt 0.76015 0.3205
vt 0.75865 0.3205
vt 0.76016 0.15453
vt 0.76015 0.14477
vt 0.75865 0.14477
vt 0.75866 0.15453
vt 0.76017 0.16429
vt 0.75867 0.16429
vt 0.76017 0.17405
vt 0.75867 0.17406
vt 0.76016 0.18382
vt 0.75866 0.18382
vt 0.76015 0.19358
vt 0.75865 0.19358
vt 0.76015 0.20335
vt 0.75864 0.20334
vt 0.76013 0.21311
vt 0.75863 0.21311
vt 0.76013 0.22287
vt 0.75863 0.22287
vt 0.76026 0.51251
vt 0.75692 0.50334
vt 0.75064 0.53893
vt 0.76026 0.52227
vt 0.72296 0.49097
vt 0.73258 0.5455
vt 0.75065 0.49586
vt 0.7422 0.49098
vt 0.73258 0.48928
vt 0.70823 0.50333
vt 0.70489 0.52227
vt 0.71451 0.49585
vt 0.70489 0.51251
vt 0.70823 0.53145
vt 0.7145 0.53893
vt 0.72296 0.54381
vt 0.74219 0.54381
vt 0.75692 0.53145
vt 0.70505 0.48566
vt 0.71467 0.48735
vt 0.68698 0.46412
vt 0.6966 0.48077
vt 0.74235 0.46413
vt 0.69033 0.44518
vt 0.72428 0.48566
vt 0.73273 0.48078
vt 0.73901 0.4733
vt 0.73902 0.44519
vt 0.72428 0.43283
vt 0.74235 0.45436
vt 0.73274 0.43771
vt 0.71467 0.43113
vt 0.70505 0.43282
vt 0.6966 0.4377
vt 0.68698 0.45435
vt 0.69032 0.47329
vt 0.82898 0.36165
vt 0.82974 0.36139
vt 0.82973 0.13582
vt 0.82898 0.13608
vt 0.82813 0.36172
vt 0.82813 0.13614
vt 0.82731 0.36154
vt 0.82731 0.13596
vt 0.82659 0.36124
vt 0.82659 0.13567
vt 0.82578 0.36106
vt 0.82578 0.1355
vt 0.83049 0.36113
vt 0.83135 0.36106
vt 0.83134 0.1355
vt 0.83048 0.13555
vt 0.38287 0.99634
vt 0.38252 0.99713
vt 0.38424 0.99749
vt 0.38363 0.99612
vt 0.38286 0.99789
vt 0.38363 0.99805
vt 0.38424 0.99662
vt 0.52132 0.99748
vt 0.52193 0.99805
vt 0.52303 0.99713
vt 0.52132 0.99662
vt 0.5227 0.99789
vt 0.5227 0.99634
vt 0.52194 0.99612
vt 0.66401 0.32253
vt 0.66049 0.38318
vt 0.66188 0.3829
vt 0.66301 0.38251
vt 0.64994 0.38196
vt 0.64012 0.37835
vt 0.65873 0.38328
vt 0.65647 0.38315
vt 0.65358 0.38273
vt 0.64634 0.38101
vt 0.64361 0.3801
vt 0.64158 0.37921
vt 0.63909 0.37751
vt 0.63834 0.37667
vt 0.63773 0.37584
vt 0.66401 0.38206
vt 0.86642 0.42324
vt 0.86717 0.42297
vt 0.86717 0.1974
vt 0.86642 0.19766
vt 0.86556 0.4233
vt 0.86556 0.19773
vt 0.86474 0.42312
vt 0.86475 0.19754
vt 0.86402 0.42282
vt 0.86402 0.19726
vt 0.86321 0.42265
vt 0.86321 0.19708
vt 0.86235 0.42271
vt 0.86235 0.19714
vt 0.8616 0.42297
vt 0.8616 0.1974
vt 0.30675 0.99634
vt 0.30641 0.99713
vt 0.30813 0.99749
vt 0.30752 0.99612
vt 0.30675 0.99789
vt 0.30752 0.99805
vt 0.30813 0.99662
vt 0.31537 0.99712
vt 0.31571 0.99789
vt 0.31708 0.99748
vt 0.3157 0.99634
vt 0.31647 0.99805
vt 0.31708 0.99662
vt 0.31647 0.99611
vt 0.85206 0.77859
vt 0.84854 0.83924
vt 0.84992 0.83897
vt 0.85106 0.83858
vt 0.83798 0.83802
vt 0.82817 0.83442
vt 0.84678 0.83934
vt 0.84451 0.83921
vt 0.84162 0.83879
vt 0.83439 0.83708
vt 0.83166 0.83617
vt 0.82963 0.83528
vt 0.82714 0.83357
vt 0.82639 0.83274
vt 0.82578 0.83191
vt 0.85206 0.83813
vt 0.85056 0.36767
vt 0.85132 0.36741
vt 0.85131 0.14184
vt 0.85056 0.1421
vt 0.8497 0.36773
vt 0.8497 0.14216
vt 0.84889 0.36756
vt 0.84889 0.14198
vt 0.84817 0.36726
vt 0.84817 0.14169
vt 0.85292 0.36708
vt 0.85373 0.36726
vt 0.85373 0.14169
vt 0.85291 0.14151
vt 0.85206 0.36715
vt 0.85206 0.14157
vt 0.29746 0.99662
vt 0.29746 0.99749
vt 0.29917 0.99713
vt 0.29807 0.99611
vt 0.29807 0.99805
vt 0.29883 0.99789
vt 0.29883 0.99634
vt 0.62878 0.99713
vt 0.62912 0.99789
vt 0.63049 0.99749
vt 0.62911 0.99634
vt 0.62988 0.99805
vt 0.63049 0.99662
vt 0.62988 0.99612
vt 0.63715 0.29824
vt 0.63363 0.35889
vt 0.63501 0.35862
vt 0.63615 0.35823
vt 0.62307 0.35767
vt 0.61326 0.35407
vt 0.63187 0.35899
vt 0.62961 0.35886
vt 0.62672 0.35844
vt 0.61948 0.35672
vt 0.61675 0.35581
vt 0.61472 0.35493
vt 0.61223 0.35322
vt 0.61148 0.35238
vt 0.61087 0.35155
vt 0.63715 0.35778
vt 0.56927 0.14212
vt 0.56852 0.14238
vt 0.56852 0.36796
vt 0.56927 0.3677
vt 0.57013 0.14206
vt 0.57012 0.36763
vt 0.57094 0.14224
vt 0.57094 0.36781
vt 0.57166 0.14253
vt 0.57166 0.3681
vt 0.56691 0.14271
vt 0.5661 0.14253
vt 0.5661 0.3681
vt 0.56691 0.36828
vt 0.56777 0.14265
vt 0.56776 0.36822
vt 0.21721 0.99634
vt 0.21686 0.99713
vt 0.21858 0.99749
vt 0.21797 0.99612
vt 0.2172 0.99789
vt 0.21797 0.99805
vt 0.21858 0.99663
vt 0.61982 0.99713
vt 0.62016 0.99789
vt 0.62153 0.99748
vt 0.62016 0.99634
vt 0.62092 0.99805
vt 0.62153 0.99662
vt 0.62092 0.99612
vt 0.23419 0.88279
vt 0.23067 0.94344
vt 0.23205 0.94317
vt 0.23319 0.94278
vt 0.22011 0.94222
vt 0.2103 0.93861
vt 0.22891 0.94354
vt 0.22664 0.94341
vt 0.22375 0.94299
vt 0.21652 0.94128
vt 0.21379 0.94037
vt 0.21175 0.93948
vt 0.20926 0.93777
vt 0.20852 0.93694
vt 0.20791 0.9361
vt 0.23419 0.94233
vt 0.70728 0.34751
vt 0.70803 0.34724
vt 0.70804 0.12168
vt 0.70729 0.12193
vt 0.70643 0.34758
vt 0.70643 0.122
vt 0.70562 0.34739
vt 0.70562 0.12182
vt 0.70489 0.3471
vt 0.7049 0.12154
vt 0.70964 0.34692
vt 0.71045 0.3471
vt 0.71045 0.12154
vt 0.70965 0.12135
vt 0.70879 0.34698
vt 0.70879 0.12141
vt 0.41868 0.99634
vt 0.41834 0.99713
vt 0.42006 0.99748
vt 0.41945 0.99612
vt 0.41868 0.99789
vt 0.41945 0.99805
vt 0.42006 0.99663
vt 0.53923 0.99713
vt 0.53957 0.99789
vt 0.54094 0.99748
vt 0.53957 0.99634
vt 0.54033 0.99805
vt 0.54094 0.99662
vt 0.54033 0.99612
vt 0.57894 0.88327
vt 0.57542 0.94392
vt 0.57681 0.94365
vt 0.57794 0.94326
vt 0.56487 0.9427
vt 0.55505 0.9391
vt 0.57366 0.94402
vt 0.5714 0.94389
vt 0.5685 0.94347
vt 0.56128 0.94176
vt 0.55854 0.94084
vt 0.55651 0.93996
vt 0.55402 0.93825
vt 0.55327 0.93741
vt 0.55266 0.93658
vt 0.57894 0.94281
vt 0.64541 0.33649
vt 0.64616 0.33622
vt 0.64616 0.11065
vt 0.64541 0.11091
vt 0.64456 0.33655
vt 0.64455 0.11098
vt 0.64375 0.33637
vt 0.64374 0.1108
vt 0.64302 0.33608
vt 0.64302 0.1105
vt 0.64221 0.3359
vt 0.64221 0.11033
vt 0.64691 0.33596
vt 0.64777 0.3359
vt 0.64777 0.11033
vt 0.64691 0.11039
vt 0.32466 0.99634
vt 0.32432 0.99713
vt 0.32603 0.99749
vt 0.32543 0.99612
vt 0.32466 0.99788
vt 0.32542 0.99805
vt 0.32603 0.99662
vt 0.51237 0.99748
vt 0.51298 0.99805
vt 0.51408 0.99713
vt 0.51237 0.99662
vt 0.51374 0.99789
vt 0.51374 0.99634
vt 0.51298 0.99612
vt 0.52969 0.52844
vt 0.52617 0.58909
vt 0.52756 0.58882
vt 0.52869 0.58843
vt 0.51561 0.58788
vt 0.5058 0.58427
vt 0.52441 0.5892
vt 0.52215 0.58907
vt 0.51926 0.58864
vt 0.51202 0.58693
vt 0.50929 0.58602
vt 0.50726 0.58513
vt 0.50477 0.58343
vt 0.50402 0.58259
vt 0.50341 0.58176
vt 0.52969 0.58798
vt 0.91437 0.86321
vt 0.90638 0.8632
vt 0.90637 0.90017
vt 0.91436 0.90017
vt 0.92235 0.86321
vt 0.92234 0.90017
vt 0.93033 0.86321
vt 0.93033 0.90017
vt 0.90637 0.93713
vt 0.91436 0.93713
vt 0.92234 0.93713
vt 0.93033 0.93713
vt 0.90637 0.97409
vt 0.91436 0.9741
vt 0.92234 0.97409
vt 0.93032 0.97409
vt 0.96581 0.90017
vt 0.96581 0.86321
vt 0.95783 0.86321
vt 0.95783 0.90017
vt 0.94985 0.86321
vt 0.94985 0.90017
vt 0.94186 0.86321
vt 0.94186 0.90017
vt 0.96581 0.93713
vt 0.95783 0.93713
vt 0.94985 0.93713
vt 0.94186 0.93713
vt 0.96581 0.9741
vt 0.95782 0.9741
vt 0.94984 0.97409
vt 0.94186 0.97409
vt 0.93418 0.83926
vt 0.93033 0.83926
vt 0.93033 0.84724
vt 0.93418 0.84724
vt 0.93033 0.85522
vt 0.93418 0.85523
vt 0.93418 0.86321
vt 0.93802 0.83926
vt 0.93802 0.84725
vt 0.93802 0.85523
vt 0.93802 0.86321
vt 0.94186 0.83926
vt 0.94186 0.84725
vt 0.94186 0.85523
vt 0.93417 0.90017
vt 0.93417 0.93713
vt 0.93417 0.97409
vt 0.93801 0.90017
vt 0.93801 0.93713
vt 0.93801 0.97409
vt 0.93032 0.98208
vt 0.93417 0.98208
vt 0.93032 0.99006
vt 0.93417 0.99006
vt 0.93032 0.99805
vt 0.93417 0.99805
vt 0.93801 0.98208
vt 0.93801 0.99006
vt 0.93801 0.99805
vt 0.94185 0.98208
vt 0.94185 0.99006
vt 0.94185 0.99805
vt 0.97349 0.9741
vt 0.97734 0.9741
vt 0.97734 0.93713
vt 0.9735 0.93713
vt 0.97734 0.90017
vt 0.9735 0.90017
vt 0.97734 0.86321
vt 0.9735 0.86321
vt 0.96965 0.9741
vt 0.96965 0.93713
vt 0.96966 0.90017
vt 0.96965 0.86321
vt 0.93227 0.72486
vt 0.92428 0.72486
vt 0.92428 0.76183
vt 0.93227 0.76182
vt 0.94025 0.72486
vt 0.94025 0.76182
vt 0.94823 0.72486
vt 0.94823 0.76182
vt 0.92428 0.79879
vt 0.93227 0.79879
vt 0.94025 0.79879
vt 0.94823 0.79878
vt 0.92428 0.83575
vt 0.93227 0.83575
vt 0.94025 0.83575
vt 0.94823 0.83574
vt 0.98372 0.76183
vt 0.98372 0.72486
vt 0.97573 0.72486
vt 0.97573 0.76182
vt 0.96775 0.72486
vt 0.96775 0.76182
vt 0.95976 0.72486
vt 0.95976 0.76182
vt 0.98371 0.79879
vt 0.97573 0.79879
vt 0.96775 0.79879
vt 0.95976 0.79878
vt 0.98371 0.83575
vt 0.97573 0.83575
vt 0.96775 0.83575
vt 0.95976 0.83574
vt 0.95208 0.70091
vt 0.94823 0.70091
vt 0.94823 0.7089
vt 0.95208 0.7089
vt 0.94823 0.71688
vt 0.95208 0.71688
vt 0.95208 0.72486
vt 0.95592 0.70091
vt 0.95592 0.7089
vt 0.95592 0.71688
vt 0.95592 0.72486
vt 0.95976 0.70091
vt 0.95976 0.7089
vt 0.95976 0.71688
vt 0.95208 0.76182
vt 0.95208 0.79878
vt 0.95208 0.83574
vt 0.95592 0.76182
vt 0.95592 0.79878
vt 0.95592 0.83574
vt 0.94823 0.84373
vt 0.95208 0.84373
vt 0.94823 0.85171
vt 0.95208 0.85171
vt 0.94823 0.8597
vt 0.95208 0.8597
vt 0.95592 0.84373
vt 0.95592 0.85171
vt 0.95592 0.8597
vt 0.95976 0.84373
vt 0.95976 0.85171
vt 0.95976 0.8597
vt 0.9914 0.83575
vt 0.99524 0.83575
vt 0.99524 0.79879
vt 0.9914 0.79879
vt 0.99524 0.76183
vt 0.9914 0.76183
vt 0.99525 0.72486
vt 0.9914 0.72486
vt 0.98756 0.83575
vt 0.98756 0.79879
vt 0.98756 0.76183
vt 0.98756 0.72486
vt 0.53378 0.755
vt 0.5258 0.755
vt 0.5258 0.79197
vt 0.53378 0.79196
vt 0.54176 0.755
vt 0.54176 0.79196
vt 0.54975 0.75501
vt 0.54975 0.79196
vt 0.5258 0.82893
vt 0.53378 0.82892
vt 0.54177 0.82893
vt 0.54975 0.82893
vt 0.5258 0.86589
vt 0.53378 0.86589
vt 0.54177 0.86589
vt 0.54975 0.86589
vt 0.58523 0.79197
vt 0.58523 0.755
vt 0.57725 0.755
vt 0.57725 0.79196
vt 0.56927 0.755
vt 0.56927 0.79196
vt 0.56128 0.75501
vt 0.56128 0.79196
vt 0.58523 0.82893
vt 0.57725 0.82892
vt 0.56927 0.82893
vt 0.56128 0.82893
vt 0.58523 0.86589
vt 0.57725 0.86589
vt 0.56927 0.86589
vt 0.56128 0.86589
vt 0.5536 0.73105
vt 0.54975 0.73105
vt 0.54975 0.73904
vt 0.5536 0.73904
vt 0.54975 0.74702
vt 0.5536 0.74702
vt 0.5536 0.75501
vt 0.55744 0.73105
vt 0.55744 0.73904
vt 0.55744 0.74702
vt 0.55744 0.75501
vt 0.56128 0.73105
vt 0.56128 0.73904
vt 0.56128 0.74702
vt 0.5536 0.79196
vt 0.5536 0.82893
vt 0.5536 0.86589
vt 0.55744 0.79196
vt 0.55744 0.82893
vt 0.55744 0.86589
vt 0.54975 0.87387
vt 0.5536 0.87387
vt 0.54975 0.88186
vt 0.5536 0.88186
vt 0.54975 0.88984
vt 0.5536 0.88984
vt 0.55744 0.87387
vt 0.55744 0.88186
vt 0.55744 0.88984
vt 0.56128 0.87387
vt 0.56128 0.88186
vt 0.56128 0.88984
vt 0.59292 0.86589
vt 0.59676 0.86589
vt 0.59676 0.82893
vt 0.59292 0.82893
vt 0.59676 0.79197
vt 0.59292 0.79197
vt 0.59676 0.755
vt 0.59292 0.755
vt 0.58908 0.86589
vt 0.58908 0.82893
vt 0.58908 0.79197
vt 0.58908 0.755
vt 0.5114 0.61665
vt 0.50342 0.61665
vt 0.50341 0.65361
vt 0.5114 0.65361
vt 0.51938 0.61665
vt 0.51938 0.65361
vt 0.52737 0.61665
vt 0.52737 0.65361
vt 0.50341 0.69058
vt 0.5114 0.69058
vt 0.51938 0.69057
vt 0.52737 0.69057
vt 0.50341 0.72754
vt 0.5114 0.72754
vt 0.51938 0.72754
vt 0.52737 0.72753
vt 0.56285 0.65362
vt 0.56284 0.61665
vt 0.55486 0.61665
vt 0.55486 0.65361
vt 0.54688 0.61665
vt 0.54688 0.65361
vt 0.5389 0.61665
vt 0.5389 0.65361
vt 0.56285 0.69058
vt 0.55486 0.69058
vt 0.54688 0.69057
vt 0.5389 0.69057
vt 0.56285 0.72754
vt 0.55486 0.72754
vt 0.54688 0.72754
vt 0.5389 0.72753
vt 0.53121 0.59271
vt 0.52737 0.59271
vt 0.52737 0.60069
vt 0.53121 0.60069
vt 0.52737 0.60867
vt 0.53121 0.60867
vt 0.53121 0.61665
vt 0.53505 0.59271
vt 0.53505 0.60069
vt 0.53505 0.60867
vt 0.53505 0.61665
vt 0.5389 0.59271
vt 0.5389 0.60069
vt 0.5389 0.60867
vt 0.53121 0.65361
vt 0.53121 0.69057
vt 0.53121 0.72753
vt 0.53505 0.65361
vt 0.53505 0.69057
vt 0.53505 0.72753
vt 0.52737 0.73552
vt 0.53121 0.73552
vt 0.52737 0.7435
vt 0.53121 0.7435
vt 0.52737 0.75149
vt 0.53121 0.75149
vt 0.53505 0.73552
vt 0.53505 0.7435
vt 0.53505 0.75149
vt 0.5389 0.73552
vt 0.5389 0.7435
vt 0.5389 0.75149
vt 0.57054 0.72754
vt 0.57438 0.72754
vt 0.57438 0.69058
vt 0.57054 0.69058
vt 0.57438 0.65361
vt 0.57053 0.65361
vt 0.57437 0.61665
vt 0.57053 0.61665
vt 0.56669 0.72754
vt 0.56669 0.69058
vt 0.56669 0.65361
vt 0.56669 0.61665
vt 0.89645 0.58652
vt 0.88847 0.58651
vt 0.88846 0.62348
vt 0.89644 0.62347
vt 0.90443 0.58651
vt 0.90443 0.62348
vt 0.91242 0.58652
vt 0.91242 0.62348
vt 0.88846 0.66044
vt 0.89645 0.66044
vt 0.90443 0.66044
vt 0.91242 0.66044
vt 0.88847 0.6974
vt 0.89645 0.6974
vt 0.90444 0.6974
vt 0.91242 0.6974
vt 0.9479 0.62348
vt 0.94789 0.58651
vt 0.93991 0.58652
vt 0.93992 0.62347
vt 0.93193 0.58651
vt 0.93193 0.62348
vt 0.92395 0.58652
vt 0.92395 0.62348
vt 0.9479 0.66044
vt 0.93991 0.66043
vt 0.93193 0.66044
vt 0.92395 0.66044
vt 0.94789 0.6974
vt 0.93991 0.6974
vt 0.93193 0.6974
vt 0.92395 0.6974
vt 0.91626 0.56257
vt 0.91242 0.56257
vt 0.91242 0.57055
vt 0.91626 0.57055
vt 0.91242 0.57853
vt 0.91626 0.57853
vt 0.91626 0.58652
vt 0.9201 0.56257
vt 0.9201 0.57055
vt 0.9201 0.57853
vt 0.9201 0.58652
vt 0.92395 0.56257
vt 0.92395 0.57055
vt 0.92395 0.57853
vt 0.91626 0.62348
vt 0.91626 0.66044
vt 0.91626 0.6974
vt 0.9201 0.62348
vt 0.9201 0.66044
vt 0.9201 0.6974
vt 0.91242 0.70538
vt 0.91626 0.70538
vt 0.91242 0.71336
vt 0.91626 0.71336
vt 0.91242 0.72135
vt 0.91626 0.72135
vt 0.9201 0.70538
vt 0.9201 0.71336
vt 0.9201 0.72135
vt 0.92395 0.70538
vt 0.92395 0.71336
vt 0.92395 0.72135
vt 0.95558 0.6974
vt 0.95942 0.6974
vt 0.95943 0.66044
vt 0.95558 0.66044
vt 0.95943 0.62348
vt 0.95558 0.62348
vt 0.95942 0.58651
vt 0.95558 0.58651
vt 0.95174 0.6974
vt 0.95174 0.66044
vt 0.95174 0.62348
vt 0.95174 0.58651
vt 0.56513 0.50225
vt 0.55715 0.50225
vt 0.55714 0.53922
vt 0.56512 0.53922
vt 0.57311 0.50225
vt 0.57311 0.53922
vt 0.5811 0.50226
vt 0.58109 0.53922
vt 0.55714 0.57618
vt 0.56512 0.57617
vt 0.57311 0.57618
vt 0.58109 0.57617
vt 0.55714 0.61314
vt 0.56512 0.61314
vt 0.57311 0.61314
vt 0.58109 0.61314
vt 0.61658 0.53922
vt 0.61658 0.50225
vt 0.60859 0.50225
vt 0.6086 0.53922
vt 0.60061 0.50225
vt 0.60061 0.53922
vt 0.59263 0.50226
vt 0.59262 0.53922
vt 0.61657 0.57618
vt 0.60859 0.57618
vt 0.60061 0.57618
vt 0.59262 0.57618
vt 0.61657 0.61314
vt 0.60858 0.61314
vt 0.6006 0.61314
vt 0.59262 0.61314
vt 0.58494 0.47831
vt 0.5811 0.47831
vt 0.5811 0.48629
vt 0.58494 0.48629
vt 0.5811 0.49427
vt 0.58494 0.49427
vt 0.58494 0.50226
vt 0.58878 0.47831
vt 0.58878 0.48629
vt 0.58878 0.49427
vt 0.58878 0.50226
vt 0.59263 0.47831
vt 0.59263 0.48629
vt 0.59263 0.49427
vt 0.58494 0.53922
vt 0.58494 0.57617
vt 0.58493 0.61314
vt 0.58878 0.53922
vt 0.58878 0.57617
vt 0.58878 0.61314
vt 0.58109 0.62112
vt 0.58493 0.62112
vt 0.58109 0.6291
vt 0.58493 0.6291
vt 0.58109 0.63709
vt 0.58493 0.63709
vt 0.58878 0.62112
vt 0.58877 0.6291
vt 0.58877 0.63709
vt 0.59262 0.62112
vt 0.59262 0.6291
vt 0.59262 0.63709
vt 0.62426 0.61314
vt 0.6281 0.61314
vt 0.6281 0.57618
vt 0.62426 0.57618
vt 0.6281 0.53922
vt 0.62426 0.53922
vt 0.6281 0.50225
vt 0.62426 0.50225
vt 0.62041 0.61314
vt 0.62041 0.57618
vt 0.62042 0.53922
vt 0.62042 0.50225
vt 0.98542 0.72135
vt 0.98542 0.34527
vt 0.98244 0.34527
vt 0.98244 0.72135
vt 0.97946 0.34527
vt 0.97946 0.72135
vt 0.97648 0.34527
vt 0.97648 0.72135
vt 0.97351 0.34527
vt 0.97351 0.72135
vt 0.97053 0.34527
vt 0.97053 0.72135
vt 0.96755 0.34527
vt 0.96755 0.72135
vt 0.96458 0.34527
vt 0.96458 0.72135
vt 0.06911 0.99619
vt 0.07143 0.99805
vt 0.07435 0.99202
vt 0.06911 0.99321
vt 0.07434 0.99739
vt 0.07563 0.99471
vt 0.07144 0.99136
vt 0.03459 0.99739
vt 0.03749 0.99805
vt 0.03748 0.99136
vt 0.03329 0.99471
vt 0.03981 0.99619
vt 0.03981 0.99321
vt 0.03458 0.99202
vt 0.81975 0.99805
vt 0.81975 0.78751
vt 0.81678 0.78751
vt 0.81678 0.99804
vt 0.8138 0.78751
vt 0.8138 0.99805
vt 0.81082 0.78751
vt 0.81082 0.99804
vt 0.80784 0.78751
vt 0.80784 0.99804
vt 0.80487 0.78751
vt 0.80487 0.99805
vt 0.80189 0.78751
vt 0.80189 0.99804
vt 0.79892 0.78751
vt 0.79892 0.99805
vt 0.27292 0.99805
vt 0.27582 0.99738
vt 0.27292 0.99136
vt 0.27059 0.99619
vt 0.27711 0.9947
vt 0.27582 0.99202
vt 0.27059 0.99321
vt 0.29054 0.9947
vt 0.28925 0.99202
vt 0.28402 0.99619
vt 0.28925 0.99739
vt 0.28635 0.99136
vt 0.28402 0.99322
vt 0.28635 0.99805
vt 0.81901 0.71853
vt 0.81479 0.69173
vt 0.79286 0.69353
vt 0.79606 0.72013
vt 0.8461 0.71641
vt 0.84089 0.68931
vt 0.81006 0.65994
vt 0.83516 0.65732
vt 0.78952 0.66492
vt 0.8289 0.77271
vt 0.82388 0.74552
vt 0.79981 0.74759
vt 0.80354 0.77596
vt 0.85847 0.76944
vt 0.85193 0.7431
vt 0.80334 0.61845
vt 0.82775 0.61622
vt 0.82009 0.57061
vt 0.80788 0.57974
vt 0.79765 0.58854
vt 0.78781 0.59617
vt 0.78535 0.63201
vt 0.7787 0.60294
vt 0.77278 0.63853
vt 0.76919 0.60865
vt 0.76237 0.64116
vt 0.7592 0.61313
vt 0.76522 0.66874
vt 0.77591 0.66745
vt 0.77849 0.69471
vt 0.76758 0.69569
vt 0.76983 0.72251
vt 0.78098 0.72136
vt 0.78388 0.74912
vt 0.77236 0.75042
vt 0.77498 0.77938
vt 0.78681 0.77801
vt 0.69868 0.60784
vt 0.68217 0.6284
vt 0.70993 0.64027
vt 0.71257 0.61351
vt 0.68441 0.60074
vt 0.66555 0.58777
vt 0.64669 0.57478
vt 0.64833 0.62663
vt 0.68303 0.67111
vt 0.64925 0.6728
vt 0.71143 0.67218
vt 0.71249 0.70092
vt 0.6836 0.70389
vt 0.6495 0.70714
vt 0.64909 0.73537
vt 0.68357 0.73161
vt 0.71311 0.72818
vt 0.68303 0.7596
vt 0.7134 0.75633
vt 0.64816 0.76337
vt 0.64669 0.79118
vt 0.68242 0.7878
vt 0.71385 0.7853
vt 0.72547 0.61665
vt 0.72781 0.64443
vt 0.74037 0.64423
vt 0.7374 0.61749
vt 0.72996 0.67192
vt 0.74311 0.67094
vt 0.73172 0.69898
vt 0.74543 0.69772
vt 0.73322 0.72601
vt 0.74756 0.72469
vt 0.73464 0.75417
vt 0.74977 0.75276
vt 0.73622 0.78337
vt 0.75211 0.78183
vt 0.75172 0.64311
vt 0.74859 0.61621
vt 0.75457 0.66989
vt 0.75697 0.69665
vt 0.75923 0.72357
vt 0.76167 0.75156
vt 0.76423 0.78057
vt 0.47166 0.2899
vt 0.47044 0.28487
vt 0.46499 0.34761
vt 0.46631 0.35145
vt 0.48163 0.24418
vt 0.48061 0.23826
vt 0.49733 0.19984
vt 0.4966 0.19306
vt 0.51284 0.16377
vt 0.51242 0.1563
vt 0.52226 0.1429
vt 0.52201 0.13502
vt 0.53558 0.12188
vt 0.53568 0.11784
vt 0.551 0.11394
vt 0.55148 0.11213
vt 0.55781 0.10651
vt 0.5584 0.10546
vt 0.57083 0.10437
vt 0.57167 0.10328
vt 0.56942 0.10184
vt 0.56862 0.10296
vt 0.4646 0.44323
vt 0.46324 0.44116
vt 0.46326 0.55014
vt 0.46462 0.55014
vt 0.47137 0.81037
vt 0.47013 0.81541
vt 0.48024 0.86203
vt 0.48128 0.85611
vt 0.46608 0.74882
vt 0.46476 0.75266
vt 0.49692 0.90047
vt 0.49619 0.90725
vt 0.51196 0.94403
vt 0.5124 0.93655
vt 0.55069 0.97986
vt 0.55099 0.98818
vt 0.55784 0.99492
vt 0.55741 0.98647
vt 0.53518 0.9743
vt 0.53518 0.98251
vt 0.52179 0.95744
vt 0.52153 0.96532
vt 0.56901 0.99805
vt 0.56837 0.98955
vt 0.57167 0.99783
vt 0.57097 0.98933
vt 0.46448 0.65704
vt 0.46312 0.6591
vt 0.49777 0.74758
vt 0.49644 0.75142
vt 0.50192 0.81416
vt 0.50314 0.80912
vt 0.5121 0.86076
vt 0.51313 0.85484
vt 0.52811 0.90595
vt 0.52883 0.89918
vt 0.54394 0.94271
vt 0.54437 0.93523
vt 0.55378 0.95611
vt 0.55355 0.96399
vt 0.56722 0.98116
vt 0.56717 0.97711
vt 0.58295 0.98704
vt 0.58253 0.9852
vt 0.59 0.99358
vt 0.58956 0.99244
vt 0.60006 0.99682
vt 0.60071 0.99805
vt 0.6029 0.99654
vt 0.60221 0.99534
vt 0.496 0.54889
vt 0.49465 0.54889
vt 0.49466 0.65786
vt 0.49602 0.6558
vt 0.51255 0.24291
vt 0.51151 0.23699
vt 0.50142 0.28361
vt 0.50266 0.28865
vt 0.49607 0.34636
vt 0.4974 0.3502
vt 0.54364 0.16246
vt 0.54321 0.15499
vt 0.52744 0.19177
vt 0.52818 0.19854
vt 0.58192 0.11914
vt 0.58222 0.11083
vt 0.56641 0.11649
vt 0.56641 0.1247
vt 0.58864 0.11252
vt 0.58907 0.10408
vt 0.55277 0.13369
vt 0.55302 0.14157
vt 0.5996 0.10945
vt 0.60024 0.10095
vt 0.6022 0.10967
vt 0.6029 0.10117
vt 0.49446 0.43992
vt 0.49582 0.44199
vt 0.04299 0.24234
vt 0.01214 0.23713
vt 0.00532 0.30169
vt 0.03662 0.30394
vt 0.04972 0.19619
vt 0.01945 0.18781
vt 0.05671 0.14986
vt 0.02688 0.1379
vt 0.06254 0.11188
vt 0.03598 0.09408
vt 0.06707 0.09064
vt 0.04793 0.06812
vt 0.07383 0.07075
vt 0.0627 0.04239
vt 0.07192 0.05525
vt 0.06344 0.02437
vt 0.07554 0.046
vt 0.06787 0.01523
vt 0.07762 0.03478
vt 0.06998 0.00361
vt 0.06739 0.00411
vt 0.07503 0.03525
vt 0.03365 0.39604
vt 0.00216 0.39572
vt 0.00195 0.5032
vt 0.03341 0.50286
vt 0.04216 0.76157
vt 0.01142 0.76709
vt 0.01868 0.81678
vt 0.04869 0.80764
vt 0.03672 0.70038
vt 0.00554 0.70287
vt 0.05615 0.85389
vt 0.02728 0.8671
vt 0.03695 0.91033
vt 0.0624 0.89193
vt 0.07085 0.94893
vt 0.05515 0.97652
vt 0.05857 0.98568
vt 0.07401 0.95835
vt 0.07435 0.93352
vt 0.05679 0.95944
vt 0.06759 0.91346
vt 0.04795 0.93591
vt 0.0566 0.99677
vt 0.07208 0.96875
vt 0.059 0.99788
vt 0.07454 0.96964
vt 0.03395 0.60922
vt 0.0026 0.61007
vt 0.18134 0.30404
vt 0.21252 0.30165
vt 0.20664 0.23705
vt 0.17589 0.24244
vt 0.19936 0.1871
vt 0.16934 0.19612
vt 0.19072 0.13655
vt 0.16181 0.14964
vt 0.18106 0.09325
vt 0.15547 0.11141
vt 0.15033 0.08962
vt 0.17022 0.06768
vt 0.15756 0.04146
vt 0.14338 0.06949
vt 0.15802 0.02322
vt 0.14672 0.05402
vt 0.15427 0.01377
vt 0.14373 0.04441
vt 0.14536 0.03363
vt 0.1558 0.00261
vt 0.15324 0.00195
vt 0.14281 0.03299
vt 0.18486 0.50265
vt 0.21632 0.50234
vt 0.21555 0.39499
vt 0.18419 0.39579
vt 0.16802 0.80901
vt 0.19809 0.81808
vt 0.20601 0.76885
vt 0.17526 0.76307
vt 0.21321 0.70424
vt 0.18192 0.70165
vt 0.15366 0.89285
vt 0.17968 0.91151
vt 0.1898 0.86782
vt 0.16028 0.85509
vt 0.1429 0.94886
vt 0.15486 0.97766
vt 0.15487 0.96042
vt 0.1413 0.93342
vt 0.13892 0.95783
vt 0.15023 0.98617
vt 0.16682 0.93729
vt 0.14862 0.91389
vt 0.13934 0.96828
vt 0.15067 0.99723
vt 0.1368 0.96891
vt 0.14817 0.99805
vt 0.21632 0.61005
vt 0.18481 0.60963
vt 0.04752 0.24696
vt 0.04125 0.30735
vt 0.05456 0.20192
vt 0.06269 0.1572
vt 0.06974 0.12097
vt 0.07331 0.10111
vt 0.07386 0.08461
vt 0.07749 0.07234
vt 0.07775 0.06453
vt 0.08259 0.055
vt 0.08012 0.05549
vt 0.03845 0.39778
vt 0.03829 0.50279
vt 0.04682 0.75689
vt 0.05366 0.80182
vt 0.04145 0.6969
vt 0.06222 0.84644
vt 0.06973 0.88275
vt 0.07806 0.93199
vt 0.07824 0.93974
vt 0.07448 0.91967
vt 0.07332 0.90287
vt 0.08016 0.94926
vt 0.08261 0.9498
vt 0.03879 0.60736
vt 0.17661 0.30753
vt 0.17123 0.24712
vt 0.16437 0.20194
vt 0.15575 0.1571
vt 0.14817 0.12059
vt 0.14455 0.10033
vt 0.14334 0.08334
vt 0.13971 0.07101
vt 0.13952 0.06319
vt 0.13758 0.05369
vt 0.13512 0.05316
vt 0.17997 0.50273
vt 0.17936 0.39766
vt 0.16327 0.80319
vt 0.17078 0.75839
vt 0.17729 0.6982
vt 0.14669 0.88356
vt 0.15446 0.84762
vt 0.13769 0.93176
vt 0.14168 0.91967
vt 0.13721 0.93947
vt 0.14265 0.90327
vt 0.13458 0.94841
vt 0.1321 0.94884
vt 0.17999 0.60787
vt 0.06503 0.30353
vt 0.06101 0.35044
vt 0.07204 0.26858
vt 0.08214 0.23438
vt 0.09181 0.20641
vt 0.09727 0.19016
vt 0.10146 0.17723
vt 0.10334 0.17324
vt 0.1054 0.16839
vt 0.10886 0.16606
vt 0.10692 0.1663
vt 0.05963 0.42073
vt 0.05959 0.50264
vt 0.06502 0.70071
vt 0.0719 0.73511
vt 0.06094 0.65412
vt 0.08208 0.76926
vt 0.09185 0.79723
vt 0.1035 0.83025
vt 0.10547 0.83526
vt 0.10167 0.82631
vt 0.09737 0.81347
vt 0.10695 0.83741
vt 0.10886 0.83764
vt 0.0596 0.58427
vt 0.15716 0.35065
vt 0.15305 0.30345
vt 0.14618 0.26867
vt 0.13601 0.23469
vt 0.12623 0.20676
vt 0.1207 0.19047
vt 0.11632 0.17742
vt 0.11446 0.17342
vt 0.11235 0.16846
vt 0.11081 0.16631
vt 0.15867 0.50292
vt 0.15858 0.42091
vt 0.14645 0.73656
vt 0.15347 0.70184
vt 0.15746 0.65513
vt 0.1263 0.7979
vt 0.13614 0.77029
vt 0.1145 0.83066
vt 0.11641 0.82673
vt 0.11234 0.83542
vt 0.12071 0.81396
vt 0.11078 0.83745
vt 0.15874 0.58495
vt 0.64514 0.90039
vt 0.62321 0.89859
vt 0.61898 0.92539
vt 0.64194 0.92699
vt 0.59711 0.89617
vt 0.59189 0.92327
vt 0.62793 0.8668
vt 0.60283 0.86418
vt 0.64847 0.87178
vt 0.63818 0.95445
vt 0.61411 0.95238
vt 0.60909 0.97958
vt 0.63446 0.98282
vt 0.58606 0.94996
vt 0.57953 0.9763
vt 0.63465 0.82532
vt 0.61024 0.82309
vt 0.63011 0.7866
vt 0.61791 0.77748
vt 0.65018 0.80303
vt 0.64034 0.79541
vt 0.65264 0.83887
vt 0.65929 0.80981
vt 0.66521 0.84539
vt 0.6688 0.81551
vt 0.67562 0.84802
vt 0.6788 0.82
vt 0.67277 0.8756
vt 0.66208 0.87432
vt 0.6595 0.90158
vt 0.67041 0.90255
vt 0.66816 0.92937
vt 0.65701 0.92822
vt 0.65411 0.95598
vt 0.66563 0.95729
vt 0.66301 0.98625
vt 0.65119 0.98487
vt 0.72806 0.84713
vt 0.75582 0.83527
vt 0.73931 0.81471
vt 0.72542 0.82037
vt 0.77244 0.79464
vt 0.75358 0.8076
vt 0.79131 0.78165
vt 0.78966 0.83349
vt 0.75497 0.87797
vt 0.78874 0.87966
vt 0.72656 0.87905
vt 0.72551 0.90778
vt 0.75439 0.91075
vt 0.7885 0.914
vt 0.7889 0.94223
vt 0.75442 0.93847
vt 0.72489 0.93505
vt 0.72459 0.96319
vt 0.75496 0.96646
vt 0.78983 0.97023
vt 0.79131 0.99805
vt 0.75558 0.99467
vt 0.72414 0.99216
vt 0.69762 0.8511
vt 0.71019 0.85129
vt 0.71252 0.82351
vt 0.70059 0.82435
vt 0.70803 0.87879
vt 0.69489 0.8778
vt 0.69256 0.90458
vt 0.70627 0.90584
vt 0.70477 0.93288
vt 0.69043 0.93156
vt 0.68822 0.95962
vt 0.70335 0.96103
vt 0.70177 0.99023
vt 0.68588 0.98869
vt 0.68627 0.84997
vt 0.6894 0.82307
vt 0.68342 0.87676
vt 0.68102 0.90351
vt 0.67877 0.93043
vt 0.67632 0.95842
vt 0.67377 0.98744
vt 0.8871 0.37286
vt 0.88611 0.40066
vt 0.88853 0.40069
vt 0.88952 0.37289
vt 0.88711 0.34504
vt 0.88953 0.34507
vt 0.88516 0.31721
vt 0.88758 0.31724
vt 0.8823 0.2834
vt 0.88472 0.28343
vt 0.8796 0.23762
vt 0.88202 0.23765
vt 0.87698 0.18584
vt 0.8794 0.18587
vt 0.87229 0.76612
vt 0.86987 0.76608
vt 0.86608 0.81215
vt 0.86849 0.81218
vt 0.87602 0.72481
vt 0.8736 0.72478
vt 0.87962 0.69301
vt 0.8772 0.69298
vt 0.88217 0.66594
vt 0.87976 0.6659
vt 0.88035 0.63881
vt 0.88277 0.63884
vt 0.87995 0.6117
vt 0.88238 0.61173
vt 0.88082 0.582
vt 0.88324 0.58203
vt 0.88156 0.55666
vt 0.88398 0.55669
vt 0.88204 0.54003
vt 0.88446 0.54006
vt 0.88481 0.52832
vt 0.88239 0.52829
vt 0.88512 0.51766
vt 0.8827 0.51763
vt 0.88547 0.50567
vt 0.88305 0.50563
vt 0.88351 0.48991
vt 0.88592 0.48994
vt 0.88415 0.46775
vt 0.88657 0.46779
vt 0.88506 0.43648
vt 0.88749 0.43652
vt 0.87827 0.97734
vt 0.87585 0.9773
vt 0.86608 0.99801
vt 0.86849 0.99805
vt 0.88804 0.95663
vt 0.88562 0.95659
vt 0.8914 0.94104
vt 0.88898 0.94101
vt 0.89442 0.9264
vt 0.89199 0.92637
vt 0.89675 0.91344
vt 0.89433 0.91341
vt 0.89773 0.90166
vt 0.89531 0.90163
vt 0.89428 0.89057
vt 0.8967 0.8906
vt 0.89241 0.87982
vt 0.89483 0.87985
vt 0.8909 0.86908
vt 0.89332 0.86911
vt 0.88939 0.85816
vt 0.89182 0.85819
vt 0.88753 0.84698
vt 0.88995 0.84701
vt 0.88252 0.8356
vt 0.88494 0.83563
vt 0.87579 0.82389
vt 0.87821 0.82393
usemtl mat0
f 1/1/1 2/2/2 3/3/3
f 3/3/3 4/4/4 1/1/1
f 5/5/5 6/6/6 2/2/2
f 2/2/2 1/1/1 5/5/5
f 7/7/7 2/2/2 6/6/6
f 6/6/6 8/8/8 7/7/7
f 9/9/9 3/3/3 2/2/2
f 2/2/2 7/7/7 9/9/9
f 10/10/10 11/11/11 6/6/6
f 6/6/6 5/5/5 10/10/10
f 12/12/12 13/13/13 11/11/11
f 11/11/11 10/10/10 12/12/12
f 14/14/14 11/11/11 13/13/13
f 13/13/13 15/15/15 14/14/14
f 8/8/8 6/6/6 11/11/11
f 11/11/11 14/14/14 8/8/8
f 7/7/7 16/16/16 17/17/17
f 17/17/17 9/9/9 7/7/7
f 8/8/8 18/18/18 16/16/16
f 16/16/16 7/7/7 8/8/8
f 19/19/19 16/16/16 18/18/18
f 18/18/18 20/20/20 19/19/19
f 21/21/21 17/17/17 16/16/16
f 16/16/16 19/19/19 21/21/21
f 19/19/19 22/22/22 23/23/23
f 23/23/23 21/21/21 19/19/19
f 24/24/24 22/22/22 19/19/19
f 24/24/24 19/19/19 20/20/20
f 25/25/25 23/23/23 22/22/22
f 22/22/22 26/26/26 25/25/25
f 27/27/27 28/28/28 1/1/1
f 1/1/1 4/4/4 27/27/27
f 29/29/29 30/30/30 28/28/28
f 28/28/28 27/27/27 29/29/29
f 31/31/31 28/28/28 30/30/30
f 30/30/30 32/32/32 31/31/31
f 1/1/1 28/28/28 31/31/31
f 31/31/31 5/5/5 1/1/1
f 33/33/33 10/10/10 5/5/5
f 5/5/5 31/31/31 33/33/33
f 32/32/32 34/34/34 33/33/33
f 33/33/33 31/31/31 32/32/32
f 35/35/35 33/33/33 34/34/34
f 34/34/34 36/36/36 35/35/35
f 10/10/10 33/33/33 35/35/35
f 35/35/35 12/12/12 10/10/10
f 37/37/37 38/38/38 23/23/23
f 23/23/23 25/25/25 37/37/37
f 38/38/38 37/37/37 39/39/39
f 39/39/39 40/40/40 38/38/38
f 40/40/40 41/41/41 42/42/42
f 42/42/42 38/38/38 40/40/40
f 21/21/21 23/23/23 38/38/38
f 38/38/38 42/42/42 21/21/21
f 42/42/42 43/43/43 17/17/17
f 17/17/17 21/21/21 42/42/42
f 41/41/41 44/44/44 43/43/43
f 43/43/43 42/42/42 41/41/41
f 45/45/45 43/43/43 44/44/44
f 44/44/44 46/46/46 45/45/45
f 9/9/9 17/17/17 43/43/43
f 43/43/43 45/45/45 9/9/9
f 45/45/45 47/47/47 3/3/3
f 3/3/3 9/9/9 45/45/45
f 46/46/46 48/48/48 47/47/47
f 47/47/47 45/45/45 46/46/46
f 27/27/27 47/47/47 48/48/48
f 48/48/48 29/29/29 27/27/27
f 4/4/4 3/3/3 47/47/47
f 47/47/47 27/27/27 4/4/4
f 49/49/49 50/50/50 13/13/13
f 13/13/13 12/12/12 49/49/49
f 50/50/50 49/49/49 51/51/51
f 51/51/51 52/52/52 50/50/50
f 52/52/52 53/53/53 54/54/54
f 54/54/54 50/50/50 52/52/52
f 15/15/15 13/13/13 50/50/50
f 50/50/50 54/54/54 15/15/15
f 35/35/35 36/36/36 55/55/55
f 55/55/55 56/56/56 35/35/35
f 56/56/56 55/55/55 57/57/57
f 57/57/57 58/58/58 56/56/56
f 58/58/58 51/51/51 49/49/49
f 49/49/49 56/56/56 58/58/58
f 56/56/56 49/49/49 12/12/12
f 12/12/12 35/35/35 56/56/56
f 59/59/59 60/60/60 61/61/61
f 61/61/61 62/62/62 59/59/59
f 63/63/63 64/64/64 60/60/60
f 60/60/60 59/59/59 63/63/63
f 65/65/65 60/60/60 64/64/64
f 64/64/64 66/66/66 65/65/65
f 67/67/67 61/61/61 60/60/60
f 60/60/60 65/65/65 67/67/67
f 65/65/65 68/68/68 69/69/69
f 69/69/69 67/67/67 65/65/65
f 66/66/66 70/70/70 68/68/68
f 68/68/68 65/65/65 66/66/66
f 71/71/71 68/68/68 70/70/70
f 70/70/70 72/72/72 71/71/71
f 73/73/73 69/69/69 68/68/68
f 68/68/68 71/71/71 73/73/73
f 74/74/74 75/75/75 64/64/64
f 64/64/64 63/63/63 74/74/74
f 76/76/76 77/77/77 75/75/75
f 75/75/75 74/74/74 76/76/76
f 78/78/78 75/75/75 77/77/77
f 77/77/77 79/79/79 78/78/78
f 66/66/66 64/64/64 75/75/75
f 75/75/75 78/78/78 66/66/66
f 80/80/80 81/81/81 77/77/77
f 77/77/77 76/76/76 80/80/80
f 82/82/82 83/83/83 81/81/81
f 81/81/81 80/80/80 82/82/82
f 77/77/77 81/81/81 84/84/84
f 77/77/77 84/84/84 79/79/79
f 61/61/61 85/85/85 86/86/86
f 86/86/86 62/62/62 61/61/61
f 87/87/87 85/85/85 61/61/61
f 61/61/61 67/67/67 87/87/87
f 88/88/88 85/85/85 87/87/87
f 87/87/87 89/89/89 88/88/88
f 90/90/90 86/86/86 85/85/85
f 85/85/85 88/88/88 90/90/90
f 91/91/91 87/87/87 67/67/67
f 67/67/67 69/69/69 91/91/91
f 92/92/92 91/91/91 69/69/69
f 69/69/69 73/73/73 92/92/92
f 93/93/93 91/91/91 92/92/92
f 92/92/92 94/94/94 93/93/93
f 89/89/89 87/87/87 91/91/91
f 91/91/91 93/93/93 89/89/89
f 80/80/80 95/95/95 96/96/96
f 96/96/96 82/82/82 80/80/80
f 76/76/76 97/97/97 95/95/95
f 95/95/95 80/80/80 76/76/76
f 97/97/97 98/98/98 99/99/99
f 99/99/99 95/95/95 97/97/97
f 95/95/95 99/99/99 100/100/100
f 100/100/100 96/96/96 95/95/95
f 74/74/74 101/101/101 97/97/97
f 97/97/97 76/76/76 74/74/74
f 63/63/63 102/102/102 101/101/101
f 101/101/101 74/74/74 63/63/63
f 103/103/103 101/101/101 102/102/102
f 102/102/102 104/104/104 103/103/103
f 98/98/98 97/97/97 101/101/101
f 101/101/101 103/103/103 98/98/98
f 59/59/59 105/105/105 102/102/102
f 102/102/102 63/63/63 59/59/59
f 62/62/62 86/86/86 105/105/105
f 105/105/105 59/59/59 62/62/62
f 106/106/106 105/105/105 86/86/86
f 86/86/86 90/90/90 106/106/106
f 104/104/104 102/102/102 105/105/105
f 105/105/105 106/106/106 104/104/104
f 71/71/71 107/107/107 108/108/108
f 108/108/108 73/73/73 71/71/71
f 72/72/72 109/109/109 107/107/107
f 107/107/107 71/71/71 72/72/72
f 109/109/109 53/53/53 52/52/52
f 52/52/52 107/107/107 109/109/109
f 107/107/107 52/52/52 51/51/51
f 51/51/51 108/108/108 107/107/107
f 110/110/110 94/94/94 92/92/92
f 92/92/92 111/111/111 110/110/110
f 111/111/111 92/92/92 73/73/73
f 73/73/73 108/108/108 111/111/111
f 108/108/108 51/51/51 58/58/58
f 58/58/58 111/111/111 108/108/108
f 111/111/111 58/58/58 57/57/57
f 57/57/57 110/110/110 111/111/111
f 112/112/112 113/113/112 114/114/113
f 114/114/113 115/115/113 112/112/112
f 115/115/113 114/114/113 116/116/114
f 116/116/114 117/117/114 115/115/113
f 117/117/114 116/116/114 118/118/115
f 118/118/115 119/119/115 117/117/114
f 119/119/115 118/118/115 120/120/116
f 120/120/116 121/121/116 119/119/115
f 121/121/116 120/120/116 122/122/117
f 122/122/117 123/123/117 121/121/116
f 124/124/117 125/125/117 126/126/118
f 126/126/118 127/127/118 124/124/117
f 127/127/118 126/126/118 128/128/119
f 128/128/119 129/129/119 127/127/118
f 129/129/119 128/128/119 130/130/120
f 130/130/120 131/131/120 129/129/119
f 131/131/120 130/130/120 132/132/121
f 132/132/121 133/133/121 131/131/120
f 133/133/121 132/132/121 134/134/122
f 134/134/122 135/135/122 133/133/121
f 135/135/122 134/134/122 136/136/123
f 136/136/123 137/137/123 135/135/122
f 137/137/123 136/136/123 138/138/124
f 138/138/124 139/139/124 137/137/123
f 139/139/124 138/138/124 140/140/125
f 140/140/125 141/141/125 139/139/124
f 141/141/125 140/140/125 142/142/126
f 142/142/126 143/143/126 141/141/125
f 143/143/126 142/142/126 144/144/127
f 144/144/127 145/145/127 143/143/126
f 145/145/127 144/144/127 146/146/128
f 146/146/128 147/147/128 145/145/127
f 147/147/128 146/146/128 148/148/129
f 148/148/129 149/149/129 147/147/128
f 149/149/129 148/148/129 113/113/112
f 113/113/112 112/112/112 149/149/129
f 150/150/130 151/151/130 152/152/130
f 152/152/130 153/153/130 150/150/130
f 152/152/130 151/151/130 154/154/130
f 154/154/130 155/155/130 152/152/130
f 154/154/130 151/151/130 156/156/130
f 156/156/130 157/157/130 154/154/130
f 157/157/130 158/158/130 154/154/130
f 155/155/130 154/154/130 159/159/130
f 159/159/130 160/160/130 155/155/130
f 154/154/130 161/161/130 159/159/130
f 159/159/130 162/162/130 160/160/130
f 155/155/130 160/160/130 163/163/130
f 163/163/130 164/164/130 155/155/130
f 164/164/130 165/165/130 155/155/130
f 155/155/130 166/166/130 152/152/130
f 167/167/130 153/153/130 152/152/130
f 168/168/53 169/169/53 170/170/53
f 170/170/53 171/171/53 168/168/53
f 170/170/53 169/169/53 172/172/53
f 172/172/53 173/173/53 170/170/53
f 172/172/53 169/169/53 174/174/53
f 174/174/53 175/175/53 172/172/53
f 175/175/53 176/176/53 172/172/53
f 173/173/53 172/172/53 177/177/53
f 177/177/53 178/178/53 173/173/53
f 172/172/53 179/179/53 177/177/53
f 177/177/53 180/180/53 178/178/53
f 173/173/53 178/178/53 181/181/53
f 181/181/53 182/182/53 173/173/53
f 182/182/53 183/183/53 173/173/53
f 173/173/53 184/184/53 170/170/53
f 185/185/53 171/171/53 170/170/53
f 186/186/112 187/187/112 188/188/113
f 188/188/113 189/189/113 186/186/112
f 189/189/113 188/188/113 190/190/114
f 190/190/114 191/191/114 189/189/113
f 191/191/114 190/190/114 192/192/115
f 192/192/115 193/193/115 191/191/114
f 193/193/115 192/192/115 194/194/116
f 194/194/116 195/195/116 193/193/115
f 195/195/116 194/194/116 196/196/117
f 196/196/117 197/197/117 195/195/116
f 198/198/117 199/199/117 200/200/118
f 200/200/118 201/201/118 198/198/117
f 201/201/118 200/200/118 202/202/119
f 202/202/119 203/203/119 201/201/118
f 203/203/119 202/202/119 204/204/120
f 204/204/120 205/205/120 203/203/119
f 205/205/120 204/204/120 206/206/121
f 206/206/121 207/207/121 205/205/120
f 207/207/121 206/206/121 208/208/122
f 208/208/122 209/209/122 207/207/121
f 209/209/122 208/208/122 210/210/123
f 210/210/123 211/211/123 209/209/122
f 211/211/123 210/210/123 212/212/124
f 212/212/124 213/213/124 211/211/123
f 213/213/124 212/212/124 214/214/125
f 214/214/125 215/215/125 213/213/124
f 215/215/125 214/214/125 216/216/126
f 216/216/126 217/217/126 215/215/125
f 217/217/126 216/216/126 218/218/127
f 218/218/127 219/219/127 217/217/126
f 219/219/127 218/218/127 220/220/128
f 220/220/128 221/221/128 219/219/127
f 221/221/128 220/220/128 222/222/129
f 222/222/129 223/223/129 221/221/128
f 223/223/129 222/222/129 187/187/112
f 187/187/112 186/186/112 223/223/129
f 224/224/130 225/225/130 226/226/130
f 226/226/130 227/227/130 224/224/130
f 226/226/130 225/225/130 228/228/130
f 228/228/130 229/229/130 226/226/130
f 228/228/130 225/225/130 230/230/130
f 230/230/130 231/231/130 228/228/130
f 231/231/130 232/232/130 228/228/130
f 229/229/130 228/228/130 233/233/130
f 233/233/130 234/234/130 229/229/130
f 228/228/130 235/235/130 233/233/130
f 233/233/130 236/236/130 234/234/130
f 229/229/130 234/234/130 237/237/130
f 237/237/130 238/238/130 229/229/130
f 238/238/130 239/239/130 229/229/130
f 229/229/130 240/240/130 226/226/130
f 241/241/130 227/227/130 226/226/130
f 242/242/53 243/243/53 244/244/53
f 244/244/53 245/245/53 242/242/53
f 244/244/53 243/243/53 246/246/53
f 246/246/53 247/247/53 244/244/53
f 246/246/53 243/243/53 248/248/53
f 248/248/53 249/249/53 246/246/53
f 249/249/53 250/250/53 246/246/53
f 247/247/53 246/246/53 251/251/53
f 251/251/53 252/252/53 247/247/53
f 246/246/53 253/253/53 251/251/53
f 251/251/53 254/254/53 252/252/53
f 247/247/53 252/252/53 255/255/53
f 255/255/53 256/256/53 247/247/53
f 256/256/53 257/257/53 247/247/53
f 247/247/53 258/258/53 244/244/53
f 259/259/53 245/245/53 244/244/53
f 260/260/112 261/261/112 262/262/113
f 262/262/113 263/263/113 260/260/112
f 263/263/113 262/262/113 264/264/114
f 264/264/114 265/265/114 263/263/113
f 265/265/114 264/264/114 266/266/115
f 266/266/115 267/267/115 265/265/114
f 267/267/115 266/266/115 268/268/116
f 268/268/116 269/269/116 267/267/115
f 269/269/116 268/268/116 270/270/117
f 270/270/117 271/271/117 269/269/116
f 271/271/117 270/270/117 272/272/118
f 272/272/118 273/273/118 271/271/117
f 273/273/118 272/272/118 274/274/119
f 274/274/119 275/275/119 273/273/118
f 276/276/119 277/277/119 278/278/120
f 278/278/120 279/279/120 276/276/119
f 279/279/120 278/278/120 280/280/121
f 280/280/121 281/281/121 279/279/120
f 281/281/121 280/280/121 282/282/122
f 282/282/122 283/283/122 281/281/121
f 283/283/122 282/282/122 284/284/123
f 284/284/123 285/285/123 283/283/122
f 285/285/123 284/284/123 286/286/124
f 286/286/124 287/287/124 285/285/123
f 287/287/124 286/286/124 288/288/125
f 288/288/125 289/289/125 287/287/124
f 289/289/125 288/288/125 290/290/126
f 290/290/126 291/291/126 289/289/125
f 291/291/126 290/290/126 292/292/127
f 292/292/127 293/293/127 291/291/126
f 293/293/127 292/292/127 294/294/128
f 294/294/128 295/295/128 293/293/127
f 295/295/128 294/294/128 296/296/129
f 296/296/129 297/297/129 295/295/128
f 297/297/129 296/296/129 261/261/112
f 261/261/112 260/260/112 297/297/129
f 298/298/130 299/299/130 300/300/130
f 300/300/130 301/301/130 298/298/130
f 300/300/130 299/299/130 302/302/130
f 302/302/130 303/303/130 300/300/130
f 302/302/130 299/299/130 304/304/130
f 304/304/130 305/305/130 302/302/130
f 305/305/130 306/306/130 302/302/130
f 303/303/130 302/302/130 307/307/130
f 307/307/130 308/308/130 303/303/130
f 302/302/130 309/309/130 307/307/130
f 307/307/130 310/310/130 308/308/130
f 303/303/130 308/308/130 311/311/130
f 311/311/130 312/312/130 303/303/130
f 312/312/130 313/313/130 303/303/130
f 303/303/130 314/314/130 300/300/130
f 315/315/130 301/301/130 300/300/130
f 316/316/53 317/317/53 318/318/53
f 318/318/53 319/319/53 316/316/53
f 318/318/53 317/317/53 320/320/53
f 320/320/53 321/321/53 318/318/53
f 320/320/53 317/317/53 322/322/53
f 322/322/53 323/323/53 320/320/53
f 323/323/53 324/324/53 320/320/53
f 321/321/53 320/320/53 325/325/53
f 325/325/53 326/326/53 321/321/53
f 320/320/53 327/327/53 325/325/53
f 325/325/53 328/328/53 326/326/53
f 321/321/53 326/326/53 329/329/53
f 329/329/53 330/330/53 321/321/53
f 330/330/53 331/331/53 321/321/53
f 321/321/53 332/332/53 318/318/53
f 333/333/53 319/319/53 318/318/53
f 334/334/112 335/335/112 336/336/113
f 336/336/113 337/337/113 334/334/112
f 337/337/113 336/336/113 338/338/114
f 338/338/114 339/339/114 337/337/113
f 339/339/114 338/338/114 340/340/115
f 340/340/115 341/341/115 339/339/114
f 341/341/115 340/340/115 342/342/116
f 342/342/116 343/343/116 341/341/115
f 343/343/116 342/342/116 344/344/117
f 344/344/117 345/345/117 343/343/116
f 345/345/117 344/344/117 346/346/118
f 346/346/118 347/347/118 345/345/117
f 347/347/118 346/346/118 348/348/119
f 348/348/119 349/349/119 347/347/118
f 350/350/119 351/351/119 352/352/120
f 352/352/120 353/353/120 350/350/119
f 353/353/120 352/352/120 354/354/121
f 354/354/121 355/355/121 353/353/120
f 355/355/121 354/354/121 356/356/122
f 356/356/122 357/357/122 355/355/121
f 357/357/122 356/356/122 358/358/123
f 358/358/123 359/359/123 357/357/122
f 359/359/123 358/358/123 360/360/124
f 360/360/124 361/361/124 359/359/123
f 361/361/124 360/360/124 362/362/125
f 362/362/125 363/363/125 361/361/124
f 363/363/125 362/362/125 364/364/126
f 364/364/126 365/365/126 363/363/125
f 365/365/126 364/364/126 366/366/127
f 366/366/127 367/367/127 365/365/126
f 367/367/127 366/366/127 368/368/128
f 368/368/128 369/369/128 367/367/127
f 369/369/128 368/368/128 370/370/129
f 370/370/129 371/371/129 369/369/128
f 371/371/129 370/370/129 335/335/112
f 335/335/112 334/334/112 371/371/129
f 372/372/130 373/373/130 374/374/130
f 374/374/130 375/375/130 372/372/130
f 374/374/130 373/373/130 376/376/130
f 376/376/130 377/377/130 374/374/130
f 376/376/130 373/373/130 378/378/130
f 378/378/130 379/379/130 376/376/130
f 379/379/130 380/380/130 376/376/130
f 377/377/130 376/376/130 381/381/130
f 381/381/130 382/382/130 377/377/130
f 376/376/130 383/383/130 381/381/130
f 381/381/130 384/384/130 382/382/130
f 377/377/130 382/382/130 385/385/130
f 385/385/130 386/386/130 377/377/130
f 386/386/130 387/387/130 377/377/130
f 377/377/130 388/388/130 374/374/130
f 389/389/130 375/375/130 374/374/130
f 390/390/53 391/391/53 392/392/53
f 392/392/53 393/393/53 390/390/53
f 392/392/53 391/391/53 394/394/53
f 394/394/53 395/395/53 392/392/53
f 394/394/53 391/391/53 396/396/53
f 396/396/53 397/397/53 394/394/53
f 397/397/53 398/398/53 394/394/53
f 395/395/53 394/394/53 399/399/53
f 399/399/53 400/400/53 395/395/53
f 394/394/53 401/401/53 399/399/53
f 399/399/53 402/402/53 400/400/53
f 395/395/53 400/400/53 403/403/53
f 403/403/53 404/404/53 395/395/53
f 404/404/53 405/405/53 395/395/53
f 395/395/53 406/406/53 392/392/53
f 407/407/53 393/393/53 392/392/53
f 408/408/112 409/409/112 410/410/113
f 410/410/113 411/411/113 408/408/112
f 411/411/113 410/410/113 412/412/114
f 412/412/114 413/413/114 411/411/113
f 413/413/114 412/412/114 414/414/115
f 414/414/115 415/415/115 413/413/114
f 415/415/115 414/414/115 416/416/116
f 416/416/116 417/417/116 415/415/115
f 417/417/116 416/416/116 418/418/117
f 418/418/117 419/419/117 417/417/116
f 419/419/117 418/418/117 420/420/118
f 420/420/118 421/421/118 419/419/117
f 421/421/118 420/420/118 422/422/119
f 422/422/119 423/423/119 421/421/118
f 423/423/119 422/422/119 424/424/120
f 424/424/120 425/425/120 423/423/119
f 426/426/120 427/427/120 428/428/121
f 428/428/121 429/429/121 426/426/120
f 429/429/121 428/428/121 430/430/122
f 430/430/122 431/431/122 429/429/121
f 431/431/122 430/430/122 432/432/123
f 432/432/123 433/433/123 431/431/122
f 433/433/123 432/432/123 434/434/124
f 434/434/124 435/435/124 433/433/123
f 435/435/124 434/434/124 436/436/125
f 436/436/125 437/437/125 435/435/124
f 437/437/125 436/436/125 438/438/126
f 438/438/126 439/439/126 437/437/125
f 439/439/126 438/438/126 440/440/127
f 440/440/127 441/441/127 439/439/126
f 441/441/127 440/440/127 442/442/128
f 442/442/128 443/443/128 441/441/127
f 443/443/128 442/442/128 444/444/129
f 444/444/129 445/445/129 443/443/128
f 445/445/129 444/444/129 409/409/112
f 409/409/112 408/408/112 445/445/129
f 446/446/130 447/447/130 448/448/130
f 448/448/130 449/449/130 446/446/130
f 448/448/130 447/447/130 450/450/130
f 450/450/130 451/451/130 448/448/130
f 450/450/130 447/447/130 452/452/130
f 452/452/130 453/453/130 450/450/130
f 453/453/130 454/454/130 450/450/130
f 451/451/130 450/450/130 455/455/130
f 455/455/130 456/456/130 451/451/130
f 450/450/130 457/457/130 455/455/130
f 455/455/130 458/458/130 456/456/130
f 451/451/130 456/456/130 459/459/130
f 459/459/130 460/460/130 451/451/130
f 460/460/130 461/461/130 451/451/130
f 451/451/130 462/462/130 448/448/130
f 463/463/130 449/449/130 448/448/130
f 464/464/53 465/465/53 466/466/53
f 466/466/53 467/467/53 464/464/53
f 466/466/53 465/465/53 468/468/53
f 468/468/53 469/469/53 466/466/53
f 468/468/53 465/465/53 470/470/53
f 470/470/53 471/471/53 468/468/53
f 471/471/53 472/472/53 468/468/53
f 469/469/53 468/468/53 473/473/53
f 473/473/53 474/474/53 469/469/53
f 468/468/53 475/475/53 473/473/53
f 473/473/53 476/476/53 474/474/53
f 469/469/53 474/474/53 477/477/53
f 477/477/53 478/478/53 469/469/53
f 478/478/53 479/479/53 469/469/53
f 469/469/53 480/480/53 466/466/53
f 481/481/53 467/467/53 466/466/53
f 482/482/112 483/483/112 484/484/113
f 484/484/113 485/485/113 482/482/112
f 485/485/113 484/484/113 486/486/114
f 486/486/114 487/487/114 485/485/113
f 487/487/114 486/486/114 488/488/115
f 488/488/115 489/489/115 487/487/114
f 489/489/115 488/488/115 490/490/116
f 490/490/116 491/491/116 489/489/115
f 491/491/116 490/490/116 492/492/117
f 492/492/117 493/493/117 491/491/116
f 493/493/117 492/492/117 494/494/118
f 494/494/118 495/495/118 493/493/117
f 495/495/118 494/494/118 496/496/119
f 496/496/119 497/497/119 495/495/118
f 498/498/119 499/499/119 500/500/120
f 500/500/120 501/501/120 498/498/119
f 501/501/120 500/500/120 502/502/121
f 502/502/121 503/503/121 501/501/120
f 503/503/121 502/502/121 504/504/122
f 504/504/122 505/505/122 503/503/121
f 505/505/122 504/504/122 506/506/123
f 506/506/123 507/507/123 505/505/122
f 507/507/123 506/506/123 508/508/124
f 508/508/124 509/509/124 507/507/123
f 509/509/124 508/508/124 510/510/125
f 510/510/125 511/511/125 509/509/124
f 511/511/125 510/510/125 512/512/126
f 512/512/126 513/513/126 511/511/125
f 513/513/126 512/512/126 514/514/127
f 514/514/127 515/515/127 513/513/126
f 515/515/127 514/514/127 516/516/128
f 516/516/128 517/517/128 515/515/127
f 517/517/128 516/516/128 518/518/129
f 518/518/129 519/519/129 517/517/128
f 519/519/129 518/518/129 483/483/112
f 483/483/112 482/482/112 519/519/129
f 520/520/130 521/521/130 522/522/130
f 522/522/130 523/523/130 520/520/130
f 522/522/130 521/521/130 524/524/130
f 524/524/130 525/525/130 522/522/130
f 524/524/130 521/521/130 526/526/130
f 526/526/130 527/527/130 524/524/130
f 527/527/130 528/528/130 524/524/130
f 525/525/130 524/524/130 529/529/130
f 529/529/130 530/530/130 525/525/130
f 524/524/130 531/531/130 529/529/130
f 529/529/130 532/532/130 530/530/130
f 525/525/130 530/530/130 533/533/130
f 533/533/130 534/534/130 525/525/130
f 534/534/130 535/535/130 525/525/130
f 525/525/130 536/536/130 522/522/130
f 537/537/130 523/523/130 522/522/130
f 538/538/53 539/539/53 540/540/53
f 540/540/53 541/541/53 538/538/53
f 540/540/53 539/539/53 542/542/53
f 542/542/53 543/543/53 540/540/53
f 542/542/53 539/539/53 544/544/53
f 544/544/53 545/545/53 542/542/53
f 545/545/53 546/546/53 542/542/53
f 543/543/53 542/542/53 547/547/53
f 547/547/53 548/548/53 543/543/53
f 542/542/53 549/549/53 547/547/53
f 547/547/53 550/550/53 548/548/53
f 543/543/53 548/548/53 551/551/53
f 551/551/53 552/552/53 543/543/53
f 552/552/53 553/553/53 543/543/53
f 543/543/53 554/554/53 540/540/53
f 555/555/53 541/541/53 540/540/53
f 556/556/112 557/557/112 558/558/113
f 558/558/113 559/559/113 556/556/112
f 559/559/113 558/558/113 560/560/114
f 560/560/114 561/561/114 559/559/113
f 561/561/114 560/560/114 562/562/115
f 562/562/115 563/563/115 561/561/114
f 563/563/115 562/562/115 564/564/116
f 564/564/116 565/565/116 563/563/115
f 565/565/116 564/564/116 566/566/117
f 566/566/117 567/567/117 565/565/116
f 567/567/117 566/566/117 568/568/118
f 568/568/118 569/569/118 567/567/117
f 569/569/118 568/568/118 570/570/119
f 570/570/119 571/571/119 569/569/118
f 571/571/119 570/570/119 572/572/120
f 572/572/120 573/573/120 571/571/119
f 574/574/120 575/575/120 576/576/121
f 576/576/121 577/577/121 574/574/120
f 577/577/121 576/576/121 578/578/122
f 578/578/122 579/579/122 577/577/121
f 579/579/122 578/578/122 580/580/123
f 580/580/123 581/581/123 579/579/122
f 581/581/123 580/580/123 582/582/124
f 582/582/124 583/583/124 581/581/123
f 583/583/124 582/582/124 584/584/125
f 584/584/125 585/585/125 583/583/124
f 585/585/125 584/584/125 586/586/126
f 586/586/126 587/587/126 585/585/125
f 587/587/126 586/586/126 588/588/127
f 588/588/127 589/589/127 587/587/126
f 589/589/127 588/588/127 590/590/128
f 590/590/128 591/591/128 589/589/127
f 591/591/128 590/590/128 592/592/129
f 592/592/129 593/593/129 591/591/128
f 593/593/129 592/592/129 557/557/112
f 557/557/112 556/556/112 593/593/129
f 594/594/130 595/595/130 596/596/130
f 596/596/130 597/597/130 594/594/130
f 596/596/130 595/595/130 598/598/130
f 598/598/130 599/599/130 596/596/130
f 598/598/130 595/595/130 600/600/130
f 600/600/130 601/601/130 598/598/130
f 601/601/130 602/602/130 598/598/130
f 599/599/130 598/598/130 603/603/130
f 603/603/130 604/604/130 599/599/130
f 598/598/130 605/605/130 603/603/130
f 603/603/130 606/606/130 604/604/130
f 599/599/130 604/604/130 607/607/130
f 607/607/130 608/608/130 599/599/130
f 608/608/130 609/609/130 599/599/130
f 599/599/130 610/610/130 596/596/130
f 611/611/130 597/597/130 596/596/130
f 612/612/53 613/613/53 614/614/53
f 614/614/53 615/615/53 612/612/53
f 614/614/53 613/613/53 616/616/53
f 616/616/53 617/617/53 614/614/53
f 616/616/53 613/613/53 618/618/53
f 618/618/53 619/619/53 616/616/53
f 619/619/53 620/620/53 616/616/53
f 617/617/53 616/616/53 621/621/53
f 621/621/53 622/622/53 617/617/53
f 616/616/53 623/623/53 621/621/53
f 621/621/53 624/624/53 622/622/53
f 617/617/53 622/622/53 625/625/53
f 625/625/53 626/626/53 617/617/53
f 626/626/53 627/627/53 617/617/53
f 617/617/53 628/628/53 614/614/53
f 629/629/53 615/615/53 614/614/53
f 630/630/131 631/631/132 632/632/133
f 632/632/133 633/633/134 630/630/131
f 633/633/134 632/632/133 634/634/135
f 634/634/135 635/635/136 633/633/134
f 635/635/136 634/634/135 636/636/137
f 636/636/137 637/637/138 635/635/136
f 637/637/138 636/636/137 638/638/139
f 638/638/139 639/639/140 637/637/138
f 640/640/140 641/641/139 642/642/141
f 642/642/141 643/643/142 640/640/140
f 643/643/142 642/642/141 644/644/143
f 644/644/143 645/645/144 643/643/142
f 645/645/144 644/644/143 631/631/132
f 631/631/132 630/630/131 645/645/144
f 646/646/145 647/647/145 648/648/145
f 648/648/145 649/649/145 646/646/145
f 647/647/145 650/650/145 648/648/145
f 651/651/145 652/652/145 649/649/145
f 649/649/145 648/648/145 651/651/145
f 653/653/146 654/654/147 655/655/147
f 655/655/147 656/656/147 653/653/146
f 654/654/147 657/657/148 655/655/147
f 655/655/147 658/658/147 659/659/147
f 659/659/147 656/656/147 655/655/147
f 660/660/149 661/661/149 662/662/149
f 662/662/149 663/663/149 660/660/149
f 664/664/149 662/662/149 661/661/149
f 661/661/149 665/665/149 664/664/149
f 666/666/150 662/662/149 664/664/149
f 664/664/149 667/667/149 666/666/150
f 667/667/149 664/664/149 668/668/149
f 669/669/149 664/664/149 665/665/149
f 665/665/149 670/670/149 669/669/149
f 670/670/149 665/665/149 671/671/149
f 672/672/149 665/665/149 661/661/149
f 661/661/149 673/673/149 672/672/149
f 673/673/149 661/661/149 674/674/149
f 675/675/149 661/661/149 660/660/149
f 676/676/131 677/677/132 678/678/133
f 678/678/133 679/679/134 676/676/131
f 679/679/134 678/678/133 680/680/135
f 680/680/135 681/681/136 679/679/134
f 681/681/136 680/680/135 682/682/137
f 682/682/137 683/683/138 681/681/136
f 683/683/138 682/682/137 684/684/139
f 684/684/139 685/685/140 683/683/138
f 685/685/140 684/684/139 686/686/141
f 686/686/141 687/687/142 685/685/140
f 687/687/142 686/686/141 688/688/143
f 688/688/143 689/689/144 687/687/142
f 689/689/144 688/688/143 690/690/132
f 690/690/132 691/691/131 689/689/144
f 692/692/145 693/693/145 694/694/145
f 694/694/145 695/695/145 692/692/145
f 693/693/145 696/696/145 694/694/145
f 697/697/145 698/698/145 695/695/145
f 695/695/145 694/694/145 697/697/145
f 699/699/146 700/700/147 701/701/147
f 701/701/147 702/702/147 699/699/146
f 700/700/147 703/703/148 701/701/147
f 701/701/147 704/704/147 705/705/147
f 705/705/147 702/702/147 701/701/147
f 706/706/149 707/707/149 708/708/149
f 708/708/149 709/709/149 706/706/149
f 710/710/149 708/708/149 707/707/149
f 707/707/149 711/711/149 710/710/149
f 712/712/150 708/708/149 710/710/149
f 710/710/149 713/713/149 712/712/150
f 713/713/149 710/710/149 714/714/149
f 715/715/149 710/710/149 711/711/149
f 711/711/149 716/716/149 715/715/149
f 716/716/149 711/711/149 717/717/149
f 718/718/149 711/711/149 707/707/149
f 707/707/149 719/719/149 718/718/149
f 719/719/149 707/707/149 720/720/149
f 721/721/149 707/707/149 706/706/149
f 722/722/131 723/723/132 724/724/133
f 724/724/133 725/725/134 722/722/131
f 725/725/134 724/724/133 726/726/135
f 726/726/135 727/727/136 725/725/134
f 727/727/136 726/726/135 728/728/137
f 728/728/137 729/729/138 727/727/136
f 729/729/138 728/728/137 730/730/139
f 730/730/139 731/731/140 729/729/138
f 731/731/140 730/730/139 732/732/141
f 732/732/141 733/733/142 731/731/140
f 733/733/142 732/732/141 734/734/143
f 734/734/143 735/735/144 733/733/142
f 736/736/144 737/737/143 723/723/132
f 723/723/132 722/722/131 736/736/144
f 738/738/145 739/739/145 740/740/145
f 740/740/145 741/741/145 738/738/145
f 739/739/145 742/742/145 740/740/145
f 743/743/145 744/744/145 741/741/145
f 741/741/145 740/740/145 743/743/145
f 745/745/146 746/746/147 747/747/147
f 747/747/147 748/748/147 745/745/146
f 746/746/147 749/749/148 747/747/147
f 747/747/147 750/750/147 751/751/147
f 751/751/147 748/748/147 747/747/147
f 752/752/149 753/753/149 754/754/149
f 754/754/149 755/755/149 752/752/149
f 756/756/149 754/754/149 753/753/149
f 753/753/149 757/757/149 756/756/149
f 758/758/150 754/754/149 756/756/149
f 756/756/149 759/759/149 758/758/150
f 759/759/149 756/756/149 760/760/149
f 761/761/149 756/756/149 757/757/149
f 757/757/149 762/762/149 761/761/149
f 762/762/149 757/757/149 763/763/149
f 764/764/149 757/757/149 753/753/149
f 753/753/149 765/765/149 764/764/149
f 765/765/149 753/753/149 766/766/149
f 767/767/149 753/753/149 752/752/149
f 768/768/131 769/769/132 770/770/133
f 770/770/133 771/771/134 768/768/131
f 771/771/134 770/770/133 772/772/135
f 772/772/135 773/773/136 771/771/134
f 773/773/136 772/772/135 774/774/137
f 774/774/137 775/775/138 773/773/136
f 775/775/138 774/774/137 776/776/139
f 776/776/139 777/777/140 775/775/138
f 778/778/140 779/779/139 780/780/141
f 780/780/141 781/781/142 778/778/140
f 781/781/142 780/780/141 782/782/143
f 782/782/143 783/783/144 781/781/142
f 783/783/144 782/782/143 769/769/132
f 769/769/132 768/768/131 783/783/144
f 784/784/145 785/785/145 786/786/145
f 786/786/145 787/787/145 784/784/145
f 785/785/145 788/788/145 786/786/145
f 789/789/145 790/790/145 787/787/145
f 787/787/145 786/786/145 789/789/145
f 791/791/146 792/792/147 793/793/147
f 793/793/147 794/794/147 791/791/146
f 792/792/147 795/795/148 793/793/147
f 793/793/147 796/796/147 797/797/147
f 797/797/147 794/794/147 793/793/147
f 798/798/149 799/799/149 800/800/149
f 800/800/149 801/801/149 798/798/149
f 802/802/149 800/800/149 799/799/149
f 799/799/149 803/803/149 802/802/149
f 804/804/150 800/800/149 802/802/149
f 802/802/149 805/805/149 804/804/150
f 805/805/149 802/802/149 806/806/149
f 807/807/149 802/802/149 803/803/149
f 803/803/149 808/808/149 807/807/149
f 808/808/149 803/803/149 809/809/149
f 810/810/149 803/803/149 799/799/149
f 799/799/149 811/811/149 810/810/149
f 811/811/149 799/799/149 812/812/149
f 813/813/149 799/799/149 798/798/149
f 814/814/131 815/815/132 816/816/133
f 816/816/133 817/817/134 814/814/131
f 817/817/134 816/816/133 818/818/135
f 818/818/135 819/819/136 817/817/134
f 819/819/136 818/818/135 820/820/137
f 820/820/137 821/821/138 819/819/136
f 821/821/138 820/820/137 822/822/139
f 822/822/139 823/823/140 821/821/138
f 824/824/140 825/825/139 826/826/141
f 826/826/141 827/827/142 824/824/140
f 827/827/142 826/826/141 828/828/143
f 828/828/143 829/829/144 827/827/142
f 829/829/144 828/828/143 815/815/132
f 815/815/132 814/814/131 829/829/144
f 830/830/145 831/831/145 832/832/145
f 832/832/145 833/833/145 830/830/145
f 831/831/145 834/834/145 832/832/145
f 835/835/145 836/836/145 833/833/145
f 833/833/145 832/832/145 835/835/145
f 837/837/146 838/838/147 839/839/147
f 839/839/147 840/840/147 837/837/146
f 838/838/147 841/841/148 839/839/147
f 839/839/147 842/842/147 843/843/147
f 843/843/147 840/840/147 839/839/147
f 844/844/149 845/845/149 846/846/149
f 846/846/149 847/847/149 844/844/149
f 848/848/149 846/846/149 845/845/149
f 845/845/149 849/849/149 848/848/149
f 850/850/150 846/846/149 848/848/149
f 848/848/149 851/851/149 850/850/150
f 851/851/149 848/848/149 852/852/149
f 853/853/149 848/848/149 849/849/149
f 849/849/149 854/854/149 853/853/149
f 854/854/149 849/849/149 855/855/149
f 856/856/149 849/849/149 845/845/149
f 845/845/149 857/857/149 856/856/149
f 857/857/149 845/845/149 858/858/149
f 859/859/149 845/845/149 844/844/149
f 860/860/131 861/861/132 862/862/133
f 862/862/133 863/863/134 860/860/131
f 863/863/134 862/862/133 864/864/135
f 864/864/135 865/865/136 863/863/134
f 865/865/136 864/864/135 866/866/137
f 866/866/137 867/867/138 865/865/136
f 867/867/138 866/866/137 868/868/139
f 868/868/139 869/869/140 867/867/138
f 869/869/140 868/868/139 870/870/141
f 870/870/141 871/871/142 869/869/140
f 871/871/142 870/870/141 872/872/143
f 872/872/143 873/873/144 871/871/142
f 873/873/144 872/872/143 874/874/132
f 874/874/132 875/875/131 873/873/144
f 876/876/145 877/877/145 878/878/145
f 878/878/145 879/879/145 876/876/145
f 877/877/145 880/880/145 878/878/145
f 881/881/145 882/882/145 879/879/145
f 879/879/145 878/878/145 881/881/145
f 883/883/146 884/884/147 885/885/147
f 885/885/147 886/886/147 883/883/146
f 884/884/147 887/887/148 885/885/147
f 885/885/147 888/888/147 889/889/147
f 889/889/147 886/886/147 885/885/147
f 890/890/149 891/891/149 892/892/149
f 892/892/149 893/893/149 890/890/149
f 894/894/149 892/892/149 891/891/149
f 891/891/149 895/895/149 894/894/149
f 896/896/150 892/892/149 894/894/149
f 894/894/149 897/897/149 896/896/150
f 897/897/149 894/894/149 898/898/149
f 899/899/149 894/894/149 895/895/149
f 895/895/149 900/900/149 899/899/149
f 900/900/149 895/895/149 901/901/149
f 902/902/149 895/895/149 891/891/149
f 891/891/149 903/903/149 902/902/149
f 903/903/149 891/891/149 904/904/149
f 905/905/149 891/891/149 890/890/149
f 906/906/151 907/907/152 908/908/153
f 908/908/153 909/909/154 906/906/151
f 907/907/152 910/910/155 911/911/156
f 911/911/156 908/908/153 907/907/152
f 910/910/155 907/907/152 912/912/157
f 912/912/157 913/913/158 910/910/155
f 907/907/152 906/906/151 914/914/159
f 914/914/159 912/912/157 907/907/152
f 910/910/155 915/915/160 916/916/161
f 916/916/161 911/911/156 910/910/155
f 915/915/160 917/917/162 918/918/163
f 918/918/163 916/916/161 915/915/160
f 917/917/162 915/915/160 919/919/164
f 919/919/164 920/920/165 917/917/162
f 915/915/160 910/910/155 913/913/158
f 913/913/158 919/919/164 915/915/160
f 921/921/166 922/922/167 912/912/157
f 912/912/157 914/914/159 921/921/166
f 922/922/167 923/923/168 913/913/158
f 913/913/158 912/912/157 922/922/167
f 923/923/168 922/922/167 924/924/169
f 924/924/169 925/925/170 923/923/168
f 922/922/167 921/921/166 926/926/171
f 926/926/171 924/924/169 922/922/167
f 927/927/172 928/928/173 924/924/169
f 924/924/169 926/926/171 927/927/172
f 929/929/174 925/925/170 924/924/169
f 929/929/174 924/924/169 928/928/173
f 928/928/173 927/927/172 930/930/175
f 930/930/175 931/931/176 928/928/173
f 908/908/153 932/932/177 933/933/178
f 933/933/178 909/909/154 908/908/153
f 932/932/177 934/934/30 935/935/29
f 935/935/29 933/933/178 932/932/177
f 934/934/30 932/932/177 936/936/179
f 936/936/179 937/937/32 934/934/30
f 908/908/153 911/911/156 936/936/179
f 936/936/179 932/932/177 908/908/153
f 938/938/180 936/936/179 911/911/156
f 911/911/156 916/916/161 938/938/180
f 938/938/180 939/939/34 937/937/32
f 937/937/32 936/936/179 938/938/180
f 939/939/34 938/938/180 940/940/181
f 940/940/181 941/941/36 939/939/34
f 916/916/161 918/918/163 940/940/181
f 940/940/181 938/938/180 916/916/161
f 927/927/172 942/942/182 943/943/183
f 943/943/183 930/930/175 927/927/172
f 944/944/39 943/943/183 942/942/182
f 942/942/182 945/945/40 944/944/39
f 946/946/184 947/947/41 945/945/40
f 945/945/40 942/942/182 946/946/184
f 942/942/182 927/927/172 926/926/171
f 926/926/171 946/946/184 942/942/182
f 921/921/166 948/948/185 946/946/184
f 946/946/184 926/926/171 921/921/166
f 948/948/185 949/949/44 947/947/41
f 947/947/41 946/946/184 948/948/185
f 949/949/44 948/948/185 950/950/186
f 950/950/186 951/951/46 949/949/44
f 948/948/185 921/921/166 914/914/159
f 914/914/159 950/950/186 948/948/185
f 906/906/151 952/952/187 950/950/186
f 950/950/186 914/914/159 906/906/151
f 952/952/187 953/953/48 951/951/46
f 951/951/46 950/950/186 952/952/187
f 953/953/48 952/952/187 933/933/178
f 933/933/178 935/935/29 953/953/48
f 952/952/187 906/906/151 909/909/154
f 909/909/154 933/933/178 952/952/187
f 917/917/162 954/954/188 955/955/189
f 955/955/189 918/918/163 917/917/162
f 956/956/190 955/955/189 954/954/188
f 954/954/188 957/957/191 956/956/190
f 958/958/192 959/959/130 957/957/191
f 957/957/191 954/954/188 958/958/192
f 954/954/188 917/917/162 920/920/165
f 920/920/165 958/958/192 954/954/188
f 960/960/55 941/941/36 940/940/181
f 940/940/181 961/961/193 960/960/55
f 962/962/57 960/960/55 961/961/193
f 961/961/193 963/963/194 962/962/57
f 955/955/189 956/956/190 963/963/194
f 963/963/194 961/961/193 955/955/189
f 918/918/163 955/955/189 961/961/193
f 961/961/193 940/940/181 918/918/163
f 964/964/195 965/965/196 966/966/197
f 966/966/197 967/967/198 964/964/195
f 965/965/196 968/968/199 969/969/200
f 969/969/200 966/966/197 965/965/196
f 968/968/199 965/965/196 970/970/201
f 970/970/201 971/971/202 968/968/199
f 965/965/196 964/964/195 972/972/203
f 972/972/203 970/970/201 965/965/196
f 973/973/204 974/974/205 970/970/201
f 970/970/201 972/972/203 973/973/204
f 974/974/205 975/975/206 971/971/202
f 971/971/202 970/970/201 974/974/205
f 975/975/206 974/974/205 976/976/207
f 976/976/207 977/977/208 975/975/206
f 974/974/205 973/973/204 978/978/209
f 978/978/209 976/976/207 974/974/205
f 968/968/199 979/979/210 980/980/211
f 980/980/211 969/969/200 968/968/199
f 979/979/210 981/981/212 982/982/213
f 982/982/213 980/980/211 979/979/210
f 981/981/212 979/979/210 983/983/214
f 983/983/214 984/984/215 981/981/212
f 979/979/210 968/968/199 971/971/202
f 971/971/202 983/983/214 979/979/210
f 981/981/212 985/985/216 986/986/217
f 986/986/217 982/982/213 981/981/212
f 985/985/216 987/987/218 988/988/219
f 988/988/219 986/986/217 985/985/216
f 981/981/212 984/984/215 989/989/220
f 981/981/212 989/989/220 985/985/216
f 990/990/221 991/991/222 964/964/195
f 964/964/195 967/967/198 990/990/221
f 992/992/223 972/972/203 964/964/195
f 964/964/195 991/991/222 992/992/223
f 992/992/223 991/991/222 993/993/88
f 993/993/88 994/994/89 992/992/223
f 991/991/222 990/990/221 995/995/90
f 995/995/90 993/993/88 991/991/222
f 996/996/224 973/973/204 972/972/203
f 972/972/203 992/992/223 996/996/224
f 997/997/225 978/978/209 973/973/204
f 973/973/204 996/996/224 997/997/225
f 997/997/225 996/996/224 998/998/93
f 998/998/93 999/999/94 997/997/225
f 996/996/224 992/992/223 994/994/89
f 994/994/89 998/998/93 996/996/224
f 1000/1000/226 1001/1001/227 986/986/217
f 986/986/217 988/988/219 1000/1000/226
f 1001/1001/227 1002/1002/228 982/982/213
f 982/982/213 986/986/217 1001/1001/227
f 1003/1003/99 1004/1004/98 1002/1002/228
f 1002/1002/228 1001/1001/227 1003/1003/99
f 1005/1005/100 1003/1003/99 1001/1001/227
f 1001/1001/227 1000/1000/226 1005/1005/100
f 1002/1002/228 1006/1006/229 980/980/211
f 980/980/211 982/982/213 1002/1002/228
f 1006/1006/229 1007/1007/230 969/969/200
f 969/969/200 980/980/211 1006/1006/229
f 1007/1007/230 1006/1006/229 1008/1008/103
f 1008/1008/103 1009/1009/104 1007/1007/230
f 1006/1006/229 1002/1002/228 1004/1004/98
f 1004/1004/98 1008/1008/103 1006/1006/229
f 1007/1007/230 1010/1010/231 966/966/197
f 966/966/197 969/969/200 1007/1007/230
f 1010/1010/231 990/990/221 967/967/198
f 967/967/198 966/966/197 1010/1010/231
f 990/990/221 1010/1010/231 1011/1011/106
f 1011/1011/106 995/995/90 990/990/221
f 1010/1010/231 1007/1007/230 1009/1009/104
f 1009/1009/104 1011/1011/106 1010/1010/231
f 1012/1012/232 1013/1013/233 976/976/207
f 976/976/207 978/978/209 1012/1012/232
f 1013/1013/233 1014/1014/234 977/977/208
f 977/977/208 976/976/207 1013/1013/233
f 957/957/191 959/959/130 1014/1014/234
f 1014/1014/234 1013/1013/233 957/957/191
f 956/956/190 957/957/191 1013/1013/233
f 1013/1013/233 1012/1012/232 956/956/190
f 997/997/225 999/999/94 1015/1015/110
f 1015/1015/110 1016/1016/235 997/997/225
f 978/978/209 997/997/225 1016/1016/235
f 1016/1016/235 1012/1012/232 978/978/209
f 963/963/194 956/956/190 1012/1012/232
f 1012/1012/232 1016/1016/235 963/963/194
f 962/962/57 963/963/194 1016/1016/235
f 1016/1016/235 1015/1015/110 962/962/57
f 1017/1017/113 1018/1018/112 1019/1019/112
f 1019/1019/112 1020/1020/113 1017/1017/113
f 1021/1021/114 1017/1017/113 1020/1020/113
f 1020/1020/113 1022/1022/114 1021/1021/114
f 1023/1023/115 1024/1024/114 1025/1025/114
f 1025/1025/114 1026/1026/115 1023/1023/115
f 1027/1027/116 1023/1023/115 1026/1026/115
f 1026/1026/115 1028/1028/116 1027/1027/116
f 1029/1029/117 1027/1027/116 1028/1028/116
f 1028/1028/116 1030/1030/117 1029/1029/117
f 1031/1031/118 1029/1029/117 1030/1030/117
f 1030/1030/117 1032/1032/118 1031/1031/118
f 1033/1033/119 1031/1031/118 1032/1032/118
f 1032/1032/118 1034/1034/119 1033/1033/119
f 1035/1035/120 1033/1033/119 1034/1034/119
f 1034/1034/119 1036/1036/120 1035/1035/120
f 1037/1037/121 1035/1035/120 1036/1036/120
f 1036/1036/120 1038/1038/121 1037/1037/121
f 1039/1039/122 1037/1037/121 1038/1038/121
f 1038/1038/121 1040/1040/122 1039/1039/122
f 1041/1041/123 1039/1039/122 1040/1040/122
f 1040/1040/122 1042/1042/123 1041/1041/123
f 1043/1043/124 1041/1041/123 1042/1042/123
f 1042/1042/123 1044/1044/124 1043/1043/124
f 1045/1045/125 1043/1043/124 1044/1044/124
f 1044/1044/124 1046/1046/125 1045/1045/125
f 1047/1047/126 1045/1045/125 1046/1046/125
f 1046/1046/125 1048/1048/126 1047/1047/126
f 1049/1049/127 1047/1047/126 1048/1048/126
f 1048/1048/126 1050/1050/127 1049/1049/127
f 1051/1051/128 1049/1049/127 1050/1050/127
f 1050/1050/127 1052/1052/128 1051/1051/128
f 1053/1053/129 1051/1051/128 1052/1052/128
f 1052/1052/128 1054/1054/129 1053/1053/129
f 1018/1018/112 1053/1053/129 1054/1054/129
f 1054/1054/129 1019/1019/112 1018/1018/112
f 1055/1055/53 1056/1056/53 1057/1057/53
f 1057/1057/53 1058/1058/53 1055/1055/53
f 1057/1057/53 1056/1056/53 1059/1059/53
f 1059/1059/53 1060/1060/53 1057/1057/53
f 1059/1059/53 1056/1056/53 1061/1061/53
f 1061/1061/53 1062/1062/53 1059/1059/53
f 1062/1062/53 1063/1063/53 1059/1059/53
f 1060/1060/53 1059/1059/53 1064/1064/53
f 1064/1064/53 1065/1065/53 1060/1060/53
f 1059/1059/53 1066/1066/53 1064/1064/53
f 1064/1064/53 1067/1067/53 1065/1065/53
f 1060/1060/53 1065/1065/53 1068/1068/53
f 1068/1068/53 1069/1069/53 1060/1060/53
f 1069/1069/53 1070/1070/53 1060/1060/53
f 1060/1060/53 1071/1071/53 1057/1057/53
f 1072/1072/53 1058/1058/53 1057/1057/53
f 1073/1073/130 1074/1074/130 1075/1075/130
f 1075/1075/130 1076/1076/130 1073/1073/130
f 1075/1075/130 1074/1074/130 1077/1077/130
f 1077/1077/130 1078/1078/130 1075/1075/130
f 1077/1077/130 1074/1074/130 1079/1079/130
f 1079/1079/130 1080/1080/130 1077/1077/130
f 1080/1080/130 1081/1081/130 1077/1077/130
f 1078/1078/130 1077/1077/130 1082/1082/130
f 1082/1082/130 1083/1083/130 1078/1078/130
f 1077/1077/130 1084/1084/130 1082/1082/130
f 1082/1082/130 1085/1085/130 1083/1083/130
f 1078/1078/130 1083/1083/130 1086/1086/130
f 1086/1086/130 1087/1087/130 1078/1078/130
f 1087/1087/130 1088/1088/130 1078/1078/130
f 1078/1078/130 1089/1089/130 1075/1075/130
f 1090/1090/130 1076/1076/130 1075/1075/130
f 1091/1091/113 1092/1092/112 1093/1093/112
f 1093/1093/112 1094/1094/113 1091/1091/113
f 1095/1095/114 1091/1091/113 1094/1094/113
f 1094/1094/113 1096/1096/114 1095/1095/114
f 1097/1097/115 1095/1095/114 1096/1096/114
f 1096/1096/114 1098/1098/115 1097/1097/115
f 1099/1099/116 1100/1100/115 1101/1101/115
f 1101/1101/115 1102/1102/116 1099/1099/116
f 1103/1103/117 1099/1099/116 1102/1102/116
f 1102/1102/116 1104/1104/117 1103/1103/117
f 1105/1105/118 1103/1103/117 1104/1104/117
f 1104/1104/117 1106/1106/118 1105/1105/118
f 1107/1107/119 1105/1105/118 1106/1106/118
f 1106/1106/118 1108/1108/119 1107/1107/119
f 1109/1109/120 1107/1107/119 1108/1108/119
f 1108/1108/119 1110/1110/120 1109/1109/120
f 1111/1111/121 1109/1109/120 1110/1110/120
f 1110/1110/120 1112/1112/121 1111/1111/121
f 1113/1113/122 1111/1111/121 1112/1112/121
f 1112/1112/121 1114/1114/122 1113/1113/122
f 1115/1115/123 1113/1113/122 1114/1114/122
f 1114/1114/122 1116/1116/123 1115/1115/123
f 1117/1117/124 1115/1115/123 1116/1116/123
f 1116/1116/123 1118/1118/124 1117/1117/124
f 1119/1119/125 1117/1117/124 1118/1118/124
f 1118/1118/124 1120/1120/125 1119/1119/125
f 1121/1121/126 1119/1119/125 1120/1120/125
f 1120/1120/125 1122/1122/126 1121/1121/126
f 1123/1123/127 1121/1121/126 1122/1122/126
f 1122/1122/126 1124/1124/127 1123/1123/127
f 1125/1125/128 1123/1123/127 1124/1124/127
f 1124/1124/127 1126/1126/128 1125/1125/128
f 1127/1127/129 1125/1125/128 1126/1126/128
f 1126/1126/128 1128/1128/129 1127/1127/129
f 1092/1092/112 1127/1127/129 1128/1128/129
f 1128/1128/129 1093/1093/112 1092/1092/112
f 1129/1129/53 1130/1130/53 1131/1131/53
f 1131/1131/53 1132/1132/53 1129/1129/53
f 1131/1131/53 1130/1130/53 1133/1133/53
f 1133/1133/53 1134/1134/53 1131/1131/53
f 1133/1133/53 1130/1130/53 1135/1135/53
f 1135/1135/53 1136/1136/53 1133/1133/53
f 1136/1136/53 1137/1137/53 1133/1133/53
f 1134/1134/53 1133/1133/53 1138/1138/53
f 1138/1138/53 1139/1139/53 1134/1134/53
f 1133/1133/53 1140/1140/53 1138/1138/53
f 1138/1138/53 1141/1141/53 1139/1139/53
f 1134/1134/53 1139/1139/53 1142/1142/53
f 1142/1142/53 1143/1143/53 1134/1134/53
f 1143/1143/53 1144/1144/53 1134/1134/53
f 1134/1134/53 1145/1145/53 1131/1131/53
f 1146/1146/53 1132/1132/53 1131/1131/53
f 1147/1147/130 1148/1148/130 1149/1149/130
f 1149/1149/130 1150/1150/130 1147/1147/130
f 1149/1149/130 1148/1148/130 1151/1151/130
f 1151/1151/130 1152/1152/130 1149/1149/130
f 1151/1151/130 1148/1148/130 1153/1153/130
f 1153/1153/130 1154/1154/130 1151/1151/130
f 1154/1154/130 1155/1155/130 1151/1151/130
f 1152/1152/130 1151/1151/130 1156/1156/130
f 1156/1156/130 1157/1157/130 1152/1152/130
f 1151/1151/130 1158/1158/130 1156/1156/130
f 1156/1156/130 1159/1159/130 1157/1157/130
f 1152/1152/130 1157/1157/130 1160/1160/130
f 1160/1160/130 1161/1161/130 1152/1152/130
f 1161/1161/130 1162/1162/130 1152/1152/130
f 1152/1152/130 1163/1163/130 1149/1149/130
f 1164/1164/130 1150/1150/130 1149/1149/130
f 1165/1165/113 1166/1166/112 1167/1167/112
f 1167/1167/112 1168/1168/113 1165/1165/113
f 1169/1169/114 1165/1165/113 1168/1168/113
f 1168/1168/113 1170/1170/114 1169/1169/114
f 1171/1171/115 1169/1169/114 1170/1170/114
f 1170/1170/114 1172/1172/115 1171/1171/115
f 1173/1173/116 1174/1174/115 1175/1175/115
f 1175/1175/115 1176/1176/116 1173/1173/116
f 1177/1177/117 1173/1173/116 1176/1176/116
f 1176/1176/116 1178/1178/117 1177/1177/117
f 1179/1179/118 1177/1177/117 1178/1178/117
f 1178/1178/117 1180/1180/118 1179/1179/118
f 1181/1181/119 1179/1179/118 1180/1180/118
f 1180/1180/118 1182/1182/119 1181/1181/119
f 1183/1183/120 1181/1181/119 1182/1182/119
f 1182/1182/119 1184/1184/120 1183/1183/120
f 1185/1185/121 1183/1183/120 1184/1184/120
f 1184/1184/120 1186/1186/121 1185/1185/121
f 1187/1187/122 1185/1185/121 1186/1186/121
f 1186/1186/121 1188/1188/122 1187/1187/122
f 1189/1189/123 1187/1187/122 1188/1188/122
f 1188/1188/122 1190/1190/123 1189/1189/123
f 1191/1191/124 1189/1189/123 1190/1190/123
f 1190/1190/123 1192/1192/124 1191/1191/124
f 1193/1193/125 1191/1191/124 1192/1192/124
f 1192/1192/124 1194/1194/125 1193/1193/125
f 1195/1195/126 1193/1193/125 1194/1194/125
f 1194/1194/125 1196/1196/126 1195/1195/126
f 1197/1197/127 1195/1195/126 1196/1196/126
f 1196/1196/126 1198/1198/127 1197/1197/127
f 1199/1199/128 1197/1197/127 1198/1198/127
f 1198/1198/127 1200/1200/128 1199/1199/128
f 1201/1201/129 1199/1199/128 1200/1200/128
f 1200/1200/128 1202/1202/129 1201/1201/129
f 1166/1166/112 1201/1201/129 1202/1202/129
f 1202/1202/129 1167/1167/112 1166/1166/112
f 1203/1203/53 1204/1204/53 1205/1205/53
f 1205/1205/53 1206/1206/53 1203/1203/53
f 1205/1205/53 1204/1204/53 1207/1207/53
f 1207/1207/53 1208/1208/53 1205/1205/53
f 1207/1207/53 1204/1204/53 1209/1209/53
f 1209/1209/53 1210/1210/53 1207/1207/53
f 1210/1210/53 1211/1211/53 1207/1207/53
f 1208/1208/53 1207/1207/53 1212/1212/53
f 1212/1212/53 1213/1213/53 1208/1208/53
f 1207/1207/53 1214/1214/53 1212/1212/53
f 1212/1212/53 1215/1215/53 1213/1213/53
f 1208/1208/53 1213/1213/53 1216/1216/53
f 1216/1216/53 1217/1217/53 1208/1208/53
f 1217/1217/53 1218/1218/53 1208/1208/53
f 1208/1208/53 1219/1219/53 1205/1205/53
f 1220/1220/53 1206/1206/53 1205/1205/53
f 1221/1221/130 1222/1222/130 1223/1223/130
f 1223/1223/130 1224/1224/130 1221/1221/130
f 1223/1223/130 1222/1222/130 1225/1225/130
f 1225/1225/130 1226/1226/130 1223/1223/130
f 1225/1225/130 1222/1222/130 1227/1227/130
f 1227/1227/130 1228/1228/130 1225/1225/130
f 1228/1228/130 1229/1229/130 1225/1225/130
f 1226/1226/130 1225/1225/130 1230/1230/130
f 1230/1230/130 1231/1231/130 1226/1226/130
f 1225/1225/130 1232/1232/130 1230/1230/130
f 1230/1230/130 1233/1233/130 1231/1231/130
f 1226/1226/130 1231/1231/130 1234/1234/130
f 1234/1234/130 1235/1235/130 1226/1226/130
f 1235/1235/130 1236/1236/130 1226/1226/130
f 1226/1226/130 1237/1237/130 1223/1223/130
f 1238/1238/130 1224/1224/130 1223/1223/130
f 1239/1239/113 1240/1240/112 1241/1241/112
f 1241/1241/112 1242/1242/113 1239/1239/113
f 1243/1243/114 1239/1239/113 1242/1242/113
f 1242/1242/113 1244/1244/114 1243/1243/114
f 1245/1245/115 1243/1243/114 1244/1244/114
f 1244/1244/114 1246/1246/115 1245/1245/115
f 1247/1247/116 1248/1248/115 1249/1249/115
f 1249/1249/115 1250/1250/116 1247/1247/116
f 1251/1251/117 1247/1247/116 1250/1250/116
f 1250/1250/116 1252/1252/117 1251/1251/117
f 1253/1253/118 1251/1251/117 1252/1252/117
f 1252/1252/117 1254/1254/118 1253/1253/118
f 1255/1255/119 1253/1253/118 1254/1254/118
f 1254/1254/118 1256/1256/119 1255/1255/119
f 1257/1257/120 1255/1255/119 1256/1256/119
f 1256/1256/119 1258/1258/120 1257/1257/120
f 1259/1259/121 1257/1257/120 1258/1258/120
f 1258/1258/120 1260/1260/121 1259/1259/121
f 1261/1261/122 1259/1259/121 1260/1260/121
f 1260/1260/121 1262/1262/122 1261/1261/122
f 1263/1263/123 1261/1261/122 1262/1262/122
f 1262/1262/122 1264/1264/123 1263/1263/123
f 1265/1265/124 1263/1263/123 1264/1264/123
f 1264/1264/123 1266/1266/124 1265/1265/124
f 1267/1267/125 1265/1265/124 1266/1266/124
f 1266/1266/124 1268/1268/125 1267/1267/125
f 1269/1269/126 1267/1267/125 1268/1268/125
f 1268/1268/125 1270/1270/126 1269/1269/126
f 1271/1271/127 1269/1269/126 1270/1270/126
f 1270/1270/126 1272/1272/127 1271/1271/127
f 1273/1273/128 1271/1271/127 1272/1272/127
f 1272/1272/127 1274/1274/128 1273/1273/128
f 1275/1275/129 1273/1273/128 1274/1274/128
f 1274/1274/128 1276/1276/129 1275/1275/129
f 1240/1240/112 1275/1275/129 1276/1276/129
f 1276/1276/129 1241/1241/112 1240/1240/112
f 1277/1277/53 1278/1278/53 1279/1279/53
f 1279/1279/53 1280/1280/53 1277/1277/53
f 1279/1279/53 1278/1278/53 1281/1281/53
f 1281/1281/53 1282/1282/53 1279/1279/53
f 1281/1281/53 1278/1278/53 1283/1283/53
f 1283/1283/53 1284/1284/53 1281/1281/53
f 1284/1284/53 1285/1285/53 1281/1281/53
f 1282/1282/53 1281/1281/53 1286/1286/53
f 1286/1286/53 1287/1287/53 1282/1282/53
f 1281/1281/53 1288/1288/53 1286/1286/53
f 1286/1286/53 1289/1289/53 1287/1287/53
f 1282/1282/53 1287/1287/53 1290/1290/53
f 1290/1290/53 1291/1291/53 1282/1282/53
f 1291/1291/53 1292/1292/53 1282/1282/53
f 1282/1282/53 1293/1293/53 1279/1279/53
f 1294/1294/53 1280/1280/53 1279/1279/53
f 1295/1295/130 1296/1296/130 1297/1297/130
f 1297/1297/130 1298/1298/130 1295/1295/130
f 1297/1297/130 1296/1296/130 1299/1299/130
f 1299/1299/130 1300/1300/130 1297/1297/130
f 1299/1299/130 1296/1296/130 1301/1301/130
f 1301/1301/130 1302/1302/130 1299/1299/130
f 1302/1302/130 1303/1303/130 1299/1299/130
f 1300/1300/130 1299/1299/130 1304/1304/130
f 1304/1304/130 1305/1305/130 1300/1300/130
f 1299/1299/130 1306/1306/130 1304/1304/130
f 1304/1304/130 1307/1307/130 1305/1305/130
f 1300/1300/130 1305/1305/130 1308/1308/130
f 1308/1308/130 1309/1309/130 1300/1300/130
f 1309/1309/130 1310/1310/130 1300/1300/130
f 1300/1300/130 1311/1311/130 1297/1297/130
f 1312/1312/130 1298/1298/130 1297/1297/130
f 1313/1313/113 1314/1314/112 1315/1315/112
f 1315/1315/112 1316/1316/113 1313/1313/113
f 1317/1317/114 1313/1313/113 1316/1316/113
f 1316/1316/113 1318/1318/114 1317/1317/114
f 1319/1319/115 1317/1317/114 1318/1318/114
f 1318/1318/114 1320/1320/115 1319/1319/115
f 1321/1321/116 1322/1322/115 1323/1323/115
f 1323/1323/115 1324/1324/116 1321/1321/116
f 1325/1325/117 1321/1321/116 1324/1324/116
f 1324/1324/116 1326/1326/117 1325/1325/117
f 1327/1327/118 1325/1325/117 1326/1326/117
f 1326/1326/117 1328/1328/118 1327/1327/118
f 1329/1329/119 1327/1327/118 1328/1328/118
f 1328/1328/118 1330/1330/119 1329/1329/119
f 1331/1331/120 1329/1329/119 1330/1330/119
f 1330/1330/119 1332/1332/120 1331/1331/120
f 1333/1333/121 1331/1331/120 1332/1332/120
f 1332/1332/120 1334/1334/121 1333/1333/121
f 1335/1335/122 1333/1333/121 1334/1334/121
f 1334/1334/121 1336/1336/122 1335/1335/122
f 1337/1337/123 1335/1335/122 1336/1336/122
f 1336/1336/122 1338/1338/123 1337/1337/123
f 1339/1339/124 1337/1337/123 1338/1338/123
f 1338/1338/123 1340/1340/124 1339/1339/124
f 1341/1341/125 1339/1339/124 1340/1340/124
f 1340/1340/124 1342/1342/125 1341/1341/125
f 1343/1343/126 1341/1341/125 1342/1342/125
f 1342/1342/125 1344/1344/126 1343/1343/126
f 1345/1345/127 1343/1343/126 1344/1344/126
f 1344/1344/126 1346/1346/127 1345/1345/127
f 1347/1347/128 1345/1345/127 1346/1346/127
f 1346/1346/127 1348/1348/128 1347/1347/128
f 1349/1349/129 1347/1347/128 1348/1348/128
f 1348/1348/128 1350/1350/129 1349/1349/129
f 1314/1314/112 1349/1349/129 1350/1350/129
f 1350/1350/129 1315/1315/112 1314/1314/112
f 1351/1351/53 1352/1352/53 1353/1353/53
f 1353/1353/53 1354/1354/53 1351/1351/53
f 1353/1353/53 1352/1352/53 1355/1355/53
f 1355/1355/53 1356/1356/53 1353/1353/53
f 1355/1355/53 1352/1352/53 1357/1357/53
f 1357/1357/53 1358/1358/53 1355/1355/53
f 1358/1358/53 1359/1359/53 1355/1355/53
f 1356/1356/53 1355/1355/53 1360/1360/53
f 1360/1360/53 1361/1361/53 1356/1356/53
f 1355/1355/53 1362/1362/53 1360/1360/53
f 1360/1360/53 1363/1363/53 1361/1361/53
f 1356/1356/53 1361/1361/53 1364/1364/53
f 1364/1364/53 1365/1365/53 1356/1356/53
f 1365/1365/53 1366/1366/53 1356/1356/53
f 1356/1356/53 1367/1367/53 1353/1353/53
f 1368/1368/53 1354/1354/53 1353/1353/53
f 1369/1369/130 1370/1370/130 1371/1371/130
f 1371/1371/130 1372/1372/130 1369/1369/130
f 1371/1371/130 1370/1370/130 1373/1373/130
f 1373/1373/130 1374/1374/130 1371/1371/130
f 1373/1373/130 1370/1370/130 1375/1375/130
f 1375/1375/130 1376/1376/130 1373/1373/130
f 1376/1376/130 1377/1377/130 1373/1373/130
f 1374/1374/130 1373/1373/130 1378/1378/130
f 1378/1378/130 1379/1379/130 1374/1374/130
f 1373/1373/130 1380/1380/130 1378/1378/130
f 1378/1378/130 1381/1381/130 1379/1379/130
f 1374/1374/130 1379/1379/130 1382/1382/130
f 1382/1382/130 1383/1383/130 1374/1374/130
f 1383/1383/130 1384/1384/130 1374/1374/130
f 1374/1374/130 1385/1385/130 1371/1371/130
f 1386/1386/130 1372/1372/130 1371/1371/130
f 1387/1387/113 1388/1388/112 1389/1389/112
f 1389/1389/112 1390/1390/113 1387/1387/113
f 1391/1391/114 1387/1387/113 1390/1390/113
f 1390/1390/113 1392/1392/114 1391/1391/114
f 1393/1393/115 1391/1391/114 1392/1392/114
f 1392/1392/114 1394/1394/115 1393/1393/115
f 1395/1395/116 1396/1396/115 1397/1397/115
f 1397/1397/115 1398/1398/116 1395/1395/116
f 1399/1399/117 1395/1395/116 1398/1398/116
f 1398/1398/116 1400/1400/117 1399/1399/117
f 1401/1401/118 1399/1399/117 1400/1400/117
f 1400/1400/117 1402/1402/118 1401/1401/118
f 1403/1403/119 1401/1401/118 1402/1402/118
f 1402/1402/118 1404/1404/119 1403/1403/119
f 1405/1405/120 1403/1403/119 1404/1404/119
f 1404/1404/119 1406/1406/120 1405/1405/120
f 1407/1407/121 1405/1405/120 1406/1406/120
f 1406/1406/120 1408/1408/121 1407/1407/121
f 1409/1409/122 1407/1407/121 1408/1408/121
f 1408/1408/121 1410/1410/122 1409/1409/122
f 1411/1411/123 1409/1409/122 1410/1410/122
f 1410/1410/122 1412/1412/123 1411/1411/123
f 1413/1413/124 1411/1411/123 1412/1412/123
f 1412/1412/123 1414/1414/124 1413/1413/124
f 1415/1415/125 1413/1413/124 1414/1414/124
f 1414/1414/124 1416/1416/125 1415/1415/125
f 1417/1417/126 1415/1415/125 1416/1416/125
f 1416/1416/125 1418/1418/126 1417/1417/126
f 1419/1419/127 1417/1417/126 1418/1418/126
f 1418/1418/126 1420/1420/127 1419/1419/127
f 1421/1421/128 1419/1419/127 1420/1420/127
f 1420/1420/127 1422/1422/128 1421/1421/128
f 1423/1423/129 1421/1421/128 1422/1422/128
f 1422/1422/128 1424/1424/129 1423/1423/129
f 1388/1388/112 1423/1423/129 1424/1424/129
f 1424/1424/129 1389/1389/112 1388/1388/112
f 1425/1425/53 1426/1426/53 1427/1427/53
f 1427/1427/53 1428/1428/53 1425/1425/53
f 1427/1427/53 1426/1426/53 1429/1429/53
f 1429/1429/53 1430/1430/53 1427/1427/53
f 1429/1429/53 1426/1426/53 1431/1431/53
f 1431/1431/53 1432/1432/53 1429/1429/53
f 1432/1432/53 1433/1433/53 1429/1429/53
f 1430/1430/53 1429/1429/53 1434/1434/53
f 1434/1434/53 1435/1435/53 1430/1430/53
f 1429/1429/53 1436/1436/53 1434/1434/53
f 1434/1434/53 1437/1437/53 1435/1435/53
f 1430/1430/53 1435/1435/53 1438/1438/53
f 1438/1438/53 1439/1439/53 1430/1430/53
f 1439/1439/53 1440/1440/53 1430/1430/53
f 1430/1430/53 1441/1441/53 1427/1427/53
f 1442/1442/53 1428/1428/53 1427/1427/53
f 1443/1443/130 1444/1444/130 1445/1445/130
f 1445/1445/130 1446/1446/130 1443/1443/130
f 1445/1445/130 1444/1444/130 1447/1447/130
f 1447/1447/130 1448/1448/130 1445/1445/130
f 1447/1447/130 1444/1444/130 1449/1449/130
f 1449/1449/130 1450/1450/130 1447/1447/130
f 1450/1450/130 1451/1451/130 1447/1447/130
f 1448/1448/130 1447/1447/130 1452/1452/130
f 1452/1452/130 1453/1453/130 1448/1448/130
f 1447/1447/130 1454/1454/130 1452/1452/130
f 1452/1452/130 1455/1455/130 1453/1453/130
f 1448/1448/130 1453/1453/130 1456/1456/130
f 1456/1456/130 1457/1457/130 1448/1448/130
f 1457/1457/130 1458/1458/130 1448/1448/130
f 1448/1448/130 1459/1459/130 1445/1445/130
f 1460/1460/130 1446/1446/130 1445/1445/130
f 1461/1461/113 1462/1462/112 1463/1463/112
f 1463/1463/112 1464/1464/113 1461/1461/113
f 1465/1465/114 1461/1461/113 1464/1464/113
f 1464/1464/113 1466/1466/114 1465/1465/114
f 1467/1467/115 1465/1465/114 1466/1466/114
f 1466/1466/114 1468/1468/115 1467/1467/115
f 1469/1469/116 1467/1467/115 1468/1468/115
f 1468/1468/115 1470/1470/116 1469/1469/116
f 1471/1471/117 1469/1469/116 1470/1470/116
f 1470/1470/116 1472/1472/117 1471/1471/117
f 1473/1473/118 1471/1471/117 1472/1472/117
f 1472/1472/117 1474/1474/118 1473/1473/118
f 1475/1475/119 1473/1473/118 1474/1474/118
f 1474/1474/118 1476/1476/119 1475/1475/119
f 1477/1477/120 1475/1475/119 1476/1476/119
f 1476/1476/119 1478/1478/120 1477/1477/120
f 1479/1479/121 1477/1477/120 1478/1478/120
f 1478/1478/120 1480/1480/121 1479/1479/121
f 1481/1481/122 1482/1482/121 1483/1483/121
f 1483/1483/121 1484/1484/122 1481/1481/122
f 1485/1485/123 1481/1481/122 1484/1484/122
f 1484/1484/122 1486/1486/123 1485/1485/123
f 1487/1487/124 1485/1485/123 1486/1486/123
f 1486/1486/123 1488/1488/124 1487/1487/124
f 1489/1489/125 1487/1487/124 1488/1488/124
f 1488/1488/124 1490/1490/125 1489/1489/125
f 1491/1491/126 1489/1489/125 1490/1490/125
f 1490/1490/125 1492/1492/126 1491/1491/126
f 1493/1493/127 1491/1491/126 1492/1492/126
f 1492/1492/126 1494/1494/127 1493/1493/127
f 1495/1495/128 1493/1493/127 1494/1494/127
f 1494/1494/127 1496/1496/128 1495/1495/128
f 1497/1497/129 1495/1495/128 1496/1496/128
f 1496/1496/128 1498/1498/129 1497/1497/129
f 1462/1462/112 1497/1497/129 1498/1498/129
f 1498/1498/129 1463/1463/112 1462/1462/112
f 1499/1499/53 1500/1500/53 1501/1501/53
f 1501/1501/53 1502/1502/53 1499/1499/53
f 1501/1501/53 1500/1500/53 1503/1503/53
f 1503/1503/53 1504/1504/53 1501/1501/53
f 1503/1503/53 1500/1500/53 1505/1505/53
f 1505/1505/53 1506/1506/53 1503/1503/53
f 1506/1506/53 1507/1507/53 1503/1503/53
f 1504/1504/53 1503/1503/53 1508/1508/53
f 1508/1508/53 1509/1509/53 1504/1504/53
f 1503/1503/53 1510/1510/53 1508/1508/53
f 1508/1508/53 1511/1511/53 1509/1509/53
f 1504/1504/53 1509/1509/53 1512/1512/53
f 1512/1512/53 1513/1513/53 1504/1504/53
f 1513/1513/53 1514/1514/53 1504/1504/53
f 1504/1504/53 1515/1515/53 1501/1501/53
f 1516/1516/53 1502/1502/53 1501/1501/53
f 1517/1517/130 1518/1518/130 1519/1519/130
f 1519/1519/130 1520/1520/130 1517/1517/130
f 1519/1519/130 1518/1518/130 1521/1521/130
f 1521/1521/130 1522/1522/130 1519/1519/130
f 1521/1521/130 1518/1518/130 1523/1523/130
f 1523/1523/130 1524/1524/130 1521/1521/130
f 1524/1524/130 1525/1525/130 1521/1521/130
f 1522/1522/130 1521/1521/130 1526/1526/130
f 1526/1526/130 1527/1527/130 1522/1522/130
f 1521/1521/130 1528/1528/130 1526/1526/130
f 1526/1526/130 1529/1529/130 1527/1527/130
f 1522/1522/130 1527/1527/130 1530/1530/130
f 1530/1530/130 1531/1531/130 1522/1522/130
f 1531/1531/130 1532/1532/130 1522/1522/130
f 1522/1522/130 1533/1533/130 1519/1519/130
f 1534/1534/130 1520/1520/130 1519/1519/130
f 1535/1535/236 1536/1536/237 1537/1537/238
f 1537/1537/238 1538/1538/239 1535/1535/236
f 1539/1539/240 1535/1535/236 1538/1538/239
f 1538/1538/239 1540/1540/241 1539/1539/240
f 1541/1541/242 1539/1539/240 1540/1540/241
f 1540/1540/241 1542/1542/243 1541/1541/242
f 1543/1543/244 1541/1541/242 1542/1542/243
f 1542/1542/243 1544/1544/245 1543/1543/244
f 1545/1545/246 1543/1543/244 1544/1544/245
f 1544/1544/245 1546/1546/247 1545/1545/246
f 1547/1547/248 1548/1548/246 1549/1549/247
f 1549/1549/247 1550/1550/249 1547/1547/248
f 1536/1536/237 1547/1547/248 1550/1550/249
f 1550/1550/249 1537/1537/238 1536/1536/237
f 1551/1551/250 1552/1552/250 1553/1553/250
f 1553/1553/250 1554/1554/250 1551/1551/250
f 1552/1552/250 1555/1555/250 1556/1556/250
f 1556/1556/250 1553/1553/250 1552/1552/250
f 1557/1557/250 1554/1554/250 1553/1553/250
f 1558/1558/251 1559/1559/252 1560/1560/253
f 1560/1560/253 1561/1561/251 1558/1558/251
f 1559/1559/252 1562/1562/251 1560/1560/253
f 1560/1560/253 1563/1563/251 1564/1564/251
f 1564/1564/251 1561/1561/251 1560/1560/253
f 1565/1565/254 1566/1566/254 1567/1567/254
f 1567/1567/254 1568/1568/254 1565/1565/254
f 1569/1569/254 1566/1566/254 1565/1565/254
f 1565/1565/254 1570/1570/254 1569/1569/254
f 1571/1571/254 1566/1566/254 1569/1569/254
f 1569/1569/254 1572/1572/254 1571/1571/254
f 1572/1572/254 1569/1569/254 1573/1573/254
f 1574/1574/254 1569/1569/254 1570/1570/254
f 1570/1570/254 1575/1575/254 1574/1574/254
f 1575/1575/254 1570/1570/254 1576/1576/254
f 1577/1577/254 1570/1570/254 1565/1565/254
f 1565/1565/254 1578/1578/254 1577/1577/254
f 1578/1578/254 1565/1565/254 1579/1579/254
f 1580/1580/254 1565/1565/254 1568/1568/254
f 1581/1581/236 1582/1582/237 1583/1583/238
f 1583/1583/238 1584/1584/239 1581/1581/236
f 1585/1585/240 1581/1581/236 1584/1584/239
f 1584/1584/239 1586/1586/241 1585/1585/240
f 1587/1587/242 1585/1585/240 1586/1586/241
f 1586/1586/241 1588/1588/243 1587/1587/242
f 1589/1589/244 1587/1587/242 1588/1588/243
f 1588/1588/243 1590/1590/245 1589/1589/244
f 1591/1591/246 1589/1589/244 1590/1590/245
f 1590/1590/245 1592/1592/247 1591/1591/246
f 1593/1593/248 1591/1591/246 1592/1592/247
f 1592/1592/247 1594/1594/249 1593/1593/248
f 1595/1595/237 1593/1593/248 1594/1594/249
f 1594/1594/249 1596/1596/238 1595/1595/237
f 1597/1597/250 1598/1598/250 1599/1599/250
f 1599/1599/250 1600/1600/250 1597/1597/250
f 1598/1598/250 1601/1601/250 1602/1602/250
f 1602/1602/250 1599/1599/250 1598/1598/250
f 1603/1603/250 1600/1600/250 1599/1599/250
f 1604/1604/251 1605/1605/252 1606/1606/253
f 1606/1606/253 1607/1607/251 1604/1604/251
f 1605/1605/252 1608/1608/251 1606/1606/253
f 1606/1606/253 1609/1609/251 1610/1610/251
f 1610/1610/251 1607/1607/251 1606/1606/253
f 1611/1611/254 1612/1612/254 1613/1613/254
f 1613/1613/254 1614/1614/254 1611/1611/254
f 1615/1615/254 1612/1612/254 1611/1611/254
f 1611/1611/254 1616/1616/254 1615/1615/254
f 1617/1617/254 1612/1612/254 1615/1615/254
f 1615/1615/254 1618/1618/254 1617/1617/254
f 1618/1618/254 1615/1615/254 1619/1619/254
f 1620/1620/254 1615/1615/254 1616/1616/254
f 1616/1616/254 1621/1621/254 1620/1620/254
f 1621/1621/254 1616/1616/254 1622/1622/254
f 1623/1623/254 1616/1616/254 1611/1611/254
f 1611/1611/254 1624/1624/254 1623/1623/254
f 1624/1624/254 1611/1611/254 1625/1625/254
f 1626/1626/254 1611/1611/254 1614/1614/254
f 1627/1627/236 1628/1628/237 1629/1629/238
f 1629/1629/238 1630/1630/239 1627/1627/236
f 1631/1631/240 1627/1627/236 1630/1630/239
f 1630/1630/239 1632/1632/241 1631/1631/240
f 1633/1633/242 1631/1631/240 1632/1632/241
f 1632/1632/241 1634/1634/243 1633/1633/242
f 1635/1635/244 1633/1633/242 1634/1634/243
f 1634/1634/243 1636/1636/245 1635/1635/244
f 1637/1637/246 1638/1638/244 1639/1639/245
f 1639/1639/245 1640/1640/247 1637/1637/246
f 1641/1641/248 1637/1637/246 1640/1640/247
f 1640/1640/247 1642/1642/249 1641/1641/248
f 1628/1628/237 1641/1641/248 1642/1642/249
f 1642/1642/249 1629/1629/238 1628/1628/237
f 1643/1643/250 1644/1644/250 1645/1645/250
f 1645/1645/250 1646/1646/250 1643/1643/250
f 1644/1644/250 1647/1647/250 1648/1648/250
f 1648/1648/250 1645/1645/250 1644/1644/250
f 1649/1649/250 1646/1646/250 1645/1645/250
f 1650/1650/251 1651/1651/252 1652/1652/253
f 1652/1652/253 1653/1653/251 1650/1650/251
f 1651/1651/252 1654/1654/251 1652/1652/253
f 1652/1652/253 1655/1655/251 1656/1656/251
f 1656/1656/251 1653/1653/251 1652/1652/253
f 1657/1657/254 1658/1658/254 1659/1659/254
f 1659/1659/254 1660/1660/254 1657/1657/254
f 1661/1661/254 1658/1658/254 1657/1657/254
f 1657/1657/254 1662/1662/254 1661/1661/254
f 1663/1663/254 1658/1658/254 1661/1661/254
f 1661/1661/254 1664/1664/254 1663/1663/254
f 1664/1664/254 1661/1661/254 1665/1665/254
f 1666/1666/254 1661/1661/254 1662/1662/254
f 1662/1662/254 1667/1667/254 1666/1666/254
f 1667/1667/254 1662/1662/254 1668/1668/254
f 1669/1669/254 1662/1662/254 1657/1657/254
f 1657/1657/254 1670/1670/254 1669/1669/254
f 1670/1670/254 1657/1657/254 1671/1671/254
f 1672/1672/254 1657/1657/254 1660/1660/254
f 1673/1673/236 1674/1674/237 1675/1675/238
f 1675/1675/238 1676/1676/239 1673/1673/236
f 1677/1677/240 1673/1673/236 1676/1676/239
f 1676/1676/239 1678/1678/241 1677/1677/240
f 1679/1679/242 1677/1677/240 1678/1678/241
f 1678/1678/241 1680/1680/243 1679/1679/242
f 1681/1681/244 1679/1679/242 1680/1680/243
f 1680/1680/243 1682/1682/245 1681/1681/244
f 1683/1683/246 1684/1684/244 1685/1685/245
f 1685/1685/245 1686/1686/247 1683/1683/246
f 1687/1687/248 1683/1683/246 1686/1686/247
f 1686/1686/247 1688/1688/249 1687/1687/248
f 1674/1674/237 1687/1687/248 1688/1688/249
f 1688/1688/249 1675/1675/238 1674/1674/237
f 1689/1689/250 1690/1690/250 1691/1691/250
f 1691/1691/250 1692/1692/250 1689/1689/250
f 1690/1690/250 1693/1693/250 1694/1694/250
f 1694/1694/250 1691/1691/250 1690/1690/250
f 1695/1695/250 1692/1692/250 1691/1691/250
f 1696/1696/251 1697/1697/252 1698/1698/253
f 1698/1698/253 1699/1699/251 1696/1696/251
f 1697/1697/252 1700/1700/251 1698/1698/253
f 1698/1698/253 1701/1701/251 1702/1702/251
f 1702/1702/251 1699/1699/251 1698/1698/253
f 1703/1703/254 1704/1704/254 1705/1705/254
f 1705/1705/254 1706/1706/254 1703/1703/254
f 1707/1707/254 1704/1704/254 1703/1703/254
f 1703/1703/254 1708/1708/254 1707/1707/254
f 1709/1709/254 1704/1704/254 1707/1707/254
f 1707/1707/254 1710/1710/254 1709/1709/254
f 1710/1710/254 1707/1707/254 1711/1711/254
f 1712/1712/254 1707/1707/254 1708/1708/254
f 1708/1708/254 1713/1713/254 1712/1712/254
f 1713/1713/254 1708/1708/254 1714/1714/254
f 1715/1715/254 1708/1708/254 1703/1703/254
f 1703/1703/254 1716/1716/254 1715/1715/254
f 1716/1716/254 1703/1703/254 1717/1717/254
f 1718/1718/254 1703/1703/254 1706/1706/254
f 1719/1719/236 1720/1720/237 1721/1721/238
f 1721/1721/238 1722/1722/239 1719/1719/236
f 1723/1723/240 1719/1719/236 1722/1722/239
f 1722/1722/239 1724/1724/241 1723/1723/240
f 1725/1725/242 1723/1723/240 1724/1724/241
f 1724/1724/241 1726/1726/243 1725/1725/242
f 1727/1727/244 1725/1725/242 1726/1726/243
f 1726/1726/243 1728/1728/245 1727/1727/244
f 1729/1729/246 1730/1730/244 1731/1731/245
f 1731/1731/245 1732/1732/247 1729/1729/246
f 1733/1733/248 1729/1729/246 1732/1732/247
f 1732/1732/247 1734/1734/249 1733/1733/248
f 1720/1720/237 1733/1733/248 1734/1734/249
f 1734/1734/249 1721/1721/238 1720/1720/237
f 1735/1735/250 1736/1736/250 1737/1737/250
f 1737/1737/250 1738/1738/250 1735/1735/250
f 1736/1736/250 1739/1739/250 1740/1740/250
f 1740/1740/250 1737/1737/250 1736/1736/250
f 1741/1741/250 1738/1738/250 1737/1737/250
f 1742/1742/251 1743/1743/252 1744/1744/253
f 1744/1744/253 1745/1745/251 1742/1742/251
f 1743/1743/252 1746/1746/251 1744/1744/253
f 1744/1744/253 1747/1747/251 1748/1748/251
f 1748/1748/251 1745/1745/251 1744/1744/253
f 1749/1749/254 1750/1750/254 1751/1751/254
f 1751/1751/254 1752/1752/254 1749/1749/254
f 1753/1753/254 1750/1750/254 1749/1749/254
f 1749/1749/254 1754/1754/254 1753/1753/254
f 1755/1755/254 1750/1750/254 1753/1753/254
f 1753/1753/254 1756/1756/254 1755/1755/254
f 1756/1756/254 1753/1753/254 1757/1757/254
f 1758/1758/254 1753/1753/254 1754/1754/254
f 1754/1754/254 1759/1759/254 1758/1758/254
f 1759/1759/254 1754/1754/254 1760/1760/254
f 1761/1761/254 1754/1754/254 1749/1749/254
f 1749/1749/254 1762/1762/254 1761/1761/254
f 1762/1762/254 1749/1749/254 1763/1763/254
f 1764/1764/254 1749/1749/254 1752/1752/254
f 1765/1765/236 1766/1766/237 1767/1767/238
f 1767/1767/238 1768/1768/239 1765/1765/236
f 1769/1769/240 1765/1765/236 1768/1768/239
f 1768/1768/239 1770/1770/241 1769/1769/240
f 1771/1771/242 1769/1769/240 1770/1770/241
f 1770/1770/241 1772/1772/243 1771/1771/242
f 1773/1773/244 1771/1771/242 1772/1772/243
f 1772/1772/243 1774/1774/245 1773/1773/244
f 1775/1775/246 1773/1773/244 1774/1774/245
f 1774/1774/245 1776/1776/247 1775/1775/246
f 1777/1777/248 1778/1778/246 1779/1779/247
f 1779/1779/247 1780/1780/249 1777/1777/248
f 1766/1766/237 1777/1777/248 1780/1780/249
f 1780/1780/249 1767/1767/238 1766/1766/237
f 1781/1781/250 1782/1782/250 1783/1783/250
f 1783/1783/250 1784/1784/250 1781/1781/250
f 1782/1782/250 1785/1785/250 1786/1786/250
f 1786/1786/250 1783/1783/250 1782/1782/250
f 1787/1787/250 1784/1784/250 1783/1783/250
f 1788/1788/251 1789/1789/252 1790/1790/253
f 1790/1790/253 1791/1791/251 1788/1788/251
f 1789/1789/252 1792/1792/251 1790/1790/253
f 1790/1790/253 1793/1793/251 1794/1794/251
f 1794/1794/251 1791/1791/251 1790/1790/253
f 1795/1795/254 1796/1796/254 1797/1797/254
f 1797/1797/254 1798/1798/254 1795/1795/254
f 1799/1799/254 1796/1796/254 1795/1795/254
f 1795/1795/254 1800/1800/254 1799/1799/254
f 1801/1801/254 1796/1796/254 1799/1799/254
f 1799/1799/254 1802/1802/254 1801/1801/254
f 1802/1802/254 1799/1799/254 1803/1803/254
f 1804/1804/254 1799/1799/254 1800/1800/254
f 1800/1800/254 1805/1805/254 1804/1804/254
f 1805/1805/254 1800/1800/254 1806/1806/254
f 1807/1807/254 1800/1800/254 1795/1795/254
f 1795/1795/254 1808/1808/254 1807/1807/254
f 1808/1808/254 1795/1795/254 1809/1809/254
f 1810/1810/254 1795/1795/254 1798/1798/254
f 1811/1811/57 1812/1812/57 1813/1813/57
f 1813/1813/57 1814/1814/57 1811/1811/57
f 1815/1815/57 1811/1811/57 1814/1814/57
f 1814/1814/57 1816/1816/57 1815/1815/57
f 1817/1817/57 1815/1815/57 1816/1816/57
f 1816/1816/57 1818/1818/57 1817/1817/57
f 1814/1814/57 1813/1813/57 1819/1819/57
f 1819/1819/57 1820/1820/57 1814/1814/57
f 1816/1816/57 1814/1814/57 1820/1820/57
f 1820/1820/57 1821/1821/57 1816/1816/57
f 1818/1818/57 1816/1816/57 1821/1821/57
f 1821/1821/57 1822/1822/57 1818/1818/57
f 1820/1820/57 1819/1819/57 1823/1823/57
f 1823/1823/57 1824/1824/57 1820/1820/57
f 1821/1821/57 1820/1820/57 1824/1824/57
f 1824/1824/57 1825/1825/57 1821/1821/57
f 1822/1822/57 1821/1821/57 1825/1825/57
f 1825/1825/57 1826/1826/57 1822/1822/57
f 1827/1827/255 1828/1828/255 1829/1829/255
f 1829/1829/255 1830/1830/255 1827/1827/255
f 1830/1830/255 1829/1829/255 1831/1831/255
f 1831/1831/255 1832/1832/255 1830/1830/255
f 1832/1832/255 1831/1831/255 1833/1833/255
f 1833/1833/255 1834/1834/255 1832/1832/255
f 1835/1835/255 1827/1827/255 1830/1830/255
f 1830/1830/255 1836/1836/255 1835/1835/255
f 1836/1836/255 1830/1830/255 1832/1832/255
f 1832/1832/255 1837/1837/255 1836/1836/255
f 1837/1837/255 1832/1832/255 1834/1834/255
f 1834/1834/255 1838/1838/255 1837/1837/255
f 1839/1839/255 1835/1835/255 1836/1836/255
f 1836/1836/255 1840/1840/255 1839/1839/255
f 1840/1840/255 1836/1836/255 1837/1837/255
f 1837/1837/255 1841/1841/255 1840/1840/255
f 1841/1841/255 1837/1837/255 1838/1838/255
f 1838/1838/255 1842/1842/255 1841/1841/255
f 1843/1843/53 1844/1844/53 1845/1845/53
f 1845/1845/53 1846/1846/53 1843/1843/53
f 1846/1846/53 1845/1845/53 1847/1847/53
f 1847/1847/53 1848/1848/53 1846/1846/53
f 1848/1848/53 1847/1847/53 1817/1817/53
f 1817/1817/53 1849/1849/53 1848/1848/53
f 1850/1850/53 1843/1843/53 1846/1846/53
f 1846/1846/53 1851/1851/53 1850/1850/53
f 1851/1851/53 1846/1846/53 1848/1848/53
f 1848/1848/53 1852/1852/53 1851/1851/53
f 1852/1852/53 1848/1848/53 1849/1849/53
f 1849/1849/53 1853/1853/53 1852/1852/53
f 1854/1854/53 1850/1850/53 1851/1851/53
f 1851/1851/53 1855/1855/53 1854/1854/53
f 1855/1855/53 1851/1851/53 1852/1852/53
f 1852/1852/53 1856/1856/53 1855/1855/53
f 1856/1856/53 1852/1852/53 1853/1853/53
f 1853/1853/53 1833/1833/53 1856/1856/53
f 1849/1849/112 1817/1817/112 1818/1818/112
f 1818/1818/112 1857/1857/112 1849/1849/112
f 1857/1857/112 1818/1818/112 1822/1822/112
f 1822/1822/112 1858/1858/112 1857/1857/112
f 1858/1858/112 1822/1822/112 1826/1826/112
f 1826/1826/112 1859/1859/112 1858/1858/112
f 1853/1853/112 1849/1849/112 1857/1857/112
f 1857/1857/112 1860/1860/112 1853/1853/112
f 1860/1860/112 1857/1857/112 1858/1858/112
f 1858/1858/112 1861/1861/112 1860/1860/112
f 1861/1861/112 1858/1858/112 1859/1859/112
f 1859/1859/112 1862/1862/112 1861/1861/112
f 1833/1833/112 1853/1853/112 1860/1860/112
f 1860/1860/112 1834/1834/112 1833/1833/112
f 1834/1834/112 1860/1860/112 1861/1861/112
f 1861/1861/112 1838/1838/112 1834/1834/112
f 1838/1838/112 1861/1861/112 1862/1862/112
f 1862/1862/112 1842/1842/112 1838/1838/112
f 1859/1859/130 1826/1826/130 1863/1863/130
f 1863/1863/130 1864/1864/130 1859/1859/130
f 1864/1864/130 1863/1863/130 1865/1865/130
f 1865/1865/130 1866/1866/130 1864/1864/130
f 1866/1866/130 1865/1865/130 1867/1867/130
f 1867/1867/130 1868/1868/130 1866/1866/130
f 1862/1862/130 1859/1859/130 1864/1864/130
f 1864/1864/130 1869/1869/130 1862/1862/130
f 1869/1869/130 1864/1864/130 1866/1866/130
f 1866/1866/130 1870/1870/130 1869/1869/130
f 1870/1870/130 1866/1866/130 1868/1868/130
f 1868/1868/130 1871/1871/130 1870/1870/130
f 1842/1842/130 1862/1862/130 1869/1869/130
f 1869/1869/130 1872/1872/130 1842/1842/130
f 1872/1872/130 1869/1869/130 1870/1870/130
f 1870/1870/130 1873/1873/130 1872/1872/130
f 1873/1873/130 1870/1870/130 1871/1871/130
f 1871/1871/130 1874/1874/130 1873/1873/130
f 1875/1875/121 1876/1876/121 1877/1877/121
f 1877/1877/121 1878/1878/121 1875/1875/121
f 1878/1878/121 1877/1877/121 1879/1879/121
f 1879/1879/121 1880/1880/121 1878/1878/121
f 1880/1880/121 1879/1879/121 1881/1881/121
f 1881/1881/121 1882/1882/121 1880/1880/121
f 1883/1883/121 1875/1875/121 1878/1878/121
f 1878/1878/121 1884/1884/121 1883/1883/121
f 1884/1884/121 1878/1878/121 1880/1880/121
f 1880/1880/121 1885/1885/121 1884/1884/121
f 1885/1885/121 1880/1880/121 1882/1882/121
f 1882/1882/121 1886/1886/121 1885/1885/121
f 1839/1839/121 1883/1883/121 1884/1884/121
f 1884/1884/121 1835/1835/121 1839/1839/121
f 1835/1835/121 1884/1884/121 1885/1885/121
f 1885/1885/121 1827/1827/121 1835/1835/121
f 1827/1827/121 1885/1885/121 1886/1886/121
f 1886/1886/121 1828/1828/121 1827/1827/121
f 1887/1887/57 1888/1888/57 1889/1889/57
f 1889/1889/57 1890/1890/57 1887/1887/57
f 1891/1891/57 1887/1887/57 1890/1890/57
f 1890/1890/57 1892/1892/57 1891/1891/57
f 1893/1893/57 1891/1891/57 1892/1892/57
f 1892/1892/57 1894/1894/57 1893/1893/57
f 1890/1890/57 1889/1889/57 1895/1895/57
f 1895/1895/57 1896/1896/57 1890/1890/57
f 1892/1892/57 1890/1890/57 1896/1896/57
f 1896/1896/57 1897/1897/57 1892/1892/57
f 1894/1894/57 1892/1892/57 1897/1897/57
f 1897/1897/57 1898/1898/57 1894/1894/57
f 1896/1896/57 1895/1895/57 1899/1899/57
f 1899/1899/57 1900/1900/57 1896/1896/57
f 1897/1897/57 1896/1896/57 1900/1900/57
f 1900/1900/57 1901/1901/57 1897/1897/57
f 1898/1898/57 1897/1897/57 1901/1901/57
f 1901/1901/57 1902/1902/57 1898/1898/57
f 1903/1903/255 1904/1904/255 1905/1905/255
f 1905/1905/255 1906/1906/255 1903/1903/255
f 1906/1906/255 1905/1905/255 1907/1907/255
f 1907/1907/255 1908/1908/255 1906/1906/255
f 1908/1908/255 1907/1907/255 1909/1909/255
f 1909/1909/255 1910/1910/255 1908/1908/255
f 1911/1911/255 1903/1903/255 1906/1906/255
f 1906/1906/255 1912/1912/255 1911/1911/255
f 1912/1912/255 1906/1906/255 1908/1908/255
f 1908/1908/255 1913/1913/255 1912/1912/255
f 1913/1913/255 1908/1908/255 1910/1910/255
f 1910/1910/255 1914/1914/255 1913/1913/255
f 1915/1915/255 1911/1911/255 1912/1912/255
f 1912/1912/255 1916/1916/255 1915/1915/255
f 1916/1916/255 1912/1912/255 1913/1913/255
f 1913/1913/255 1917/1917/255 1916/1916/255
f 1917/1917/255 1913/1913/255 1914/1914/255
f 1914/1914/255 1918/1918/255 1917/1917/255
f 1919/1919/53 1920/1920/53 1921/1921/53
f 1921/1921/53 1922/1922/53 1919/1919/53
f 1922/1922/53 1921/1921/53 1923/1923/53
f 1923/1923/53 1924/1924/53 1922/1922/53
f 1924/1924/53 1923/1923/53 1893/1893/53
f 1893/1893/53 1925/1925/53 1924/1924/53
f 1926/1926/53 1919/1919/53 1922/1922/53
f 1922/1922/53 1927/1927/53 1926/1926/53
f 1927/1927/53 1922/1922/53 1924/1924/53
f 1924/1924/53 1928/1928/53 1927/1927/53
f 1928/1928/53 1924/1924/53 1925/1925/53
f 1925/1925/53 1929/1929/53 1928/1928/53
f 1930/1930/53 1926/1926/53 1927/1927/53
f 1927/1927/53 1931/1931/53 1930/1930/53
f 1931/1931/53 1927/1927/53 1928/1928/53
f 1928/1928/53 1932/1932/53 1931/1931/53
f 1932/1932/53 1928/1928/53 1929/1929/53
f 1929/1929/53 1909/1909/53 1932/1932/53
f 1925/1925/112 1893/1893/112 1894/1894/112
f 1894/1894/112 1933/1933/112 1925/1925/112
f 1933/1933/112 1894/1894/112 1898/1898/112
f 1898/1898/112 1934/1934/112 1933/1933/112
f 1934/1934/112 1898/1898/112 1902/1902/112
f 1902/1902/112 1935/1935/112 1934/1934/112
f 1929/1929/112 1925/1925/112 1933/1933/112
f 1933/1933/112 1936/1936/112 1929/1929/112
f 1936/1936/112 1933/1933/112 1934/1934/112
f 1934/1934/112 1937/1937/112 1936/1936/112
f 1937/1937/112 1934/1934/112 1935/1935/112
f 1935/1935/112 1938/1938/112 1937/1937/112
f 1909/1909/112 1929/1929/112 1936/1936/112
f 1936/1936/112 1910/1910/112 1909/1909/112
f 1910/1910/112 1936/1936/112 1937/1937/112
f 1937/1937/112 1914/1914/112 1910/1910/112
f 1914/1914/112 1937/1937/112 1938/1938/112
f 1938/1938/112 1918/1918/112 1914/1914/112
f 1935/1935/130 1902/1902/130 1939/1939/130
f 1939/1939/130 1940/1940/130 1935/1935/130
f 1940/1940/130 1939/1939/130 1941/1941/130
f 1941/1941/130 1942/1942/130 1940/1940/130
f 1942/1942/130 1941/1941/130 1943/1943/130
f 1943/1943/130 1944/1944/130 1942/1942/130
f 1938/1938/130 1935/1935/130 1940/1940/130
f 1940/1940/130 1945/1945/130 1938/1938/130
f 1945/1945/130 1940/1940/130 1942/1942/130
f 1942/1942/130 1946/1946/130 1945/1945/130
f 1946/1946/130 1942/1942/130 1944/1944/130
f 1944/1944/130 1947/1947/130 1946/1946/130
f 1918/1918/130 1938/1938/130 1945/1945/130
f 1945/1945/130 1948/1948/130 1918/1918/130
f 1948/1948/130 1945/1945/130 1946/1946/130
f 1946/1946/130 1949/1949/130 1948/1948/130
f 1949/1949/130 1946/1946/130 1947/1947/130
f 1947/1947/130 1950/1950/130 1949/1949/130
f 1951/1951/121 1952/1952/121 1953/1953/121
f 1953/1953/121 1954/1954/121 1951/1951/121
f 1954/1954/121 1953/1953/121 1955/1955/121
f 1955/1955/121 1956/1956/121 1954/1954/121
f 1956/1956/121 1955/1955/121 1957/1957/121
f 1957/1957/121 1958/1958/121 1956/1956/121
f 1959/1959/121 1951/1951/121 1954/1954/121
f 1954/1954/121 1960/1960/121 1959/1959/121
f 1960/1960/121 1954/1954/121 1956/1956/121
f 1956/1956/121 1961/1961/121 1960/1960/121
f 1961/1961/121 1956/1956/121 1958/1958/121
f 1958/1958/121 1962/1962/121 1961/1961/121
f 1915/1915/121 1959/1959/121 1960/1960/121
f 1960/1960/121 1911/1911/121 1915/1915/121
f 1911/1911/121 1960/1960/121 1961/1961/121
f 1961/1961/121 1903/1903/121 1911/1911/121
f 1903/1903/121 1961/1961/121 1962/1962/121
f 1962/1962/121 1904/1904/121 1903/1903/121
f 1963/1963/57 1964/1964/57 1965/1965/57
f 1965/1965/57 1966/1966/57 1963/1963/57
f 1967/1967/57 1963/1963/57 1966/1966/57
f 1966/1966/57 1968/1968/57 1967/1967/57
f 1969/1969/57 1967/1967/57 1968/1968/57
f 1968/1968/57 1970/1970/57 1969/1969/57
f 1966/1966/57 1965/1965/57 1971/1971/57
f 1971/1971/57 1972/1972/57 1966/1966/57
f 1968/1968/57 1966/1966/57 1972/1972/57
f 1972/1972/57 1973/1973/57 1968/1968/57
f 1970/1970/57 1968/1968/57 1973/1973/57
f 1973/1973/57 1974/1974/57 1970/1970/57
f 1972/1972/57 1971/1971/57 1975/1975/57
f 1975/1975/57 1976/1976/57 1972/1972/57
f 1973/1973/57 1972/1972/57 1976/1976/57
f 1976/1976/57 1977/1977/57 1973/1973/57
f 1974/1974/57 1973/1973/57 1977/1977/57
f 1977/1977/57 1978/1978/57 1974/1974/57
f 1979/1979/255 1980/1980/255 1981/1981/255
f 1981/1981/255 1982/1982/255 1979/1979/255
f 1982/1982/255 1981/1981/255 1983/1983/255
f 1983/1983/255 1984/1984/255 1982/1982/255
f 1984/1984/255 1983/1983/255 1985/1985/255
f 1985/1985/255 1986/1986/255 1984/1984/255
f 1987/1987/255 1979/1979/255 1982/1982/255
f 1982/1982/255 1988/1988/255 1987/1987/255
f 1988/1988/255 1982/1982/255 1984/1984/255
f 1984/1984/255 1989/1989/255 1988/1988/255
f 1989/1989/255 1984/1984/255 1986/1986/255
f 1986/1986/255 1990/1990/255 1989/1989/255
f 1991/1991/255 1987/1987/255 1988/1988/255
f 1988/1988/255 1992/1992/255 1991/1991/255
f 1992/1992/255 1988/1988/255 1989/1989/255
f 1989/1989/255 1993/1993/255 1992/1992/255
f 1993/1993/255 1989/1989/255 1990/1990/255
f 1990/1990/255 1994/1994/255 1993/1993/255
f 1995/1995/53 1996/1996/53 1997/1997/53
f 1997/1997/53 1998/1998/53 1995/1995/53
f 1998/1998/53 1997/1997/53 1999/1999/53
f 1999/1999/53 2000/2000/53 1998/1998/53
f 2000/2000/53 1999/1999/53 1969/1969/53
f 1969/1969/53 2001/2001/53 2000/2000/53
f 2002/2002/53 1995/1995/53 1998/1998/53
f 1998/1998/53 2003/2003/53 2002/2002/53
f 2003/2003/53 1998/1998/53 2000/2000/53
f 2000/2000/53 2004/2004/53 2003/2003/53
f 2004/2004/53 2000/2000/53 2001/2001/53
f 2001/2001/53 2005/2005/53 2004/2004/53
f 2006/2006/53 2002/2002/53 2003/2003/53
f 2003/2003/53 2007/2007/53 2006/2006/53
f 2007/2007/53 2003/2003/53 2004/2004/53
f 2004/2004/53 2008/2008/53 2007/2007/53
f 2008/2008/53 2004/2004/53 2005/2005/53
f 2005/2005/53 1985/1985/53 2008/2008/53
f 2001/2001/112 1969/1969/112 1970/1970/112
f 1970/1970/112 2009/2009/112 2001/2001/112
f 2009/2009/112 1970/1970/112 1974/1974/112
f 1974/1974/112 2010/2010/112 2009/2009/112
f 2010/2010/112 1974/1974/112 1978/1978/112
f 1978/1978/112 2011/2011/112 2010/2010/112
f 2005/2005/112 2001/2001/112 2009/2009/112
f 2009/2009/112 2012/2012/112 2005/2005/112
f 2012/2012/112 2009/2009/112 2010/2010/112
f 2010/2010/112 2013/2013/112 2012/2012/112
f 2013/2013/112 2010/2010/112 2011/2011/112
f 2011/2011/112 2014/2014/112 2013/2013/112
f 1985/1985/112 2005/2005/112 2012/2012/112
f 2012/2012/112 1986/1986/112 1985/1985/112
f 1986/1986/112 2012/2012/112 2013/2013/112
f 2013/2013/112 1990/1990/112 1986/1986/112
f 1990/1990/112 2013/2013/112 2014/2014/112
f 2014/2014/112 1994/1994/112 1990/1990/112
f 2011/2011/130 1978/1978/130 2015/2015/130
f 2015/2015/130 2016/2016/130 2011/2011/130
f 2016/2016/130 2015/2015/130 2017/2017/130
f 2017/2017/130 2018/2018/130 2016/2016/130
f 2018/2018/130 2017/2017/130 2019/2019/130
f 2019/2019/130 2020/2020/130 2018/2018/130
f 2014/2014/130 2011/2011/130 2016/2016/130
f 2016/2016/130 2021/2021/130 2014/2014/130
f 2021/2021/130 2016/2016/130 2018/2018/130
f 2018/2018/130 2022/2022/130 2021/2021/130
f 2022/2022/130 2018/2018/130 2020/2020/130
f 2020/2020/130 2023/2023/130 2022/2022/130
f 1994/1994/130 2014/2014/130 2021/2021/130
f 2021/2021/130 2024/2024/130 1994/1994/130
f 2024/2024/130 2021/2021/130 2022/2022/130
f 2022/2022/130 2025/2025/130 2024/2024/130
f 2025/2025/130 2022/2022/130 2023/2023/130
f 2023/2023/130 2026/2026/130 2025/2025/130
f 2027/2027/121 2028/2028/121 2029/2029/121
f 2029/2029/121 2030/2030/121 2027/2027/121
f 2030/2030/121 2029/2029/121 2031/2031/121
f 2031/2031/121 2032/2032/121 2030/2030/121
f 2032/2032/121 2031/2031/121 2033/2033/121
f 2033/2033/121 2034/2034/121 2032/2032/121
f 2035/2035/121 2027/2027/121 2030/2030/121
f 2030/2030/121 2036/2036/121 2035/2035/121
f 2036/2036/121 2030/2030/121 2032/2032/121
f 2032/2032/121 2037/2037/121 2036/2036/121
f 2037/2037/121 2032/2032/121 2034/2034/121
f 2034/2034/121 2038/2038/121 2037/2037/121
f 1991/1991/121 2035/2035/121 2036/2036/121
f 2036/2036/121 1987/1987/121 1991/1991/121
f 1987/1987/121 2036/2036/121 2037/2037/121
f 2037/2037/121 1979/1979/121 1987/1987/121
f 1979/1979/121 2037/2037/121 2038/2038/121
f 2038/2038/121 1980/1980/121 1979/1979/121
f 2039/2039/57 2040/2040/57 2041/2041/57
f 2041/2041/57 2042/2042/57 2039/2039/57
f 2043/2043/57 2039/2039/57 2042/2042/57
f 2042/2042/57 2044/2044/57 2043/2043/57
f 2045/2045/57 2043/2043/57 2044/2044/57
f 2044/2044/57 2046/2046/57 2045/2045/57
f 2042/2042/57 2041/2041/57 2047/2047/57
f 2047/2047/57 2048/2048/57 2042/2042/57
f 2044/2044/57 2042/2042/57 2048/2048/57
f 2048/2048/57 2049/2049/57 2044/2044/57
f 2046/2046/57 2044/2044/57 2049/2049/57
f 2049/2049/57 2050/2050/57 2046/2046/57
f 2048/2048/57 2047/2047/57 2051/2051/57
f 2051/2051/57 2052/2052/57 2048/2048/57
f 2049/2049/57 2048/2048/57 2052/2052/57
f 2052/2052/57 2053/2053/57 2049/2049/57
f 2050/2050/57 2049/2049/57 2053/2053/57
f 2053/2053/57 2054/2054/57 2050/2050/57
f 2055/2055/255 2056/2056/255 2057/2057/255
f 2057/2057/255 2058/2058/255 2055/2055/255
f 2058/2058/255 2057/2057/255 2059/2059/255
f 2059/2059/255 2060/2060/255 2058/2058/255
f 2060/2060/255 2059/2059/255 2061/2061/255
f 2061/2061/255 2062/2062/255 2060/2060/255
f 2063/2063/255 2055/2055/255 2058/2058/255
f 2058/2058/255 2064/2064/255 2063/2063/255
f 2064/2064/255 2058/2058/255 2060/2060/255
f 2060/2060/255 2065/2065/255 2064/2064/255
f 2065/2065/255 2060/2060/255 2062/2062/255
f 2062/2062/255 2066/2066/255 2065/2065/255
f 2067/2067/255 2063/2063/255 2064/2064/255
f 2064/2064/255 2068/2068/255 2067/2067/255
f 2068/2068/255 2064/2064/255 2065/2065/255
f 2065/2065/255 2069/2069/255 2068/2068/255
f 2069/2069/255 2065/2065/255 2066/2066/255
f 2066/2066/255 2070/2070/255 2069/2069/255
f 2071/2071/53 2072/2072/53 2073/2073/53
f 2073/2073/53 2074/2074/53 2071/2071/53
f 2074/2074/53 2073/2073/53 2075/2075/53
f 2075/2075/53 2076/2076/53 2074/2074/53
f 2076/2076/53 2075/2075/53 2045/2045/53
f 2045/2045/53 2077/2077/53 2076/2076/53
f 2078/2078/53 2071/2071/53 2074/2074/53
f 2074/2074/53 2079/2079/53 2078/2078/53
f 2079/2079/53 2074/2074/53 2076/2076/53
f 2076/2076/53 2080/2080/53 2079/2079/53
f 2080/2080/53 2076/2076/53 2077/2077/53
f 2077/2077/53 2081/2081/53 2080/2080/53
f 2082/2082/53 2078/2078/53 2079/2079/53
f 2079/2079/53 2083/2083/53 2082/2082/53
f 2083/2083/53 2079/2079/53 2080/2080/53
f 2080/2080/53 2084/2084/53 2083/2083/53
f 2084/2084/53 2080/2080/53 2081/2081/53
f 2081/2081/53 2061/2061/53 2084/2084/53
f 2077/2077/112 2045/2045/112 2046/2046/112
f 2046/2046/112 2085/2085/112 2077/2077/112
f 2085/2085/112 2046/2046/112 2050/2050/112
f 2050/2050/112 2086/2086/112 2085/2085/112
f 2086/2086/112 2050/2050/112 2054/2054/112
f 2054/2054/112 2087/2087/112 2086/2086/112
f 2081/2081/112 2077/2077/112 2085/2085/112
f 2085/2085/112 2088/2088/112 2081/2081/112
f 2088/2088/112 2085/2085/112 2086/2086/112
f 2086/2086/112 2089/2089/112 2088/2088/112
f 2089/2089/112 2086/2086/112 2087/2087/112
f 2087/2087/112 2090/2090/112 2089/2089/112
f 2061/2061/112 2081/2081/112 2088/2088/112
f 2088/2088/112 2062/2062/112 2061/2061/112
f 2062/2062/112 2088/2088/112 2089/2089/112
f 2089/2089/112 2066/2066/112 2062/2062/112
f 2066/2066/112 2089/2089/112 2090/2090/112
f 2090/2090/112 2070/2070/112 2066/2066/112
f 2087/2087/130 2054/2054/130 2091/2091/130
f 2091/2091/130 2092/2092/130 2087/2087/130
f 2092/2092/130 2091/2091/130 2093/2093/130
f 2093/2093/130 2094/2094/130 2092/2092/130
f 2094/2094/130 2093/2093/130 2095/2095/130
f 2095/2095/130 2096/2096/130 2094/2094/130
f 2090/2090/130 2087/2087/130 2092/2092/130
f 2092/2092/130 2097/2097/130 2090/2090/130
f 2097/2097/130 2092/2092/130 2094/2094/130
f 2094/2094/130 2098/2098/130 2097/2097/130
f 2098/2098/130 2094/2094/130 2096/2096/130
f 2096/2096/130 2099/2099/130 2098/2098/130
f 2070/2070/130 2090/2090/130 2097/2097/130
f 2097/2097/130 2100/2100/130 2070/2070/130
f 2100/2100/130 2097/2097/130 2098/2098/130
f 2098/2098/130 2101/2101/130 2100/2100/130
f 2101/2101/130 2098/2098/130 2099/2099/130
f 2099/2099/130 2102/2102/130 2101/2101/130
f 2103/2103/121 2104/2104/121 2105/2105/121
f 2105/2105/121 2106/2106/121 2103/2103/121
f 2106/2106/121 2105/2105/121 2107/2107/121
f 2107/2107/121 2108/2108/121 2106/2106/121
f 2108/2108/121 2107/2107/121 2109/2109/121
f 2109/2109/121 2110/2110/121 2108/2108/121
f 2111/2111/121 2103/2103/121 2106/2106/121
f 2106/2106/121 2112/2112/121 2111/2111/121
f 2112/2112/121 2106/2106/121 2108/2108/121
f 2108/2108/121 2113/2113/121 2112/2112/121
f 2113/2113/121 2108/2108/121 2110/2110/121
f 2110/2110/121 2114/2114/121 2113/2113/121
f 2067/2067/121 2111/2111/121 2112/2112/121
f 2112/2112/121 2063/2063/121 2067/2067/121
f 2063/2063/121 2112/2112/121 2113/2113/121
f 2113/2113/121 2055/2055/121 2063/2063/121
f 2055/2055/121 2113/2113/121 2114/2114/121
f 2114/2114/121 2056/2056/121 2055/2055/121
f 2115/2115/57 2116/2116/57 2117/2117/57
f 2117/2117/57 2118/2118/57 2115/2115/57
f 2119/2119/57 2115/2115/57 2118/2118/57
f 2118/2118/57 2120/2120/57 2119/2119/57
f 2121/2121/57 2119/2119/57 2120/2120/57
f 2120/2120/57 2122/2122/57 2121/2121/57
f 2118/2118/57 2117/2117/57 2123/2123/57
f 2123/2123/57 2124/2124/57 2118/2118/57
f 2120/2120/57 2118/2118/57 2124/2124/57
f 2124/2124/57 2125/2125/57 2120/2120/57
f 2122/2122/57 2120/2120/57 2125/2125/57
f 2125/2125/57 2126/2126/57 2122/2122/57
f 2124/2124/57 2123/2123/57 2127/2127/57
f 2127/2127/57 2128/2128/57 2124/2124/57
f 2125/2125/57 2124/2124/57 2128/2128/57
f 2128/2128/57 2129/2129/57 2125/2125/57
f 2126/2126/57 2125/2125/57 2129/2129/57
f 2129/2129/57 2130/2130/57 2126/2126/57
f 2131/2131/255 2132/2132/255 2133/2133/255
f 2133/2133/255 2134/2134/255 2131/2131/255
f 2134/2134/255 2133/2133/255 2135/2135/255
f 2135/2135/255 2136/2136/255 2134/2134/255
f 2136/2136/255 2135/2135/255 2137/2137/255
f 2137/2137/255 2138/2138/255 2136/2136/255
f 2139/2139/255 2131/2131/255 2134/2134/255
f 2134/2134/255 2140/2140/255 2139/2139/255
f 2140/2140/255 2134/2134/255 2136/2136/255
f 2136/2136/255 2141/2141/255 2140/2140/255
f 2141/2141/255 2136/2136/255 2138/2138/255
f 2138/2138/255 2142/2142/255 2141/2141/255
f 2143/2143/255 2139/2139/255 2140/2140/255
f 2140/2140/255 2144/2144/255 2143/2143/255
f 2144/2144/255 2140/2140/255 2141/2141/255
f 2141/2141/255 2145/2145/255 2144/2144/255
f 2145/2145/255 2141/2141/255 2142/2142/255
f 2142/2142/255 2146/2146/255 2145/2145/255
f 2147/2147/53 2148/2148/53 2149/2149/53
f 2149/2149/53 2150/2150/53 2147/2147/53
f 2150/2150/53 2149/2149/53 2151/2151/53
f 2151/2151/53 2152/2152/53 2150/2150/53
f 2152/2152/53 2151/2151/53 2121/2121/53
f 2121/2121/53 2153/2153/53 2152/2152/53
f 2154/2154/53 2147/2147/53 2150/2150/53
f 2150/2150/53 2155/2155/53 2154/2154/53
f 2155/2155/53 2150/2150/53 2152/2152/53
f 2152/2152/53 2156/2156/53 2155/2155/53
f 2156/2156/53 2152/2152/53 2153/2153/53
f 2153/2153/53 2157/2157/53 2156/2156/53
f 2158/2158/53 2154/2154/53 2155/2155/53
f 2155/2155/53 2159/2159/53 2158/2158/53
f 2159/2159/53 2155/2155/53 2156/2156/53
f 2156/2156/53 2160/2160/53 2159/2159/53
f 2160/2160/53 2156/2156/53 2157/2157/53
f 2157/2157/53 2137/2137/53 2160/2160/53
f 2153/2153/112 2121/2121/112 2122/2122/112
f 2122/2122/112 2161/2161/112 2153/2153/112
f 2161/2161/112 2122/2122/112 2126/2126/112
f 2126/2126/112 2162/2162/112 2161/2161/112
f 2162/2162/112 2126/2126/112 2130/2130/112
f 2130/2130/112 2163/2163/112 2162/2162/112
f 2157/2157/112 2153/2153/112 2161/2161/112
f 2161/2161/112 2164/2164/112 2157/2157/112
f 2164/2164/112 2161/2161/112 2162/2162/112
f 2162/2162/112 2165/2165/112 2164/2164/112
f 2165/2165/112 2162/2162/112 2163/2163/112
f 2163/2163/112 2166/2166/112 2165/2165/112
f 2137/2137/112 2157/2157/112 2164/2164/112
f 2164/2164/112 2138/2138/112 2137/2137/112
f 2138/2138/112 2164/2164/112 2165/2165/112
f 2165/2165/112 2142/2142/112 2138/2138/112
f 2142/2142/112 2165/2165/112 2166/2166/112
f 2166/2166/112 2146/2146/112 2142/2142/112
f 2163/2163/130 2130/2130/130 2167/2167/130
f 2167/2167/130 2168/2168/130 2163/2163/130
f 2168/2168/130 2167/2167/130 2169/2169/130
f 2169/2169/130 2170/2170/130 2168/2168/130
f 2170/2170/130 2169/2169/130 2171/2171/130
f 2171/2171/130 2172/2172/130 2170/2170/130
f 2166/2166/130 2163/2163/130 2168/2168/130
f 2168/2168/130 2173/2173/130 2166/2166/130
f 2173/2173/130 2168/2168/130 2170/2170/130
f 2170/2170/130 2174/2174/130 2173/2173/130
f 2174/2174/130 2170/2170/130 2172/2172/130
f 2172/2172/130 2175/2175/130 2174/2174/130
f 2146/2146/130 2166/2166/130 2173/2173/130
f 2173/2173/130 2176/2176/130 2146/2146/130
f 2176/2176/130 2173/2173/130 2174/2174/130
f 2174/2174/130 2177/2177/130 2176/2176/130
f 2177/2177/130 2174/2174/130 2175/2175/130
f 2175/2175/130 2178/2178/130 2177/2177/130
f 2179/2179/121 2180/2180/121 2181/2181/121
f 2181/2181/121 2182/2182/121 2179/2179/121
f 2182/2182/121 2181/2181/121 2183/2183/121
f 2183/2183/121 2184/2184/121 2182/2182/121
f 2184/2184/121 2183/2183/121 2185/2185/121
f 2185/2185/121 2186/2186/121 2184/2184/121
f 2187/2187/121 2179/2179/121 2182/2182/121
f 2182/2182/121 2188/2188/121 2187/2187/121
f 2188/2188/121 2182/2182/121 2184/2184/121
f 2184/2184/121 2189/2189/121 2188/2188/121
f 2189/2189/121 2184/2184/121 2186/2186/121
f 2186/2186/121 2190/2190/121 2189/2189/121
f 2143/2143/121 2187/2187/121 2188/2188/121
f 2188/2188/121 2139/2139/121 2143/2143/121
f 2139/2139/121 2188/2188/121 2189/2189/121
f 2189/2189/121 2131/2131/121 2139/2139/121
f 2131/2131/121 2189/2189/121 2190/2190/121
f 2190/2190/121 2132/2132/121 2131/2131/121
f 2191/2191/57 2192/2192/57 2193/2193/57
f 2193/2193/57 2194/2194/57 2191/2191/57
f 2195/2195/57 2191/2191/57 2194/2194/57
f 2194/2194/57 2196/2196/57 2195/2195/57
f 2197/2197/57 2195/2195/57 2196/2196/57
f 2196/2196/57 2198/2198/57 2197/2197/57
f 2194/2194/57 2193/2193/57 2199/2199/57
f 2199/2199/57 2200/2200/57 2194/2194/57
f 2196/2196/57 2194/2194/57 2200/2200/57
f 2200/2200/57 2201/2201/57 2196/2196/57
f 2198/2198/57 2196/2196/57 2201/2201/57
f 2201/2201/57 2202/2202/57 2198/2198/57
f 2200/2200/57 2199/2199/57 2203/2203/57
f 2203/2203/57 2204/2204/57 2200/2200/57
f 2201/2201/57 2200/2200/57 2204/2204/57
f 2204/2204/57 2205/2205/57 2201/2201/57
f 2202/2202/57 2201/2201/57 2205/2205/57
f 2205/2205/57 2206/2206/57 2202/2202/57
f 2207/2207/255 2208/2208/255 2209/2209/255
f 2209/2209/255 2210/2210/255 2207/2207/255
f 2210/2210/255 2209/2209/255 2211/2211/255
f 2211/2211/255 2212/2212/255 2210/2210/255
f 2212/2212/255 2211/2211/255 2213/2213/255
f 2213/2213/255 2214/2214/255 2212/2212/255
f 2215/2215/255 2207/2207/255 2210/2210/255
f 2210/2210/255 2216/2216/255 2215/2215/255
f 2216/2216/255 2210/2210/255 2212/2212/255
f 2212/2212/255 2217/2217/255 2216/2216/255
f 2217/2217/255 2212/2212/255 2214/2214/255
f 2214/2214/255 2218/2218/255 2217/2217/255
f 2219/2219/255 2215/2215/255 2216/2216/255
f 2216/2216/255 2220/2220/255 2219/2219/255
f 2220/2220/255 2216/2216/255 2217/2217/255
f 2217/2217/255 2221/2221/255 2220/2220/255
f 2221/2221/255 2217/2217/255 2218/2218/255
f 2218/2218/255 2222/2222/255 2221/2221/255
f 2223/2223/53 2224/2224/53 2225/2225/53
f 2225/2225/53 2226/2226/53 2223/2223/53
f 2226/2226/53 2225/2225/53 2227/2227/53
f 2227/2227/53 2228/2228/53 2226/2226/53
f 2228/2228/53 2227/2227/53 2197/2197/53
f 2197/2197/53 2229/2229/53 2228/2228/53
f 2230/2230/53 2223/2223/53 2226/2226/53
f 2226/2226/53 2231/2231/53 2230/2230/53
f 2231/2231/53 2226/2226/53 2228/2228/53
f 2228/2228/53 2232/2232/53 2231/2231/53
f 2232/2232/53 2228/2228/53 2229/2229/53
f 2229/2229/53 2233/2233/53 2232/2232/53
f 2234/2234/53 2230/2230/53 2231/2231/53
f 2231/2231/53 2235/2235/53 2234/2234/53
f 2235/2235/53 2231/2231/53 2232/2232/53
f 2232/2232/53 2236/2236/53 2235/2235/53
f 2236/2236/53 2232/2232/53 2233/2233/53
f 2233/2233/53 2213/2213/53 2236/2236/53
f 2229/2229/112 2197/2197/112 2198/2198/112
f 2198/2198/112 2237/2237/112 2229/2229/112
f 2237/2237/112 2198/2198/112 2202/2202/112
f 2202/2202/112 2238/2238/112 2237/2237/112
f 2238/2238/112 2202/2202/112 2206/2206/112
f 2206/2206/112 2239/2239/112 2238/2238/112
f 2233/2233/112 2229/2229/112 2237/2237/112
f 2237/2237/112 2240/2240/112 2233/2233/112
f 2240/2240/112 2237/2237/112 2238/2238/112
f 2238/2238/112 2241/2241/112 2240/2240/112
f 2241/2241/112 2238/2238/112 2239/2239/112
f 2239/2239/112 2242/2242/112 2241/2241/112
f 2213/2213/112 2233/2233/112 2240/2240/112
f 2240/2240/112 2214/2214/112 2213/2213/112
f 2214/2214/112 2240/2240/112 2241/2241/112
f 2241/2241/112 2218/2218/112 2214/2214/112
f 2218/2218/112 2241/2241/112 2242/2242/112
f 2242/2242/112 2222/2222/112 2218/2218/112
f 2239/2239/130 2206/2206/130 2243/2243/130
f 2243/2243/130 2244/2244/130 2239/2239/130
f 2244/2244/130 2243/2243/130 2245/2245/130
f 2245/2245/130 2246/2246/130 2244/2244/130
f 2246/2246/130 2245/2245/130 2247/2247/130
f 2247/2247/130 2248/2248/130 2246/2246/130
f 2242/2242/130 2239/2239/130 2244/2244/130
f 2244/2244/130 2249/2249/130 2242/2242/130
f 2249/2249/130 2244/2244/130 2246/2246/130
f 2246/2246/130 2250/2250/130 2249/2249/130
f 2250/2250/130 2246/2246/130 2248/2248/130
f 2248/2248/130 2251/2251/130 2250/2250/130
f 2222/2222/130 2242/2242/130 2249/2249/130
f 2249/2249/130 2252/2252/130 2222/2222/130
f 2252/2252/130 2249/2249/130 2250/2250/130
f 2250/2250/130 2253/2253/130 2252/2252/130
f 2253/2253/130 2250/2250/130 2251/2251/130
f 2251/2251/130 2254/2254/130 2253/2253/130
f 2255/2255/121 2256/2256/121 2257/2257/121
f 2257/2257/121 2258/2258/121 2255/2255/121
f 2258/2258/121 2257/2257/121 2259/2259/121
f 2259/2259/121 2260/2260/121 2258/2258/121
f 2260/2260/121 2259/2259/121 2261/2261/121
f 2261/2261/121 2262/2262/121 2260/2260/121
f 2263/2263/121 2255/2255/121 2258/2258/121
f 2258/2258/121 2264/2264/121 2263/2263/121
f 2264/2264/121 2258/2258/121 2260/2260/121
f 2260/2260/121 2265/2265/121 2264/2264/121
f 2265/2265/121 2260/2260/121 2262/2262/121
f 2262/2262/121 2266/2266/121 2265/2265/121
f 2219/2219/121 2263/2263/121 2264/2264/121
f 2264/2264/121 2215/2215/121 2219/2219/121
f 2215/2215/121 2264/2264/121 2265/2265/121
f 2265/2265/121 2207/2207/121 2215/2215/121
f 2207/2207/121 2265/2265/121 2266/2266/121
f 2266/2266/121 2208/2208/121 2207/2207/121
f 2267/2267/112 2268/2268/112 2269/2269/256
f 2269/2269/256 2270/2270/256 2267/2267/112
f 2270/2270/256 2269/2269/256 2271/2271/257
f 2271/2271/257 2272/2272/257 2270/2270/256
f 2272/2272/257 2271/2271/257 2273/2273/258
f 2273/2273/258 2274/2274/258 2272/2272/257
f 2274/2274/258 2273/2273/258 2275/2275/259
f 2275/2275/259 2276/2276/259 2274/2274/258
f 2276/2276/259 2275/2275/259 2277/2277/260
f 2277/2277/260 2278/2278/260 2276/2276/259
f 2278/2278/260 2277/2277/260 2279/2279/261
f 2279/2279/261 2280/2280/261 2278/2278/260
f 2280/2280/261 2279/2279/261 2281/2281/112
f 2281/2281/112 2282/2282/112 2280/2280/261
f 2283/2283/57 2284/2284/57 2285/2285/57
f 2285/2285/57 2286/2286/57 2283/2283/57
f 2284/2284/57 2287/2287/57 2288/2288/57
f 2288/2288/57 2285/2285/57 2284/2284/57
f 2289/2289/57 2286/2286/57 2285/2285/57
f 2290/2290/255 2291/2291/255 2292/2292/255
f 2292/2292/255 2293/2293/255 2290/2290/255
f 2291/2291/255 2294/2294/255 2295/2295/255
f 2295/2295/255 2292/2292/255 2291/2291/255
f 2296/2296/255 2293/2293/255 2292/2292/255
f 2297/2297/112 2298/2298/112 2299/2299/262
f 2299/2299/262 2300/2300/262 2297/2297/112
f 2300/2300/262 2299/2299/262 2301/2301/263
f 2301/2301/263 2302/2302/263 2300/2300/262
f 2302/2302/263 2301/2301/263 2303/2303/264
f 2303/2303/264 2304/2304/264 2302/2302/263
f 2304/2304/264 2303/2303/264 2305/2305/265
f 2305/2305/265 2306/2306/265 2304/2304/264
f 2306/2306/265 2305/2305/265 2307/2307/266
f 2307/2307/266 2308/2308/266 2306/2306/265
f 2308/2308/266 2307/2307/266 2309/2309/267
f 2309/2309/267 2310/2310/267 2308/2308/266
f 2310/2310/267 2309/2309/267 2311/2311/112
f 2311/2311/112 2312/2312/112 2310/2310/267
f 2313/2313/130 2314/2314/130 2315/2315/130
f 2315/2315/130 2316/2316/130 2313/2313/130
f 2314/2314/130 2317/2317/130 2318/2318/130
f 2318/2318/130 2315/2315/130 2314/2314/130
f 2319/2319/130 2316/2316/130 2315/2315/130
f 2320/2320/53 2321/2321/53 2322/2322/53
f 2322/2322/53 2323/2323/53 2320/2320/53
f 2321/2321/53 2324/2324/53 2325/2325/53
f 2325/2325/53 2322/2322/53 2321/2321/53
f 2326/2326/53 2323/2323/53 2322/2322/53
f 2327/2327/268 2328/2328/269 2329/2329/270
f 2329/2329/270 2330/2330/271 2327/2327/268
f 2331/2331/272 2332/2332/273 2328/2328/269
f 2328/2328/269 2327/2327/268 2331/2331/272
f 2333/2333/274 2328/2328/269 2332/2332/273
f 2332/2332/273 2334/2334/275 2333/2333/274
f 2329/2329/270 2328/2328/269 2333/2333/274
f 2333/2333/274 2335/2335/276 2329/2329/270
f 2336/2336/277 2337/2337/278 2338/2338/279
f 2338/2338/279 2339/2339/280 2336/2336/277
f 2340/2340/281 2341/2341/282 2337/2337/278
f 2337/2337/278 2336/2336/277 2340/2340/281
f 2327/2327/268 2337/2337/278 2341/2341/282
f 2341/2341/282 2331/2331/272 2327/2327/268
f 2330/2330/271 2338/2338/279 2337/2337/278
f 2337/2337/278 2327/2327/268 2330/2330/271
f 2342/2342/283 2333/2333/274 2334/2334/275
f 2334/2334/275 2343/2343/284 2342/2342/283
f 2344/2344/285 2345/2345/286 2342/2342/283
f 2342/2342/283 2343/2343/284 2344/2344/285
f 2346/2346/287 2347/2347/288 2342/2342/283
f 2346/2346/287 2342/2342/283 2345/2345/286
f 2348/2348/289 2342/2342/283 2347/2347/288
f 2347/2347/288 2349/2349/290 2348/2348/289
f 2342/2342/283 2348/2348/289 2335/2335/276
f 2335/2335/276 2333/2333/274 2342/2342/283
f 2350/2350/291 2348/2348/289 2349/2349/290
f 2349/2349/290 2351/2351/292 2350/2350/291
f 2352/2352/293 2350/2350/291 2351/2351/292
f 2351/2351/292 2353/2353/294 2352/2352/293
f 2350/2350/291 2352/2352/293 2354/2354/295
f 2354/2354/295 2355/2355/296 2350/2350/291
f 2348/2348/289 2350/2350/291 2355/2355/296
f 2355/2355/296 2335/2335/276 2348/2348/289
f 2356/2356/297 2329/2329/270 2335/2335/276
f 2335/2335/276 2355/2355/296 2356/2356/297
f 2357/2357/298 2356/2356/297 2355/2355/296
f 2355/2355/296 2354/2354/295 2357/2357/298
f 2356/2356/297 2357/2357/298 2358/2358/299
f 2358/2358/299 2359/2359/300 2356/2356/297
f 2330/2330/271 2329/2329/270 2356/2356/297
f 2356/2356/297 2359/2359/300 2330/2330/271
f 2359/2359/300 2360/2360/301 2338/2338/279
f 2338/2338/279 2330/2330/271 2359/2359/300
f 2361/2361/302 2360/2360/301 2359/2359/300
f 2359/2359/300 2358/2358/299 2361/2361/302
f 2360/2360/301 2361/2361/302 2362/2362/303
f 2362/2362/303 2363/2363/304 2360/2360/301
f 2339/2339/280 2338/2338/279 2360/2360/301
f 2360/2360/301 2363/2363/304 2339/2339/280
f 2364/2364/305 2365/2365/306 2366/2366/307
f 2366/2366/307 2367/2367/308 2364/2364/305
f 2365/2365/306 2364/2364/305 2368/2368/309
f 2365/2365/306 2368/2368/309 2369/2369/310
f 2365/2365/306 2369/2369/310 2370/2370/311
f 2370/2370/311 2371/2371/312 2365/2365/306
f 2372/2372/313 2365/2365/306 2371/2371/312
f 2371/2371/312 2373/2373/314 2372/2372/313
f 2365/2365/306 2372/2372/313 2374/2374/315
f 2374/2374/315 2366/2366/307 2365/2365/306
f 2375/2375/316 2374/2374/315 2372/2372/313
f 2372/2372/313 2376/2376/317 2375/2375/316
f 2377/2377/318 2376/2376/317 2372/2372/313
f 2372/2372/313 2373/2373/314 2377/2377/318
f 2376/2376/317 2377/2377/318 2378/2378/319
f 2378/2378/319 2379/2379/320 2376/2376/317
f 2375/2375/316 2376/2376/317 2379/2379/320
f 2379/2379/320 2380/2380/321 2375/2375/316
f 2381/2381/322 2382/2382/323 2380/2380/321
f 2380/2380/321 2379/2379/320 2381/2381/322
f 2383/2383/324 2381/2381/322 2379/2379/320
f 2379/2379/320 2378/2378/319 2383/2383/324
f 2381/2381/322 2383/2383/324 2384/2384/325
f 2384/2384/325 2385/2385/326 2381/2381/322
f 2382/2382/323 2381/2381/322 2385/2385/326
f 2385/2385/326 2386/2386/327 2382/2382/323
f 2387/2387/328 2388/2388/329 2389/2389/330
f 2389/2389/330 2390/2390/331 2387/2387/328
f 2367/2367/308 2366/2366/307 2388/2388/329
f 2388/2388/329 2387/2387/328 2367/2367/308
f 2391/2391/332 2388/2388/329 2366/2366/307
f 2366/2366/307 2374/2374/315 2391/2391/332
f 2392/2392/333 2389/2389/330 2388/2388/329
f 2388/2388/329 2391/2391/332 2392/2392/333
f 2393/2393/334 2394/2394/335 2392/2392/333
f 2392/2392/333 2391/2391/332 2393/2393/334
f 2393/2393/334 2391/2391/332 2374/2374/315
f 2374/2374/315 2375/2375/316 2393/2393/334
f 2393/2393/334 2375/2375/316 2380/2380/321
f 2380/2380/321 2395/2395/336 2393/2393/334
f 2394/2394/335 2393/2393/334 2395/2395/336
f 2395/2395/336 2396/2396/337 2394/2394/335
f 2397/2397/338 2398/2398/339 2396/2396/337
f 2396/2396/337 2395/2395/336 2397/2397/338
f 2382/2382/323 2397/2397/338 2395/2395/336
f 2395/2395/336 2380/2380/321 2382/2382/323
f 2397/2397/338 2382/2382/323 2386/2386/327
f 2386/2386/327 2399/2399/340 2397/2397/338
f 2398/2398/339 2397/2397/338 2399/2399/340
f 2399/2399/340 2400/2400/341 2398/2398/339
f 2401/2401/342 2352/2352/293 2353/2353/294
f 2353/2353/294 2402/2402/343 2401/2401/342
f 2390/2390/331 2389/2389/330 2401/2401/342
f 2401/2401/342 2402/2402/343 2390/2390/331
f 2403/2403/344 2401/2401/342 2389/2389/330
f 2389/2389/330 2392/2392/333 2403/2403/344
f 2352/2352/293 2401/2401/342 2403/2403/344
f 2403/2403/344 2354/2354/295 2352/2352/293
f 2404/2404/345 2357/2357/298 2354/2354/295
f 2354/2354/295 2403/2403/344 2404/2404/345
f 2404/2404/345 2403/2403/344 2392/2392/333
f 2392/2392/333 2394/2394/335 2404/2404/345
f 2404/2404/345 2394/2394/335 2396/2396/337
f 2396/2396/337 2405/2405/346 2404/2404/345
f 2357/2357/298 2404/2404/345 2405/2405/346
f 2405/2405/346 2358/2358/299 2357/2357/298
f 2406/2406/347 2361/2361/302 2358/2358/299
f 2358/2358/299 2405/2405/346 2406/2406/347
f 2398/2398/339 2406/2406/347 2405/2405/346
f 2405/2405/346 2396/2396/337 2398/2398/339
f 2406/2406/347 2398/2398/339 2400/2400/341
f 2400/2400/341 2407/2407/348 2406/2406/347
f 2361/2361/302 2406/2406/347 2407/2407/348
f 2407/2407/348 2362/2362/303 2361/2361/302
f 2408/2408/349 2409/2409/349 2410/2410/349
f 2410/2410/349 2411/2411/349 2408/2408/349
f 2412/2412/350 2413/2413/350 2409/2409/350
f 2409/2409/350 2408/2408/350 2412/2412/350
f 2414/2414/351 2415/2415/351 2413/2413/351
f 2413/2413/351 2412/2412/351 2414/2414/351
f 2416/2416/352 2417/2417/352 2415/2415/352
f 2415/2415/352 2414/2414/352 2416/2416/352
f 2418/2418/353 2419/2419/353 2417/2417/353
f 2417/2417/353 2416/2416/353 2418/2418/353
f 2420/2420/354 2421/2421/354 2419/2419/354
f 2419/2419/354 2418/2418/354 2420/2420/354
f 2422/2422/355 2423/2423/355 2421/2421/355
f 2421/2421/355 2420/2420/355 2422/2422/355
f 2424/2424/356 2425/2425/356 2423/2423/356
f 2423/2423/356 2422/2422/356 2424/2424/356
f 2426/2426/357 2427/2427/357 2428/2428/357
f 2428/2428/357 2429/2429/357 2426/2426/357
f 2429/2429/358 2428/2428/358 2425/2425/358
f 2425/2425/358 2424/2424/358 2429/2429/358
f 2430/2430/359 2431/2431/359 2432/2432/359
f 2432/2432/359 2433/2433/359 2430/2430/359
f 2411/2411/360 2410/2410/360 2431/2431/360
f 2431/2431/360 2430/2430/360 2411/2411/360
f 2434/2434/361 2435/2435/361 2436/2436/361
f 2436/2436/361 2437/2437/361 2434/2434/361
f 2438/2438/362 2439/2439/362 2435/2435/362
f 2435/2435/362 2434/2434/362 2438/2438/362
f 2440/2440/363 2441/2441/363 2442/2442/363
f 2442/2442/363 2443/2443/363 2440/2440/363
f 2437/2437/364 2436/2436/364 2441/2441/364
f 2441/2441/364 2440/2440/364 2437/2437/364
f 2444/2444/365 2445/2445/365 2446/2446/365
f 2446/2446/365 2447/2447/365 2444/2444/365
f 2448/2448/366 2449/2449/366 2445/2445/366
f 2445/2445/366 2444/2444/366 2448/2448/366
f 2450/2450/367 2451/2451/367 2449/2449/367
f 2449/2449/367 2448/2448/367 2450/2450/367
f 2443/2443/368 2442/2442/368 2451/2451/368
f 2451/2451/368 2450/2450/368 2443/2443/368
f 2447/2447/369 2446/2446/369 2452/2452/369
f 2452/2452/369 2453/2453/369 2447/2447/369
f 2453/2453/370 2452/2452/370 2454/2454/370
f 2454/2454/370 2455/2455/370 2453/2453/370
f 2456/2456/371 2457/2457/371 2439/2439/371
f 2439/2439/371 2438/2438/371 2456/2456/371
f 2433/2433/372 2432/2432/372 2457/2457/372
f 2457/2457/372 2456/2456/372 2433/2433/372
f 2458/2458/373 2459/2459/373 2460/2460/373
f 2460/2460/373 2461/2461/373 2458/2458/373
f 2461/2461/374 2460/2460/374 2462/2462/374
f 2462/2462/374 2463/2463/374 2461/2461/374
f 2463/2463/375 2462/2462/375 2464/2464/375
f 2464/2464/375 2465/2465/375 2463/2463/375
f 2465/2465/376 2464/2464/376 2466/2466/376
f 2466/2466/376 2467/2467/376 2465/2465/376
f 2468/2468/377 2469/2469/377 2470/2470/377
f 2470/2470/377 2471/2471/377 2468/2468/377
f 2467/2467/378 2466/2466/378 2469/2469/378
f 2469/2469/378 2468/2468/378 2467/2467/378
f 2471/2471/379 2470/2470/379 2472/2472/379
f 2472/2472/379 2473/2473/379 2471/2471/379
f 2473/2473/380 2472/2472/380 2474/2474/380
f 2474/2474/380 2475/2475/380 2473/2473/380
f 2476/2476/381 2477/2477/381 2478/2478/381
f 2478/2478/381 2479/2479/381 2476/2476/381
f 2475/2475/382 2474/2474/382 2477/2477/382
f 2477/2477/382 2476/2476/382 2475/2475/382
f 2480/2480/383 2481/2481/383 2482/2482/383
f 2482/2482/383 2483/2483/383 2480/2480/383
f 2483/2483/384 2482/2482/384 2459/2459/384
f 2459/2459/384 2458/2458/384 2483/2483/384
f 2484/2484/385 2485/2485/385 2486/2486/385
f 2486/2486/385 2487/2487/385 2484/2484/385
f 2487/2487/386 2486/2486/386 2488/2488/386
f 2488/2488/386 2489/2489/386 2487/2487/386
f 2490/2490/387 2491/2491/387 2492/2492/387
f 2492/2492/387 2493/2493/387 2490/2490/387
f 2493/2493/388 2492/2492/388 2485/2485/388
f 2485/2485/388 2484/2484/388 2493/2493/388
f 2494/2494/389 2495/2495/389 2496/2496/389
f 2496/2496/389 2497/2497/389 2494/2494/389
f 2498/2498/390 2499/2499/390 2495/2495/390
f 2495/2495/390 2494/2494/390 2498/2498/390
f 2497/2497/391 2496/2496/391 2500/2500/391
f 2500/2500/391 2501/2501/391 2497/2497/391
f 2501/2501/392 2500/2500/392 2491/2491/392
f 2491/2491/392 2490/2490/392 2501/2501/392
f 2502/2502/393 2503/2503/393 2499/2499/393
f 2499/2499/393 2498/2498/393 2502/2502/393
f 2504/2504/370 2505/2505/370 2503/2503/370
f 2503/2503/370 2502/2502/370 2504/2504/370
f 2489/2489/394 2488/2488/394 2506/2506/394
f 2506/2506/394 2507/2507/394 2489/2489/394
f 2507/2507/395 2506/2506/395 2481/2481/395
f 2481/2481/395 2480/2480/395 2507/2507/395
f 2508/2508/396 2509/2509/396 2510/2510/396
f 2510/2510/396 2511/2511/396 2508/2508/396
f 2512/2512/397 2513/2513/397 2509/2509/397
f 2509/2509/397 2508/2508/397 2512/2512/397
f 2514/2514/398 2515/2515/398 2513/2513/398
f 2513/2513/398 2512/2512/398 2514/2514/398
f 2516/2516/399 2517/2517/399 2515/2515/399
f 2515/2515/399 2514/2514/399 2516/2516/399
f 2518/2518/400 2519/2519/400 2517/2517/400
f 2517/2517/400 2516/2516/400 2518/2518/400
f 2520/2520/401 2521/2521/401 2519/2519/401
f 2519/2519/401 2518/2518/401 2520/2520/401
f 2522/2522/402 2523/2523/402 2521/2521/402
f 2521/2521/402 2520/2520/402 2522/2522/402
f 2524/2524/403 2525/2525/403 2523/2523/403
f 2523/2523/403 2522/2522/403 2524/2524/403
f 2526/2526/404 2527/2527/404 2528/2528/404
f 2528/2528/404 2529/2529/404 2526/2526/404
f 2529/2529/405 2528/2528/405 2525/2525/405
f 2525/2525/405 2524/2524/405 2529/2529/405
f 2530/2530/130 2531/2531/130 2532/2532/130
f 2532/2532/130 2533/2533/130 2530/2530/130
f 2511/2511/406 2510/2510/406 2531/2531/406
f 2531/2531/406 2530/2530/406 2511/2511/406
f 2534/2534/407 2535/2535/407 2536/2536/407
f 2536/2536/407 2537/2537/407 2534/2534/407
f 2538/2538/408 2539/2539/408 2535/2535/408
f 2535/2535/408 2534/2534/408 2538/2538/408
f 2540/2540/409 2541/2541/409 2542/2542/409
f 2542/2542/409 2543/2543/409 2540/2540/409
f 2537/2537/410 2536/2536/410 2541/2541/410
f 2541/2541/410 2540/2540/410 2537/2537/410
f 2544/2544/411 2545/2545/411 2546/2546/411
f 2546/2546/411 2547/2547/411 2544/2544/411
f 2548/2548/412 2549/2549/412 2545/2545/412
f 2545/2545/412 2544/2544/412 2548/2548/412
f 2550/2550/413 2551/2551/413 2549/2549/413
f 2549/2549/413 2548/2548/413 2550/2550/413
f 2543/2543/414 2542/2542/414 2551/2551/414
f 2551/2551/414 2550/2550/414 2543/2543/414
f 2547/2547/415 2546/2546/415 2552/2552/415
f 2552/2552/415 2553/2553/415 2547/2547/415
f 2553/2553/416 2552/2552/416 2554/2554/416
f 2554/2554/416 2555/2555/416 2553/2553/416
f 2556/2556/417 2557/2557/417 2539/2539/417
f 2539/2539/417 2538/2538/417 2556/2556/417
f 2533/2533/130 2532/2532/130 2557/2557/130
f 2557/2557/130 2556/2556/130 2533/2533/130
f 2558/2558/418 2559/2559/418 2560/2560/418
f 2560/2560/418 2561/2561/418 2558/2558/418
f 2561/2561/419 2560/2560/419 2562/2562/419
f 2562/2562/419 2563/2563/419 2561/2561/419
f 2563/2563/420 2562/2562/420 2564/2564/420
f 2564/2564/420 2565/2565/420 2563/2563/420
f 2565/2565/421 2564/2564/421 2566/2566/421
f 2566/2566/421 2567/2567/421 2565/2565/421
f 2568/2568/422 2569/2569/422 2570/2570/422
f 2570/2570/422 2571/2571/422 2568/2568/422
f 2567/2567/423 2566/2566/423 2569/2569/423
f 2569/2569/423 2568/2568/423 2567/2567/423
f 2571/2571/424 2570/2570/424 2572/2572/424
f 2572/2572/424 2573/2573/424 2571/2571/424
f 2573/2573/425 2572/2572/425 2574/2574/425
f 2574/2574/425 2575/2575/425 2573/2573/425
f 2576/2576/426 2577/2577/426 2578/2578/426
f 2578/2578/426 2579/2579/426 2576/2576/426
f 2575/2575/427 2574/2574/427 2577/2577/427
f 2577/2577/427 2576/2576/427 2575/2575/427
f 2580/2580/53 2581/2581/53 2582/2582/53
f 2582/2582/53 2583/2583/53 2580/2580/53
f 2583/2583/428 2582/2582/428 2559/2559/428
f 2559/2559/428 2558/2558/428 2583/2583/428
f 2584/2584/429 2585/2585/429 2586/2586/429
f 2586/2586/429 2587/2587/429 2584/2584/429
f 2587/2587/430 2586/2586/430 2588/2588/430
f 2588/2588/430 2589/2589/430 2587/2587/430
f 2590/2590/431 2591/2591/431 2592/2592/431
f 2592/2592/431 2593/2593/431 2590/2590/431
f 2593/2593/432 2592/2592/432 2585/2585/432
f 2585/2585/432 2584/2584/432 2593/2593/432
f 2594/2594/433 2595/2595/433 2596/2596/433
f 2596/2596/433 2597/2597/433 2594/2594/433
f 2598/2598/434 2599/2599/434 2595/2595/434
f 2595/2595/434 2594/2594/434 2598/2598/434
f 2597/2597/435 2596/2596/435 2600/2600/435
f 2600/2600/435 2601/2601/435 2597/2597/435
f 2601/2601/436 2600/2600/436 2591/2591/436
f 2591/2591/436 2590/2590/436 2601/2601/436
f 2602/2602/437 2603/2603/437 2599/2599/437
f 2599/2599/437 2598/2598/437 2602/2602/437
f 2604/2604/438 2605/2605/438 2603/2603/438
f 2603/2603/438 2602/2602/438 2604/2604/438
f 2589/2589/439 2588/2588/439 2606/2606/439
f 2606/2606/439 2607/2607/439 2589/2589/439
f 2607/2607/53 2606/2606/53 2581/2581/53
f 2581/2581/53 2580/2580/53 2607/2607/53
f 2608/2608/440 2508/2508/440 2511/2511/440
f 2511/2511/440 2609/2609/440 2608/2608/440
f 2610/2610/441 2512/2512/441 2508/2508/441
f 2508/2508/441 2608/2608/441 2610/2610/441
f 2611/2611/442 2514/2514/442 2512/2512/442
f 2512/2512/442 2610/2610/442 2611/2611/442
f 2612/2612/443 2516/2516/443 2514/2514/443
f 2514/2514/443 2611/2611/443 2612/2612/443
f 2613/2613/444 2518/2518/444 2516/2516/444
f 2516/2516/444 2612/2612/444 2613/2613/444
f 2614/2614/445 2520/2520/445 2518/2518/445
f 2518/2518/445 2613/2613/445 2614/2614/445
f 2615/2615/446 2522/2522/446 2520/2520/446
f 2520/2520/446 2614/2614/446 2615/2615/446
f 2616/2616/447 2524/2524/447 2522/2522/447
f 2522/2522/447 2615/2615/447 2616/2616/447
f 2617/2617/448 2526/2526/448 2529/2529/448
f 2529/2529/448 2618/2618/448 2617/2617/448
f 2618/2618/449 2529/2529/449 2524/2524/449
f 2524/2524/449 2616/2616/449 2618/2618/449
f 2619/2619/450 2530/2530/450 2533/2533/450
f 2533/2533/450 2620/2620/450 2619/2619/450
f 2609/2609/451 2511/2511/451 2530/2530/451
f 2530/2530/451 2619/2619/451 2609/2609/451
f 2621/2621/452 2534/2534/452 2537/2537/452
f 2537/2537/452 2622/2622/452 2621/2621/452
f 2623/2623/453 2538/2538/453 2534/2534/453
f 2534/2534/453 2621/2621/453 2623/2623/453
f 2624/2624/454 2540/2540/454 2543/2543/454
f 2543/2543/454 2625/2625/454 2624/2624/454
f 2622/2622/455 2537/2537/455 2540/2540/455
f 2540/2540/455 2624/2624/455 2622/2622/455
f 2626/2626/456 2544/2544/456 2547/2547/456
f 2547/2547/456 2627/2627/456 2626/2626/456
f 2628/2628/457 2548/2548/457 2544/2544/457
f 2544/2544/457 2626/2626/457 2628/2628/457
f 2629/2629/458 2550/2550/458 2548/2548/458
f 2548/2548/458 2628/2628/458 2629/2629/458
f 2625/2625/459 2543/2543/459 2550/2550/459
f 2550/2550/459 2629/2629/459 2625/2625/459
f 2627/2627/460 2547/2547/460 2553/2553/460
f 2553/2553/460 2630/2630/460 2627/2627/460
f 2630/2630/461 2553/2553/461 2555/2555/461
f 2555/2555/461 2631/2631/461 2630/2630/461
f 2632/2632/462 2556/2556/462 2538/2538/462
f 2538/2538/462 2623/2623/462 2632/2632/462
f 2620/2620/463 2533/2533/463 2556/2556/463
f 2556/2556/463 2632/2632/463 2620/2620/463
f 2633/2633/464 2558/2558/464 2561/2561/464
f 2561/2561/464 2634/2634/464 2633/2633/464
f 2634/2634/465 2561/2561/465 2563/2563/465
f 2563/2563/465 2635/2635/465 2634/2634/465
f 2635/2635/466 2563/2563/466 2565/2565/466
f 2565/2565/466 2636/2636/466 2635/2635/466
f 2636/2636/467 2565/2565/467 2567/2567/467
f 2567/2567/467 2637/2637/467 2636/2636/467
f 2638/2638/468 2568/2568/468 2571/2571/468
f 2571/2571/468 2639/2639/468 2638/2638/468
f 2637/2637/469 2567/2567/469 2568/2568/469
f 2568/2568/469 2638/2638/469 2637/2637/469
f 2639/2639/470 2571/2571/470 2573/2573/470
f 2573/2573/470 2640/2640/470 2639/2639/470
f 2640/2640/471 2573/2573/471 2575/2575/471
f 2575/2575/471 2641/2641/471 2640/2640/471
f 2642/2642/472 2576/2576/472 2579/2579/472
f 2579/2579/472 2643/2643/472 2642/2642/472
f 2641/2641/473 2575/2575/473 2576/2576/473
f 2576/2576/473 2642/2642/473 2641/2641/473
f 2644/2644/474 2580/2580/474 2583/2583/474
f 2583/2583/474 2645/2645/474 2644/2644/474
f 2645/2645/475 2583/2583/475 2558/2558/475
f 2558/2558/475 2633/2633/475 2645/2645/475
f 2646/2646/476 2584/2584/476 2587/2587/476
f 2587/2587/476 2647/2647/476 2646/2646/476
f 2647/2647/477 2587/2587/477 2589/2589/477
f 2589/2589/477 2648/2648/477 2647/2647/477
f 2649/2649/478 2590/2590/478 2593/2593/478
f 2593/2593/478 2650/2650/478 2649/2649/478
f 2650/2650/479 2593/2593/479 2584/2584/479
f 2584/2584/479 2646/2646/479 2650/2650/479
f 2651/2651/480 2594/2594/480 2597/2597/480
f 2597/2597/480 2652/2652/480 2651/2651/480
f 2653/2653/481 2598/2598/481 2594/2594/481
f 2594/2594/481 2651/2651/481 2653/2653/481
f 2652/2652/482 2597/2597/482 2601/2601/482
f 2601/2601/482 2654/2654/482 2652/2652/482
f 2654/2654/483 2601/2601/483 2590/2590/483
f 2590/2590/483 2649/2649/483 2654/2654/483
f 2655/2655/484 2602/2602/484 2598/2598/484
f 2598/2598/484 2653/2653/484 2655/2655/484
f 2656/2656/485 2604/2604/485 2602/2602/485
f 2602/2602/485 2655/2655/485 2656/2656/485
f 2648/2648/486 2589/2589/486 2607/2607/486
f 2607/2607/486 2657/2657/486 2648/2648/486
f 2657/2657/487 2607/2607/487 2580/2580/487
f 2580/2580/487 2644/2644/487 2657/2657/487
f 2658/2658/488 2608/2608/488 2609/2609/488
f 2609/2609/488 2659/2659/488 2658/2658/488
f 2660/2660/489 2610/2610/489 2608/2608/489
f 2608/2608/489 2658/2658/489 2660/2660/489
f 2661/2661/490 2611/2611/490 2610/2610/490
f 2610/2610/490 2660/2660/490 2661/2661/490
f 2662/2662/491 2612/2612/491 2611/2611/491
f 2611/2611/491 2661/2661/491 2662/2662/491
f 2663/2663/492 2613/2613/492 2612/2612/492
f 2612/2612/492 2662/2662/492 2663/2663/492
f 2664/2664/493 2614/2614/493 2613/2613/493
f 2613/2613/493 2663/2663/493 2664/2664/493
f 2665/2665/494 2615/2615/494 2614/2614/494
f 2614/2614/494 2664/2664/494 2665/2665/494
f 2666/2666/495 2616/2616/495 2615/2615/495
f 2615/2615/495 2665/2665/495 2666/2666/495
f 2667/2667/496 2617/2617/496 2618/2618/496
f 2618/2618/496 2668/2668/496 2667/2667/496
f 2668/2668/497 2618/2618/497 2616/2616/497
f 2616/2616/497 2666/2666/497 2668/2668/497
f 2669/2669/498 2619/2619/498 2620/2620/498
f 2620/2620/498 2670/2670/498 2669/2669/498
f 2659/2659/499 2609/2609/499 2619/2619/499
f 2619/2619/499 2669/2669/499 2659/2659/499
f 2671/2671/500 2621/2621/500 2622/2622/500
f 2622/2622/500 2672/2672/500 2671/2671/500
f 2673/2673/501 2623/2623/501 2621/2621/501
f 2621/2621/501 2671/2671/501 2673/2673/501
f 2674/2674/502 2624/2624/502 2625/2625/502
f 2625/2625/502 2675/2675/502 2674/2674/502
f 2672/2672/503 2622/2622/503 2624/2624/503
f 2624/2624/503 2674/2674/503 2672/2672/503
f 2676/2676/504 2626/2626/504 2627/2627/504
f 2627/2627/504 2677/2677/504 2676/2676/504
f 2678/2678/505 2628/2628/505 2626/2626/505
f 2626/2626/505 2676/2676/505 2678/2678/505
f 2679/2679/506 2629/2629/506 2628/2628/506
f 2628/2628/506 2678/2678/506 2679/2679/506
f 2675/2675/507 2625/2625/507 2629/2629/507
f 2629/2629/507 2679/2679/507 2675/2675/507
f 2677/2677/508 2627/2627/508 2630/2630/508
f 2630/2630/508 2680/2680/508 2677/2677/508
f 2680/2680/509 2630/2630/509 2631/2631/509
f 2631/2631/509 2681/2681/509 2680/2680/509
f 2682/2682/510 2632/2632/510 2623/2623/510
f 2623/2623/510 2673/2673/510 2682/2682/510
f 2670/2670/511 2620/2620/511 2632/2632/511
f 2632/2632/511 2682/2682/511 2670/2670/511
f 2683/2683/512 2633/2633/512 2634/2634/512
f 2634/2634/512 2684/2684/512 2683/2683/512
f 2684/2684/513 2634/2634/513 2635/2635/513
f 2635/2635/513 2685/2685/513 2684/2684/513
f 2685/2685/514 2635/2635/514 2636/2636/514
f 2636/2636/514 2686/2686/514 2685/2685/514
f 2686/2686/515 2636/2636/515 2637/2637/515
f 2637/2637/515 2687/2687/515 2686/2686/515
f 2688/2688/516 2638/2638/516 2639/2639/516
f 2639/2639/516 2689/2689/516 2688/2688/516
f 2687/2687/517 2637/2637/517 2638/2638/517
f 2638/2638/517 2688/2688/517 2687/2687/517
f 2689/2689/518 2639/2639/518 2640/2640/518
f 2640/2640/518 2690/2690/518 2689/2689/518
f 2690/2690/519 2640/2640/519 2641/2641/519
f 2641/2641/519 2691/2691/519 2690/2690/519
f 2692/2692/520 2642/2642/520 2643/2643/520
f 2643/2643/520 2667/2667/520 2692/2692/520
f 2691/2691/521 2641/2641/521 2642/2642/521
f 2642/2642/521 2692/2692/521 2691/2691/521
f 2693/2693/522 2644/2644/522 2645/2645/522
f 2645/2645/522 2694/2694/522 2693/2693/522
f 2694/2694/523 2645/2645/523 2633/2633/523
f 2633/2633/523 2683/2683/523 2694/2694/523
f 2695/2695/524 2646/2646/524 2647/2647/524
f 2647/2647/524 2696/2696/524 2695/2695/524
f 2696/2696/525 2647/2647/525 2648/2648/525
f 2648/2648/525 2697/2697/525 2696/2696/525
f 2698/2698/526 2649/2649/526 2650/2650/526
f 2650/2650/526 2699/2699/526 2698/2698/526
f 2699/2699/527 2650/2650/527 2646/2646/527
f 2646/2646/527 2695/2695/527 2699/2699/527
f 2700/2700/528 2651/2651/528 2652/2652/528
f 2652/2652/528 2701/2701/528 2700/2700/528
f 2702/2702/529 2653/2653/529 2651/2651/529
f 2651/2651/529 2700/2700/529 2702/2702/529
f 2701/2701/530 2652/2652/530 2654/2654/530
f 2654/2654/530 2703/2703/530 2701/2701/530
f 2703/2703/531 2654/2654/531 2649/2649/531
f 2649/2649/531 2698/2698/531 2703/2703/531
f 2704/2704/532 2655/2655/532 2653/2653/532
f 2653/2653/532 2702/2702/532 2704/2704/532
f 2681/2681/533 2656/2656/533 2655/2655/533
f 2655/2655/533 2704/2704/533 2681/2681/533
f 2697/2697/534 2648/2648/534 2657/2657/534
f 2657/2657/534 2705/2705/534 2697/2697/534
f 2705/2705/535 2657/2657/535 2644/2644/535
f 2644/2644/535 2693/2693/535 2705/2705/535
f 2670/2670/255 2660/2660/255 2658/2658/255
f 2658/2658/255 2659/2659/255 2670/2670/255
f 2659/2659/255 2669/2669/255 2670/2670/255
f 2673/2673/255 2672/2672/255 2660/2660/255
f 2660/2660/255 2670/2670/255 2673/2673/255
f 2670/2670/255 2682/2682/255 2673/2673/255
f 2673/2673/255 2671/2671/255 2672/2672/255
f 2679/2679/255 2680/2680/255 2660/2660/255
f 2660/2660/255 2672/2672/255 2679/2679/255
f 2675/2675/255 2679/2679/255 2672/2672/255
f 2675/2675/255 2672/2672/255 2674/2674/255
f 2676/2676/255 2680/2680/255 2679/2679/255
f 2676/2676/255 2679/2679/255 2678/2678/255
f 2676/2676/255 2677/2677/255 2680/2680/255
f 2697/2697/255 2667/2667/255 2660/2660/255
f 2660/2660/255 2680/2680/255 2697/2697/255
f 2702/2702/255 2700/2700/255 2697/2697/255
f 2697/2697/255 2680/2680/255 2702/2702/255
f 2702/2702/255 2680/2680/255 2681/2681/255
f 2702/2702/255 2681/2681/255 2704/2704/255
f 2703/2703/255 2698/2698/255 2697/2697/255
f 2697/2697/255 2700/2700/255 2703/2703/255
f 2700/2700/255 2701/2701/255 2703/2703/255
f 2699/2699/255 2695/2695/255 2697/2697/255
f 2697/2697/255 2698/2698/255 2699/2699/255
f 2695/2695/255 2696/2696/255 2697/2697/255
f 2683/2683/255 2687/2687/255 2667/2667/255
f 2667/2667/255 2697/2697/255 2683/2683/255
f 2705/2705/255 2693/2693/255 2683/2683/255
f 2683/2683/255 2697/2697/255 2705/2705/255
f 2693/2693/255 2694/2694/255 2683/2683/255
f 2684/2684/255 2685/2685/255 2687/2687/255
f 2687/2687/255 2683/2683/255 2684/2684/255
f 2685/2685/255 2686/2686/255 2687/2687/255
f 2688/2688/255 2690/2690/255 2667/2667/255
f 2667/2667/255 2687/2687/255 2688/2688/255
f 2688/2688/255 2689/2689/255 2690/2690/255
f 2691/2691/255 2692/2692/255 2667/2667/255
f 2667/2667/255 2690/2690/255 2691/2691/255
f 2666/2666/255 2665/2665/255 2660/2660/255
f 2660/2660/255 2667/2667/255 2666/2666/255
f 2667/2667/255 2668/2668/255 2666/2666/255
f 2664/2664/255 2663/2663/255 2660/2660/255
f 2660/2660/255 2665/2665/255 2664/2664/255
f 2660/2660/255 2663/2663/255 2662/2662/255
f 2660/2660/255 2662/2662/255 2661/2661/255
f 2706/2706/536 2707/2707/536 2708/2708/536
f 2708/2708/536 2709/2709/536 2706/2706/536
f 2707/2707/537 2710/2710/538 2711/2711/538
f 2711/2711/538 2708/2708/539 2707/2707/537
f 2710/2710/540 2707/2707/537 2712/2712/541
f 2712/2712/541 2713/2713/541 2710/2710/540
f 2712/2712/542 2707/2707/537 2706/2706/543
f 2706/2706/543 2714/2714/544 2712/2712/542
f 2715/2715/545 2716/2716/545 2717/2717/545
f 2717/2717/545 2718/2718/545 2715/2715/545
f 2716/2716/546 2719/2719/547 2720/2720/547
f 2720/2720/547 2717/2717/548 2716/2716/546
f 2719/2719/549 2716/2716/546 2708/2708/539
f 2708/2708/539 2711/2711/550 2719/2719/549
f 2716/2716/546 2715/2715/551 2709/2709/552
f 2709/2709/552 2708/2708/539 2716/2716/546
f 2713/2713/553 2712/2712/542 2721/2721/554
f 2721/2721/554 2722/2722/554 2713/2713/553
f 2721/2721/555 2723/2723/556 2724/2724/556
f 2724/2724/556 2722/2722/557 2721/2721/555
f 2721/2721/555 2725/2725/558 2726/2726/558
f 2721/2721/555 2726/2726/558 2723/2723/559
f 2725/2725/560 2721/2721/555 2727/2727/561
f 2727/2727/561 2728/2728/561 2725/2725/560
f 2714/2714/562 2727/2727/563 2721/2721/555
f 2721/2721/555 2712/2712/542 2714/2714/562
f 2728/2728/564 2727/2727/563 2729/2729/565
f 2729/2729/565 2730/2730/565 2728/2728/564
f 2730/2730/566 2729/2729/567 2731/2731/568
f 2731/2731/568 2732/2732/568 2730/2730/566
f 2733/2733/569 2731/2731/570 2729/2729/567
f 2729/2729/567 2734/2734/569 2733/2733/569
f 2734/2734/571 2729/2729/567 2727/2727/563
f 2727/2727/563 2714/2714/562 2734/2734/571
f 2714/2714/562 2706/2706/543 2735/2735/572
f 2735/2735/572 2734/2734/571 2714/2714/562
f 2734/2734/571 2735/2735/573 2736/2736/574
f 2736/2736/574 2733/2733/575 2734/2734/571
f 2737/2737/576 2736/2736/577 2735/2735/573
f 2735/2735/573 2738/2738/576 2737/2737/576
f 2735/2735/573 2706/2706/543 2709/2709/552
f 2709/2709/552 2738/2738/578 2735/2735/573
f 2715/2715/551 2739/2739/579 2738/2738/578
f 2738/2738/578 2709/2709/552 2715/2715/551
f 2738/2738/578 2739/2739/580 2740/2740/581
f 2740/2740/581 2737/2737/582 2738/2738/578
f 2741/2741/583 2740/2740/584 2739/2739/580
f 2739/2739/580 2742/2742/583 2741/2741/583
f 2739/2739/580 2715/2715/551 2718/2718/585
f 2718/2718/585 2742/2742/586 2739/2739/580
f 2743/2743/587 2744/2744/587 2745/2745/587
f 2745/2745/587 2746/2746/587 2743/2743/587
f 2744/2744/588 2747/2747/589 2748/2748/589
f 2744/2744/588 2748/2748/589 2745/2745/590
f 2749/2749/591 2747/2747/592 2744/2744/588
f 2744/2744/588 2750/2750/591 2749/2749/591
f 2750/2750/593 2744/2744/588 2751/2751/594
f 2751/2751/594 2752/2752/594 2750/2750/593
f 2753/2753/595 2751/2751/596 2744/2744/588
f 2744/2744/588 2743/2743/597 2753/2753/595
f 2751/2751/596 2753/2753/598 2754/2754/599
f 2754/2754/599 2755/2755/599 2751/2751/596
f 2751/2751/596 2755/2755/600 2756/2756/601
f 2756/2756/601 2752/2752/602 2751/2751/596
f 2757/2757/603 2756/2756/604 2755/2755/600
f 2755/2755/600 2758/2758/603 2757/2757/603
f 2758/2758/605 2755/2755/600 2754/2754/606
f 2754/2754/606 2759/2759/607 2758/2758/605
f 2759/2759/608 2760/2760/609 2761/2761/609
f 2761/2761/609 2758/2758/605 2759/2759/608
f 2758/2758/605 2761/2761/610 2762/2762/611
f 2762/2762/611 2757/2757/612 2758/2758/605
f 2763/2763/613 2762/2762/614 2761/2761/610
f 2761/2761/610 2764/2764/613 2763/2763/613
f 2764/2764/615 2761/2761/610 2760/2760/616
f 2760/2760/616 2765/2765/617 2764/2764/615
f 2766/2766/618 2767/2767/618 2768/2768/618
f 2768/2768/618 2769/2769/618 2766/2766/618
f 2767/2767/619 2743/2743/597 2746/2746/620
f 2746/2746/620 2768/2768/621 2767/2767/619
f 2743/2743/597 2767/2767/619 2770/2770/622
f 2770/2770/622 2753/2753/598 2743/2743/597
f 2767/2767/619 2766/2766/623 2771/2771/624
f 2771/2771/624 2770/2770/625 2767/2767/619
f 2771/2771/626 2772/2772/627 2773/2773/627
f 2773/2773/627 2770/2770/625 2771/2771/626
f 2753/2753/598 2770/2770/625 2773/2773/628
f 2773/2773/628 2754/2754/606 2753/2753/598
f 2759/2759/608 2754/2754/606 2773/2773/628
f 2773/2773/628 2774/2774/629 2759/2759/608
f 2774/2774/630 2773/2773/628 2772/2772/631
f 2772/2772/631 2775/2775/632 2774/2774/630
f 2775/2775/633 2776/2776/634 2777/2777/634
f 2777/2777/634 2774/2774/630 2775/2775/633
f 2774/2774/630 2777/2777/635 2760/2760/616
f 2760/2760/616 2759/2759/608 2774/2774/630
f 2765/2765/636 2760/2760/616 2777/2777/635
f 2777/2777/635 2778/2778/637 2765/2765/636
f 2778/2778/638 2777/2777/635 2776/2776/639
f 2776/2776/639 2779/2779/640 2778/2778/638
f 2732/2732/641 2731/2731/570 2780/2780/642
f 2780/2780/642 2781/2781/642 2732/2732/641
f 2780/2780/643 2766/2766/623 2769/2769/644
f 2769/2769/644 2781/2781/645 2780/2780/643
f 2766/2766/623 2780/2780/643 2782/2782/646
f 2782/2782/646 2771/2771/626 2766/2766/623
f 2782/2782/647 2780/2780/643 2731/2731/570
f 2731/2731/570 2733/2733/575 2782/2782/647
f 2733/2733/575 2736/2736/577 2783/2783/648
f 2783/2783/648 2782/2782/647 2733/2733/575
f 2771/2771/626 2782/2782/647 2783/2783/649
f 2783/2783/649 2772/2772/631 2771/2771/626
f 2775/2775/633 2772/2772/631 2783/2783/649
f 2783/2783/649 2784/2784/650 2775/2775/633
f 2784/2784/651 2783/2783/649 2736/2736/577
f 2736/2736/577 2737/2737/582 2784/2784/651
f 2737/2737/582 2740/2740/584 2785/2785/652
f 2785/2785/652 2784/2784/651 2737/2737/582
f 2784/2784/651 2785/2785/653 2776/2776/639
f 2776/2776/639 2775/2775/633 2784/2784/651
f 2779/2779/654 2776/2776/639 2785/2785/653
f 2785/2785/653 2786/2786/655 2779/2779/654
f 2786/2786/656 2785/2785/653 2740/2740/584
f 2740/2740/584 2741/2741/657 2786/2786/656
f 2787/2787/658 2788/2788/659 2789/2789/659
f 2789/2789/659 2790/2790/658 2787/2787/658
f 2791/2791/660 2787/2787/658 2790/2790/658
f 2790/2790/658 2792/2792/660 2791/2791/660
f 2793/2793/661 2791/2791/660 2792/2792/660
f 2792/2792/660 2794/2794/662 2793/2793/661
f 2795/2795/663 2793/2793/661 2794/2794/662
f 2794/2794/662 2796/2796/664 2795/2795/663
f 2797/2797/665 2795/2795/663 2796/2796/664
f 2796/2796/664 2798/2798/666 2797/2797/665
f 2799/2799/667 2797/2797/665 2798/2798/666
f 2798/2798/666 2800/2800/667 2799/2799/667
f 2801/2801/668 2802/2802/669 2803/2803/670
f 2803/2803/670 2804/2804/670 2801/2801/668
f 2805/2805/671 2806/2806/672 2802/2802/669
f 2802/2802/669 2801/2801/668 2805/2805/671
f 2807/2807/673 2808/2808/674 2806/2806/672
f 2806/2806/672 2805/2805/671 2807/2807/673
f 2809/2809/675 2810/2810/675 2808/2808/674
f 2808/2808/674 2807/2807/673 2809/2809/675
f 2811/2811/676 2810/2810/675 2809/2809/675
f 2809/2809/675 2812/2812/676 2811/2811/676
f 2813/2813/677 2811/2811/676 2812/2812/676
f 2812/2812/676 2814/2814/677 2813/2813/677
f 2815/2815/678 2813/2813/679 2814/2814/679
f 2814/2814/679 2816/2816/678 2815/2815/678
f 2817/2817/679 2815/2815/678 2816/2816/678
f 2816/2816/678 2818/2818/679 2817/2817/679
f 2819/2819/679 2817/2817/679 2818/2818/679
f 2818/2818/679 2820/2820/679 2819/2819/679
f 2821/2821/679 2822/2822/679 2819/2819/679
f 2819/2819/679 2820/2820/679 2821/2821/679
f 2823/2823/679 2824/2824/679 2822/2822/679
f 2822/2822/679 2821/2821/679 2823/2823/679
f 2825/2825/679 2826/2826/679 2824/2824/679
f 2824/2824/679 2823/2823/679 2825/2825/679
f 2827/2827/679 2826/2826/679 2825/2825/679
f 2825/2825/679 2828/2828/679 2827/2827/679
f 2829/2829/679 2827/2827/679 2828/2828/679
f 2828/2828/679 2830/2830/679 2829/2829/679
f 2831/2831/679 2829/2829/679 2830/2830/679
f 2830/2830/679 2832/2832/679 2831/2831/679
f 2788/2788/679 2831/2831/679 2832/2832/679
f 2832/2832/679 2789/2789/679 2788/2788/679
f 2833/2833/680 2834/2834/681 2835/2835/681
f 2835/2835/681 2836/2836/681 2833/2833/680
f 2837/2837/682 2838/2838/683 2834/2834/681
f 2834/2834/681 2833/2833/680 2837/2837/682
f 2839/2839/684 2840/2840/685 2838/2838/683
f 2838/2838/683 2837/2837/682 2839/2839/684
f 2841/2841/686 2842/2842/687 2840/2840/685
f 2840/2840/685 2839/2839/684 2841/2841/686
f 2843/2843/688 2844/2844/689 2842/2842/687
f 2842/2842/687 2841/2841/686 2843/2843/688
f 2845/2845/690 2846/2846/691 2844/2844/689
f 2844/2844/689 2843/2843/688 2845/2845/690
f 2847/2847/692 2846/2846/691 2845/2845/690
f 2845/2845/690 2848/2848/693 2847/2847/692
f 2849/2849/694 2847/2847/692 2848/2848/693
f 2848/2848/693 2850/2850/695 2849/2849/694
f 2851/2851/696 2849/2849/694 2850/2850/695
f 2850/2850/695 2852/2852/697 2851/2851/696
f 2853/2853/698 2851/2851/696 2852/2852/697
f 2852/2852/697 2854/2854/699 2853/2853/698
f 2855/2855/700 2853/2853/698 2854/2854/699
f 2854/2854/699 2856/2856/701 2855/2855/700
f 2857/2857/702 2855/2855/700 2856/2856/701
f 2856/2856/701 2858/2858/703 2857/2857/702
f 2859/2859/704 2857/2857/702 2858/2858/703
f 2858/2858/703 2860/2860/705 2859/2859/704
f 2803/2803/704 2859/2859/704 2860/2860/705
f 2860/2860/705 2804/2804/704 2803/2803/704
# Vertices: 2860, normals: 705, texture coordinates: 2860, faces: 3198

